latitude,longitude,bright_ti4,scan,track,acq_date,acq_time,satellite,instrument,confidence,version,bright_ti5,frp,daynight,date_end,date_complete,brightness,bright_t31
44.89697,-1.03611,367.0,0.4,0.37,2026-07-22,1249,N20,VIIRS,h,2.0NRT,329.29,83.34,D,2026-07-24 18:04:53,2026-07-22 14:49:00,,
44.89782,-1.03115,367.0,0.4,0.37,2026-07-22,1249,N20,VIIRS,h,2.0NRT,365.4,126.53,D,2026-07-24 18:04:53,2026-07-22 14:49:00,,
44.89867,-1.02619,367.0,0.4,0.37,2026-07-22,1249,N20,VIIRS,h,2.0NRT,340.92,126.53,D,2026-07-24 18:04:53,2026-07-22 14:49:00,,
44.90112,-1.03227,348.58,0.4,0.37,2026-07-22,1249,N20,VIIRS,n,2.0NRT,320.82,48.27,D,2026-07-24 18:04:53,2026-07-22 14:49:00,,
44.90197,-1.02732,367.0,0.4,0.37,2026-07-22,1249,N20,VIIRS,h,2.0NRT,349.11,48.27,D,2026-07-24 18:04:53,2026-07-22 14:49:00,,
44.90282,-1.02237,343.59,0.4,0.37,2026-07-22,1249,N20,VIIRS,n,2.0NRT,316.19,19.33,D,2026-07-24 18:04:53,2026-07-22 14:49:00,,
44.86945,-1.06051,,1.13,1.06,2026-07-22,1514,Aqua,MODIS,67,6.1NRT,,21.94,D,2026-07-24 18:04:55,2026-07-22 17:14:00,327.22,291.46
44.87111,-1.04663,,1.13,1.06,2026-07-22,1514,Aqua,MODIS,91,6.1NRT,,52.84,D,2026-07-24 18:04:55,2026-07-22 17:14:00,344.46,290.22
44.87868,-1.06275,,1.13,1.06,2026-07-22,1514,Aqua,MODIS,100,6.1NRT,,505.19,D,2026-07-24 18:04:55,2026-07-22 17:14:00,423.76,312.1
44.88036,-1.04885,,1.13,1.06,2026-07-22,1514,Aqua,MODIS,100,6.1NRT,,1056.64,D,2026-07-24 18:04:55,2026-07-22 17:14:00,462.48,336.59
44.88203,-1.03494,,1.14,1.06,2026-07-22,1514,Aqua,MODIS,100,6.1NRT,,305.88,D,2026-07-24 18:04:55,2026-07-22 17:14:00,401.27,307.72
44.8837,-1.02102,,1.14,1.06,2026-07-22,1514,Aqua,MODIS,26,6.1NRT,,12.02,D,2026-07-24 18:04:55,2026-07-22 17:14:00,318.71,286.72
44.88792,-1.06498,,1.13,1.06,2026-07-22,1514,Aqua,MODIS,95,6.1NRT,,69.59,D,2026-07-24 18:04:55,2026-07-22 17:14:00,351.71,302.19
44.8896,-1.05108,,1.13,1.06,2026-07-22,1514,Aqua,MODIS,100,6.1NRT,,581.02,D,2026-07-24 18:04:55,2026-07-22 17:14:00,430.71,327.98
44.89128,-1.03717,,1.14,1.06,2026-07-22,1514,Aqua,MODIS,100,6.1NRT,,389.84,D,2026-07-24 18:04:55,2026-07-22 17:14:00,411.85,325.8
44.89296,-1.02325,,1.14,1.06,2026-07-22,1514,Aqua,MODIS,92,6.1NRT,,55.07,D,2026-07-24 18:04:55,2026-07-22 17:14:00,345.37,294.14
44.89885,-1.05331,,1.13,1.06,2026-07-22,1514,Aqua,MODIS,74,6.1NRT,,37.14,D,2026-07-24 18:04:55,2026-07-22 17:14:00,337.96,298.72
44.90053,-1.03939,,1.14,1.06,2026-07-22,1514,Aqua,MODIS,100,6.1NRT,,110.37,D,2026-07-24 18:04:55,2026-07-22 17:14:00,364.35,302.41
44.90221,-1.02548,,1.14,1.06,2026-07-22,1514,Aqua,MODIS,57,6.1NRT,,18.98,D,2026-07-24 18:04:55,2026-07-22 17:14:00,324.04,292.68
44.85111,-1.0593,,1.44,1.19,2026-07-22,1957,Terra,MODIS,32,6.1NRT,,13.82,N,2026-07-24 18:04:55,2026-07-22 21:57:00,309.0,278.2
44.85796,-1.08056,,1.45,1.19,2026-07-22,1957,Terra,MODIS,100,6.1NRT,,201.02,N,2026-07-24 18:04:55,2026-07-22 21:57:00,370.86,284.13
44.86125,-1.06319,,1.44,1.19,2026-07-22,1957,Terra,MODIS,100,6.1NRT,,667.82,N,2026-07-24 18:04:55,2026-07-22 21:57:00,419.63,297.67
44.86453,-1.04588,,1.44,1.19,2026-07-22,1957,Terra,MODIS,100,6.1NRT,,96.34,N,2026-07-24 18:04:55,2026-07-22 21:57:00,347.8,286.54
44.86811,-1.08447,,1.45,1.19,2026-07-22,1957,Terra,MODIS,100,6.1NRT,,66.26,N,2026-07-24 18:04:55,2026-07-22 21:57:00,338.59,282.61
44.8714,-1.0671,,1.44,1.19,2026-07-22,1957,Terra,MODIS,100,6.1NRT,,509.53,N,2026-07-24 18:04:55,2026-07-22 21:57:00,407.47,302.83
44.87467,-1.04977,,1.44,1.19,2026-07-22,1957,Terra,MODIS,100,6.1NRT,,360.79,N,2026-07-24 18:04:55,2026-07-22 21:57:00,393.01,309.35
44.87792,-1.03249,,1.44,1.19,2026-07-22,1957,Terra,MODIS,100,6.1NRT,,169.21,N,2026-07-24 18:04:55,2026-07-22 21:57:00,364.99,294.53
44.88154,-1.071,,1.44,1.19,2026-07-22,1957,Terra,MODIS,100,6.1NRT,,98.37,N,2026-07-24 18:04:55,2026-07-22 21:57:00,348.88,291.87
44.8848,-1.05367,,1.44,1.19,2026-07-22,1957,Terra,MODIS,100,6.1NRT,,135.65,N,2026-07-24 18:04:55,2026-07-22 21:57:00,358.32,302.7
44.88805,-1.03638,,1.44,1.19,2026-07-22,1957,Terra,MODIS,100,6.1NRT,,168.24,N,2026-07-24 18:04:55,2026-07-22 21:57:00,364.99,299.69
44.89044,-1.06216,,1.44,1.19,2026-07-22,1957,Terra,MODIS,84,6.1NRT,,46.53,N,2026-07-24 18:04:55,2026-07-22 21:57:00,330.28,291.69
44.89129,-1.01911,,1.43,1.18,2026-07-22,1957,Terra,MODIS,100,6.1NRT,,59.42,N,2026-07-24 18:04:55,2026-07-22 21:57:00,334.64,285.12
44.89376,-1.04491,,1.44,1.19,2026-07-22,1957,Terra,MODIS,100,6.1NRT,,91.88,N,2026-07-24 18:04:55,2026-07-22 21:57:00,346.84,296.74
44.89494,-1.05757,,1.44,1.19,2026-07-22,1957,Terra,MODIS,100,6.1NRT,,80.37,N,2026-07-24 18:04:55,2026-07-22 21:57:00,343.74,290.34
44.89709,-1.02766,,1.43,1.18,2026-07-22,1957,Terra,MODIS,100,6.1NRT,,88.19,N,2026-07-24 18:04:55,2026-07-22 21:57:00,345.15,286.35
44.89817,-1.04028,,1.44,1.19,2026-07-22,1957,Terra,MODIS,100,6.1NRT,,69.9,N,2026-07-24 18:04:55,2026-07-22 21:57:00,340.05,288.78
44.90141,-1.02299,,1.43,1.18,2026-07-22,1957,Terra,MODIS,100,6.1NRT,,50.69,N,2026-07-24 18:04:55,2026-07-22 21:57:00,331.64,279.67
44.90389,-1.04879,,1.44,1.19,2026-07-22,1957,Terra,MODIS,34,6.1NRT,,13.34,N,2026-07-24 18:04:55,2026-07-22 21:57:00,308.83,282.29
44.9072,-1.03155,,1.43,1.18,2026-07-22,1957,Terra,MODIS,44,6.1NRT,,9.47,N,2026-07-24 18:04:55,2026-07-22 21:57:00,304.32,279.23
44.90122,-1.03395,348.39,0.44,0.62,2026-07-22,1155,N21,VIIRS,n,2.0NRT,303.11,38.87,D,2026-07-24 18:04:57,2026-07-22 13:55:00,,
44.90275,-1.02882,367.0,0.44,0.62,2026-07-22,1155,N21,VIIRS,h,2.0NRT,326.59,38.87,D,2026-07-24 18:04:57,2026-07-22 13:55:00,,
44.90429,-1.02367,346.78,0.44,0.62,2026-07-22,1155,N21,VIIRS,n,2.0NRT,307.36,27.16,D,2026-07-24 18:04:57,2026-07-22 13:55:00,,
44.8916,-1.0322,354.57,0.58,0.52,2026-07-22,1336,N21,VIIRS,n,2.0NRT,303.57,45.33,D,2026-07-24 18:04:57,2026-07-22 15:36:00,,
44.89204,-1.02492,344.79,0.58,0.52,2026-07-22,1336,N21,VIIRS,n,2.0NRT,298.56,45.33,D,2026-07-24 18:04:57,2026-07-22 15:36:00,,
44.89551,-1.04736,335.99,0.57,0.52,2026-07-22,1336,N21,VIIRS,n,2.0NRT,298.67,307.56,D,2026-07-24 18:04:57,2026-07-22 15:36:00,,
44.89595,-1.04007,367.0,0.58,0.52,2026-07-22,1336,N21,VIIRS,l,2.0NRT,357.76,307.56,D,2026-07-24 18:04:57,2026-07-22 15:36:00,,
44.89639,-1.03279,367.0,0.58,0.52,2026-07-22,1336,N21,VIIRS,l,2.0NRT,335.32,231.02,D,2026-07-24 18:04:57,2026-07-22 15:36:00,,
44.89684,-1.02553,367.0,0.58,0.52,2026-07-22,1336,N21,VIIRS,l,2.0NRT,325.37,231.02,D,2026-07-24 18:04:57,2026-07-22 15:36:00,,
44.90073,-1.04067,367.0,0.58,0.52,2026-07-22,1336,N21,VIIRS,l,2.0NRT,326.48,307.56,D,2026-07-24 18:04:57,2026-07-22 15:36:00,,
44.90118,-1.03339,367.0,0.58,0.52,2026-07-22,1336,N21,VIIRS,h,2.0NRT,347.93,231.02,D,2026-07-24 18:04:57,2026-07-22 15:36:00,,
44.90163,-1.02609,353.8,0.58,0.52,2026-07-22,1336,N21,VIIRS,n,2.0NRT,321.32,231.02,D,2026-07-24 18:04:57,2026-07-22 15:36:00,,
44.90207,-1.01881,337.66,0.58,0.52,2026-07-22,1336,N21,VIIRS,n,2.0NRT,302.94,16.63,D,2026-07-24 18:04:57,2026-07-22 15:36:00,,
44.90598,-1.03397,343.78,0.58,0.52,2026-07-22,1336,N21,VIIRS,n,2.0NRT,304.27,12.05,D,2026-07-24 18:04:57,2026-07-22 15:36:00,,
44.90642,-1.02669,342.16,0.58,0.52,2026-07-22,1336,N21,VIIRS,n,2.0NRT,306.11,12.05,D,2026-07-24 18:04:57,2026-07-22 15:36:00,,
44.89661,-1.02658,367.0,0.43,0.46,2026-07-22,1232,N,VIIRS,h,2.0NRT,320.97,58.0,D,2026-07-24 18:04:58,2026-07-22 14:32:00,,
44.89784,-1.02128,341.8,0.43,0.46,2026-07-22,1232,N,VIIRS,n,2.0NRT,306.55,58.0,D,2026-07-24 18:04:58,2026-07-22 14:32:00,,
44.89945,-1.03375,312.32,0.43,0.46,2026-07-22,1232,N,VIIRS,l,2.0NRT,315.37,103.97,D,2026-07-24 18:04:58,2026-07-22 14:32:00,,
44.90067,-1.02846,367.0,0.43,0.46,2026-07-22,1232,N,VIIRS,l,2.0NRT,335.97,58.0,D,2026-07-24 18:04:58,2026-07-22 14:32:00,,
44.9019,-1.02317,367.0,0.43,0.46,2026-07-22,1232,N,VIIRS,l,2.0NRT,331.08,58.0,D,2026-07-24 18:04:58,2026-07-22 14:32:00,,
44.88488,-1.04762,334.95,0.6,0.7,2026-07-22,1412,N,VIIRS,n,2.0NRT,296.28,29.08,D,2026-07-24 18:04:58,2026-07-22 16:12:00,,
44.88491,-1.03977,367.0,0.6,0.7,2026-07-22,1412,N,VIIRS,h,2.0NRT,306.89,45.53,D,2026-07-24 18:04:58,2026-07-22 16:12:00,,
44.88493,-1.03187,344.58,0.6,0.7,2026-07-22,1412,N,VIIRS,n,2.0NRT,295.68,45.53,D,2026-07-24 18:04:58,2026-07-22 16:12:00,,
44.88718,-1.04933,332.19,0.6,0.7,2026-07-22,1412,N,VIIRS,n,2.0NRT,296.29,108.63,D,2026-07-24 18:04:58,2026-07-22 16:12:00,,
44.88725,-1.04149,208.0,0.6,0.7,2026-07-22,1412,N,VIIRS,l,2.0NRT,317.31,108.63,D,2026-07-24 18:04:58,2026-07-22 16:12:00,,
44.88731,-1.03359,351.41,0.6,0.7,2026-07-22,1412,N,VIIRS,n,2.0NRT,308.59,143.96,D,2026-07-24 18:04:58,2026-07-22 16:12:00,,
44.88738,-1.0257,367.0,0.6,0.7,2026-07-22,1412,N,VIIRS,h,2.0NRT,297.72,143.96,D,2026-07-24 18:04:58,2026-07-22 16:12:00,,
44.88744,-1.01782,332.01,0.6,0.7,2026-07-22,1412,N,VIIRS,n,2.0NRT,294.32,17.04,D,2026-07-24 18:04:58,2026-07-22 16:12:00,,
44.89156,-1.03188,353.29,0.6,0.7,2026-07-22,1412,N,VIIRS,n,2.0NRT,308.37,195.84,D,2026-07-24 18:04:58,2026-07-22 16:12:00,,
44.89159,-1.02405,367.0,0.6,0.7,2026-07-22,1412,N,VIIRS,h,2.0NRT,295.72,36.45,D,2026-07-24 18:04:58,2026-07-22 16:12:00,,
44.89162,-1.01615,332.36,0.6,0.7,2026-07-22,1412,N,VIIRS,n,2.0NRT,292.44,36.45,D,2026-07-24 18:04:58,2026-07-22 16:12:00,,
44.8938,-1.0493,337.0,0.6,0.7,2026-07-22,1412,N,VIIRS,n,2.0NRT,294.93,112.46,D,2026-07-24 18:04:58,2026-07-22 16:12:00,,
44.89394,-1.03354,356.34,0.6,0.7,2026-07-22,1412,N,VIIRS,n,2.0NRT,315.56,86.12,D,2026-07-24 18:04:58,2026-07-22 16:12:00,,
44.89401,-1.0257,367.0,0.6,0.7,2026-07-22,1412,N,VIIRS,h,2.0NRT,304.43,86.12,D,2026-07-24 18:04:58,2026-07-22 16:12:00,,
44.89407,-1.01784,337.9,0.6,0.7,2026-07-22,1412,N,VIIRS,n,2.0NRT,293.16,21.93,D,2026-07-24 18:04:58,2026-07-22 16:12:00,,
44.89812,-1.04762,348.75,0.6,0.7,2026-07-22,1412,N,VIIRS,n,2.0NRT,296.91,202.48,D,2026-07-24 18:04:58,2026-07-22 16:12:00,,
44.89816,-1.03973,367.0,0.6,0.7,2026-07-22,1412,N,VIIRS,h,2.0NRT,329.61,195.84,D,2026-07-24 18:04:58,2026-07-22 16:12:00,,
44.89819,-1.03189,367.0,0.6,0.7,2026-07-22,1412,N,VIIRS,h,2.0NRT,305.56,195.84,D,2026-07-24 18:04:58,2026-07-22 16:12:00,,
44.89822,-1.02407,354.8,0.6,0.7,2026-07-22,1412,N,VIIRS,n,2.0NRT,295.5,36.45,D,2026-07-24 18:04:58,2026-07-22 16:12:00,,
44.9005,-1.04139,342.82,0.6,0.7,2026-07-22,1412,N,VIIRS,n,2.0NRT,298.92,112.46,D,2026-07-24 18:04:58,2026-07-22 16:12:00,,
44.90057,-1.03353,367.0,0.6,0.7,2026-07-22,1412,N,VIIRS,h,2.0NRT,313.2,86.12,D,2026-07-24 18:04:58,2026-07-22 16:12:00,,
44.90063,-1.02566,367.0,0.6,0.7,2026-07-22,1412,N,VIIRS,h,2.0NRT,301.26,86.12,D,2026-07-24 18:04:58,2026-07-22 16:12:00,,
44.90071,-1.01779,336.11,0.6,0.7,2026-07-22,1412,N,VIIRS,n,2.0NRT,293.06,21.93,D,2026-07-24 18:04:58,2026-07-22 16:12:00,,
44.90479,-1.03975,332.98,0.6,0.7,2026-07-22,1412,N,VIIRS,n,2.0NRT,292.49,13.46,D,2026-07-24 18:04:58,2026-07-22 16:12:00,,
44.90482,-1.0319,367.0,0.6,0.7,2026-07-22,1412,N,VIIRS,h,2.0NRT,298.94,13.46,D,2026-07-24 18:04:58,2026-07-22 16:12:00,,
44.90485,-1.02404,339.99,0.6,0.7,2026-07-22,1412,N,VIIRS,n,2.0NRT,297.19,17.65,D,2026-07-24 18:04:58,2026-07-22 16:12:00,,
44.81498,-1.12425,299.52,0.52,0.67,2026-07-23,105,N20,VIIRS,n,2.0NRT,278.52,0.84,N,2026-07-24 18:06:00,2026-07-23 03:05:00,,
44.81509,-1.13093,302.4,0.52,0.67,2026-07-23,105,N20,VIIRS,n,2.0NRT,280.72,1.07,N,2026-07-24 18:06:00,2026-07-23 03:05:00,,
44.8152,-1.13766,305.48,0.52,0.67,2026-07-23,105,N20,VIIRS,n,2.0NRT,282.36,1.07,N,2026-07-24 18:06:00,2026-07-23 03:05:00,,
44.81531,-1.14439,307.33,0.52,0.67,2026-07-23,105,N20,VIIRS,n,2.0NRT,283.77,1.48,N,2026-07-24 18:06:00,2026-07-23 03:05:00,,
44.81541,-1.15109,305.48,0.52,0.67,2026-07-23,105,N20,VIIRS,n,2.0NRT,285.98,1.48,N,2026-07-24 18:06:00,2026-07-23 03:05:00,,
44.81553,-1.15774,303.23,0.52,0.67,2026-07-23,105,N20,VIIRS,n,2.0NRT,285.51,2.36,N,2026-07-24 18:06:00,2026-07-23 03:05:00,,
44.8157,-1.1116,296.11,0.52,0.66,2026-07-23,105,N20,VIIRS,n,2.0NRT,277.02,1.5,N,2026-07-24 18:06:00,2026-07-23 03:05:00,,
44.81584,-1.11834,298.68,0.52,0.67,2026-07-23,105,N20,VIIRS,n,2.0NRT,279.6,1.5,N,2026-07-24 18:06:00,2026-07-23 03:05:00,,
44.81599,-1.12503,302.74,0.52,0.67,2026-07-23,105,N20,VIIRS,n,2.0NRT,278.85,6.04,N,2026-07-24 18:06:00,2026-07-23 03:05:00,,
44.81613,-1.13171,306.53,0.52,0.67,2026-07-23,105,N20,VIIRS,n,2.0NRT,281.54,6.04,N,2026-07-24 18:06:00,2026-07-23 03:05:00,,
44.81627,-1.13843,310.41,0.52,0.67,2026-07-23,105,N20,VIIRS,n,2.0NRT,282.78,34.56,N,2026-07-24 18:06:00,2026-07-23 03:05:00,,
44.81642,-1.14514,313.89,0.52,0.67,2026-07-23,105,N20,VIIRS,n,2.0NRT,284.38,34.56,N,2026-07-24 18:06:00,2026-07-23 03:05:00,,
44.81656,-1.15184,310.25,0.52,0.67,2026-07-23,105,N20,VIIRS,n,2.0NRT,285.91,10.37,N,2026-07-24 18:06:00,2026-07-23 03:05:00,,
44.81671,-1.15849,305.8,0.52,0.67,2026-07-23,105,N20,VIIRS,n,2.0NRT,285.26,10.37,N,2026-07-24 18:06:00,2026-07-23 03:05:00,,
44.81684,-1.16513,303.47,0.52,0.67,2026-07-23,105,N20,VIIRS,n,2.0NRT,285.76,1.88,N,2026-07-24 18:06:00,2026-07-23 03:05:00,,
44.82071,-1.09712,297.76,0.52,0.66,2026-07-23,105,N20,VIIRS,n,2.0NRT,276.67,1.45,N,2026-07-24 18:06:00,2026-07-23 03:05:00,,
44.82082,-1.10377,300.39,0.52,0.66,2026-07-23,105,N20,VIIRS,n,2.0NRT,275.26,3.39,N,2026-07-24 18:06:00,2026-07-23 03:05:00,,
44.82093,-1.11047,304.31,0.52,0.67,2026-07-23,105,N20,VIIRS,n,2.0NRT,277.27,3.39,N,2026-07-24 18:06:00,2026-07-23 03:05:00,,
44.82105,-1.1172,310.08,0.52,0.67,2026-07-23,105,N20,VIIRS,n,2.0NRT,278.45,15.22,N,2026-07-24 18:06:00,2026-07-23 03:05:00,,
44.82116,-1.12393,317.35,0.52,0.67,2026-07-23,105,N20,VIIRS,n,2.0NRT,280.88,15.22,N,2026-07-24 18:06:00,2026-07-23 03:05:00,,
44.82127,-1.13059,326.22,0.52,0.67,2026-07-23,105,N20,VIIRS,n,2.0NRT,282.7,48.46,N,2026-07-24 18:06:00,2026-07-23 03:05:00,,
44.82138,-1.13732,348.41,0.52,0.67,2026-07-23,105,N20,VIIRS,n,2.0NRT,287.48,48.46,N,2026-07-24 18:06:00,2026-07-23 03:05:00,,
44.82143,-1.09128,296.45,0.51,0.66,2026-07-23,105,N20,VIIRS,n,2.0NRT,277.1,0.67,N,2026-07-24 18:06:00,2026-07-23 03:05:00,,
44.82149,-1.14403,347.19,0.52,0.67,2026-07-23,105,N20,VIIRS,n,2.0NRT,304.57,43.72,N,2026-07-24 18:06:00,2026-07-23 03:05:00,,
44.82158,-1.09795,299.12,0.51,0.66,2026-07-23,105,N20,VIIRS,n,2.0NRT,277.5,1.11,N,2026-07-24 18:06:00,2026-07-23 03:05:00,,
44.8216,-1.15074,367.0,0.52,0.67,2026-07-23,105,N20,VIIRS,h,2.0NRT,286.88,43.72,N,2026-07-24 18:06:00,2026-07-23 03:05:00,,
44.82171,-1.15742,323.79,0.52,0.67,2026-07-23,105,N20,VIIRS,n,2.0NRT,284.84,4.21,N,2026-07-24 18:06:00,2026-07-23 03:05:00,,
44.82172,-1.10461,302.58,0.52,0.66,2026-07-23,105,N20,VIIRS,n,2.0NRT,276.64,1.11,N,2026-07-24 18:06:00,2026-07-23 03:05:00,,
44.82182,-1.1641,315.1,0.52,0.67,2026-07-23,105,N20,VIIRS,n,2.0NRT,287.06,4.21,N,2026-07-24 18:06:00,2026-07-23 03:05:00,,
44.82187,-1.1113,307.53,0.52,0.66,2026-07-23,105,N20,VIIRS,n,2.0NRT,278.93,1.5,N,2026-07-24 18:06:00,2026-07-23 03:05:00,,
44.82193,-1.17078,307.77,0.52,0.67,2026-07-23,105,N20,VIIRS,n,2.0NRT,286.75,1.08,N,2026-07-24 18:06:00,2026-07-23 03:05:00,,
44.82202,-1.11802,314.88,0.52,0.67,2026-07-23,105,N20,VIIRS,n,2.0NRT,278.77,1.5,N,2026-07-24 18:06:00,2026-07-23 03:05:00,,
44.82204,-1.1775,300.98,0.52,0.67,2026-07-23,105,N20,VIIRS,n,2.0NRT,285.54,1.08,N,2026-07-24 18:06:00,2026-07-23 03:05:00,,
44.82217,-1.12474,322.49,0.52,0.67,2026-07-23,105,N20,VIIRS,n,2.0NRT,281.5,6.04,N,2026-07-24 18:06:00,2026-07-23 03:05:00,,
44.82231,-1.13142,333.45,0.52,0.67,2026-07-23,105,N20,VIIRS,n,2.0NRT,283.68,6.04,N,2026-07-24 18:06:00,2026-07-23 03:05:00,,
44.82246,-1.13812,345.54,0.52,0.67,2026-07-23,105,N20,VIIRS,n,2.0NRT,296.39,34.56,N,2026-07-24 18:06:00,2026-07-23 03:05:00,,
44.8226,-1.14482,351.53,0.52,0.67,2026-07-23,105,N20,VIIRS,n,2.0NRT,303.52,34.56,N,2026-07-24 18:06:00,2026-07-23 03:05:00,,
44.82274,-1.15151,367.0,0.52,0.67,2026-07-23,105,N20,VIIRS,h,2.0NRT,285.96,10.37,N,2026-07-24 18:06:00,2026-07-23 03:05:00,,
44.82289,-1.1582,325.08,0.52,0.67,2026-07-23,105,N20,VIIRS,n,2.0NRT,286.0,10.37,N,2026-07-24 18:06:00,2026-07-23 03:05:00,,
44.82304,-1.16487,315.11,0.52,0.67,2026-07-23,105,N20,VIIRS,n,2.0NRT,287.23,1.88,N,2026-07-24 18:06:00,2026-07-23 03:05:00,,
44.82318,-1.17154,307.52,0.52,0.67,2026-07-23,105,N20,VIIRS,n,2.0NRT,286.8,1.88,N,2026-07-24 18:06:00,2026-07-23 03:05:00,,
44.82665,-1.08349,297.52,0.51,0.66,2026-07-23,105,N20,VIIRS,n,2.0NRT,276.77,0.99,N,2026-07-24 18:06:00,2026-07-23 03:05:00,,
44.82676,-1.09014,301.42,0.51,0.66,2026-07-23,105,N20,VIIRS,n,2.0NRT,277.83,1.45,N,2026-07-24 18:06:00,2026-07-23 03:05:00,,
44.82688,-1.09681,307.33,0.52,0.66,2026-07-23,105,N20,VIIRS,n,2.0NRT,277.09,1.45,N,2026-07-24 18:06:00,2026-07-23 03:05:00,,
44.82699,-1.10347,315.93,0.52,0.66,2026-07-23,105,N20,VIIRS,n,2.0NRT,278.04,3.39,N,2026-07-24 18:06:00,2026-07-23 03:05:00,,
44.82711,-1.11016,326.31,0.52,0.67,2026-07-23,105,N20,VIIRS,n,2.0NRT,279.49,3.39,N,2026-07-24 18:06:00,2026-07-23 03:05:00,,
44.82722,-1.11686,337.68,0.52,0.67,2026-07-23,105,N20,VIIRS,n,2.0NRT,281.13,15.22,N,2026-07-24 18:06:00,2026-07-23 03:05:00,,
44.8273,-1.07775,296.01,0.51,0.66,2026-07-23,105,N20,VIIRS,n,2.0NRT,276.26,0.66,N,2026-07-24 18:06:00,2026-07-23 03:05:00,,
44.82734,-1.12358,347.17,0.52,0.67,2026-07-23,105,N20,VIIRS,n,2.0NRT,291.93,15.22,N,2026-07-24 18:06:00,2026-07-23 03:05:00,,
44.82745,-1.13031,355.68,0.52,0.67,2026-07-23,105,N20,VIIRS,n,2.0NRT,297.19,48.46,N,2026-07-24 18:06:00,2026-07-23 03:05:00,,
44.82745,-1.08437,299.41,0.51,0.66,2026-07-23,105,N20,VIIRS,n,2.0NRT,276.61,1.62,N,2026-07-24 18:06:00,2026-07-23 03:05:00,,
44.82756,-1.13702,344.68,0.52,0.67,2026-07-23,105,N20,VIIRS,n,2.0NRT,313.52,48.46,N,2026-07-24 18:06:00,2026-07-23 03:05:00,,
44.8276,-1.09102,303.95,0.51,0.66,2026-07-23,105,N20,VIIRS,n,2.0NRT,277.74,1.62,N,2026-07-24 18:06:00,2026-07-23 03:05:00,,
44.82767,-1.1437,367.0,0.52,0.67,2026-07-23,105,N20,VIIRS,h,2.0NRT,294.23,43.72,N,2026-07-24 18:06:00,2026-07-23 03:05:00,,
44.82775,-1.09767,311.69,0.51,0.66,2026-07-23,105,N20,VIIRS,n,2.0NRT,276.0,12.06,N,2026-07-24 18:06:00,2026-07-23 03:05:00,,
44.82779,-1.15039,342.74,0.52,0.67,2026-07-23,105,N20,VIIRS,n,2.0NRT,286.23,43.72,N,2026-07-24 18:06:00,2026-07-23 03:05:00,,
44.82789,-1.10434,322.17,0.52,0.66,2026-07-23,105,N20,VIIRS,n,2.0NRT,278.02,12.06,N,2026-07-24 18:06:00,2026-07-23 03:05:00,,
44.8279,-1.15706,329.55,0.52,0.67,2026-07-23,105,N20,VIIRS,n,2.0NRT,286.72,4.21,N,2026-07-24 18:06:00,2026-07-23 03:05:00,,
44.82801,-1.16372,316.86,0.52,0.67,2026-07-23,105,N20,VIIRS,n,2.0NRT,287.75,4.21,N,2026-07-24 18:06:00,2026-07-23 03:05:00,,
44.82804,-1.11102,334.68,0.52,0.66,2026-07-23,105,N20,VIIRS,n,2.0NRT,279.88,61.34,N,2026-07-24 18:06:00,2026-07-23 03:05:00,,
44.82812,-1.17038,307.55,0.52,0.67,2026-07-23,105,N20,VIIRS,n,2.0NRT,286.72,1.08,N,2026-07-24 18:06:00,2026-07-23 03:05:00,,
44.82819,-1.1177,355.14,0.52,0.67,2026-07-23,105,N20,VIIRS,n,2.0NRT,284.1,61.34,N,2026-07-24 18:06:00,2026-07-23 03:05:00,,
44.82823,-1.17706,300.73,0.52,0.67,2026-07-23,105,N20,VIIRS,n,2.0NRT,285.88,1.08,N,2026-07-24 18:06:00,2026-07-23 03:05:00,,
44.82834,-1.12442,343.08,0.52,0.67,2026-07-23,105,N20,VIIRS,n,2.0NRT,302.01,76.43,N,2026-07-24 18:06:00,2026-07-23 03:05:00,,
44.82849,-1.13115,347.11,0.52,0.67,2026-07-23,105,N20,VIIRS,n,2.0NRT,302.03,76.43,N,2026-07-24 18:06:00,2026-07-23 03:05:00,,
44.82864,-1.13785,351.71,0.52,0.67,2026-07-23,105,N20,VIIRS,n,2.0NRT,304.71,40.49,N,2026-07-24 18:06:00,2026-07-23 03:05:00,,
44.82878,-1.14451,367.0,0.52,0.67,2026-07-23,105,N20,VIIRS,h,2.0NRT,288.69,40.49,N,2026-07-24 18:06:00,2026-07-23 03:05:00,,
44.82893,-1.1512,337.69,0.52,0.67,2026-07-23,105,N20,VIIRS,n,2.0NRT,285.33,5.18,N,2026-07-24 18:06:00,2026-07-23 03:05:00,,
44.82907,-1.15786,324.31,0.52,0.67,2026-07-23,105,N20,VIIRS,n,2.0NRT,286.9,5.18,N,2026-07-24 18:06:00,2026-07-23 03:05:00,,
44.82922,-1.16447,312.85,0.52,0.67,2026-07-23,105,N20,VIIRS,n,2.0NRT,287.36,2.73,N,2026-07-24 18:06:00,2026-07-23 03:05:00,,
44.82936,-1.17115,305.03,0.52,0.67,2026-07-23,105,N20,VIIRS,n,2.0NRT,286.14,2.73,N,2026-07-24 18:06:00,2026-07-23 03:05:00,,
44.8327,-1.07655,299.11,0.51,0.66,2026-07-23,105,N20,VIIRS,n,2.0NRT,275.95,3.09,N,2026-07-24 18:06:00,2026-07-23 03:05:00,,
44.83282,-1.08319,304.28,0.51,0.66,2026-07-23,105,N20,VIIRS,n,2.0NRT,277.07,3.09,N,2026-07-24 18:06:00,2026-07-23 03:05:00,,
44.83293,-1.08983,311.88,0.51,0.66,2026-07-23,105,N20,VIIRS,n,2.0NRT,278.82,12.37,N,2026-07-24 18:06:00,2026-07-23 03:05:00,,
44.83305,-1.09651,322.07,0.52,0.66,2026-07-23,105,N20,VIIRS,n,2.0NRT,280.97,12.37,N,2026-07-24 18:06:00,2026-07-23 03:05:00,,
44.83317,-1.10317,339.55,0.52,0.66,2026-07-23,105,N20,VIIRS,n,2.0NRT,283.54,43.22,N,2026-07-24 18:06:00,2026-07-23 03:05:00,,
44.83328,-1.10984,336.86,0.52,0.67,2026-07-23,105,N20,VIIRS,n,2.0NRT,301.45,43.22,N,2026-07-24 18:06:00,2026-07-23 03:05:00,,
44.83331,-1.0708,297.36,0.51,0.66,2026-07-23,105,N20,VIIRS,n,2.0NRT,276.3,0.66,N,2026-07-24 18:06:00,2026-07-23 03:05:00,,
44.8334,-1.11653,341.79,0.52,0.67,2026-07-23,105,N20,VIIRS,n,2.0NRT,311.3,71.2,N,2026-07-24 18:06:00,2026-07-23 03:05:00,,
44.83347,-1.07746,301.32,0.51,0.66,2026-07-23,105,N20,VIIRS,n,2.0NRT,276.42,0.66,N,2026-07-24 18:06:00,2026-07-23 03:05:00,,
44.83352,-1.12328,347.75,0.52,0.67,2026-07-23,105,N20,VIIRS,n,2.0NRT,312.17,71.2,N,2026-07-24 18:06:00,2026-07-23 03:05:00,,
44.83361,-1.0841,307.79,0.51,0.66,2026-07-23,105,N20,VIIRS,n,2.0NRT,277.18,1.62,N,2026-07-24 18:06:00,2026-07-23 03:05:00,,
44.83363,-1.13002,349.28,0.52,0.67,2026-07-23,105,N20,VIIRS,n,2.0NRT,304.1,39.34,N,2026-07-24 18:06:00,2026-07-23 03:05:00,,
44.83375,-1.13674,367.0,0.52,0.67,2026-07-23,105,N20,VIIRS,h,2.0NRT,287.79,39.34,N,2026-07-24 18:06:00,2026-07-23 03:05:00,,
44.83376,-1.09074,315.72,0.51,0.66,2026-07-23,105,N20,VIIRS,n,2.0NRT,279.1,1.62,N,2026-07-24 18:06:00,2026-07-23 03:05:00,,
44.83386,-1.14343,340.57,0.52,0.67,2026-07-23,105,N20,VIIRS,n,2.0NRT,285.56,5.05,N,2026-07-24 18:06:00,2026-07-23 03:05:00,,
44.83392,-1.0974,326.75,0.51,0.66,2026-07-23,105,N20,VIIRS,n,2.0NRT,280.5,12.06,N,2026-07-24 18:06:00,2026-07-23 03:05:00,,
44.83398,-1.15009,322.85,0.52,0.67,2026-07-23,105,N20,VIIRS,n,2.0NRT,287.15,5.05,N,2026-07-24 18:06:00,2026-07-23 03:05:00,,
44.83406,-1.10406,355.7,0.52,0.66,2026-07-23,105,N20,VIIRS,n,2.0NRT,285.56,12.06,N,2026-07-24 18:06:00,2026-07-23 03:05:00,,
44.83409,-1.15664,310.19,0.52,0.67,2026-07-23,105,N20,VIIRS,n,2.0NRT,287.97,2.38,N,2026-07-24 18:06:00,2026-07-23 03:05:00,,
44.8342,-1.16321,304.08,0.52,0.67,2026-07-23,105,N20,VIIRS,n,2.0NRT,287.52,2.38,N,2026-07-24 18:06:00,2026-07-23 03:05:00,,
44.83422,-1.11073,332.62,0.52,0.66,2026-07-23,105,N20,VIIRS,n,2.0NRT,308.73,61.34,N,2026-07-24 18:06:00,2026-07-23 03:05:00,,
44.83437,-1.11741,347.32,0.52,0.67,2026-07-23,105,N20,VIIRS,n,2.0NRT,309.5,61.34,N,2026-07-24 18:06:00,2026-07-23 03:05:00,,
44.83452,-1.12416,349.78,0.52,0.67,2026-07-23,105,N20,VIIRS,n,2.0NRT,307.83,76.43,N,2026-07-24 18:06:00,2026-07-23 03:05:00,,
44.83467,-1.13088,353.9,0.52,0.67,2026-07-23,105,N20,VIIRS,n,2.0NRT,300.96,76.43,N,2026-07-24 18:06:00,2026-07-23 03:05:00,,
44.83482,-1.13759,367.0,0.52,0.67,2026-07-23,105,N20,VIIRS,h,2.0NRT,286.53,40.49,N,2026-07-24 18:06:00,2026-07-23 03:05:00,,
44.83497,-1.1443,332.71,0.52,0.67,2026-07-23,105,N20,VIIRS,n,2.0NRT,285.66,40.49,N,2026-07-24 18:06:00,2026-07-23 03:05:00,,
44.83511,-1.1509,316.85,0.52,0.67,2026-07-23,105,N20,VIIRS,n,2.0NRT,287.22,5.18,N,2026-07-24 18:06:00,2026-07-23 03:05:00,,
44.83526,-1.15745,306.37,0.52,0.67,2026-07-23,105,N20,VIIRS,n,2.0NRT,287.91,5.18,N,2026-07-24 18:06:00,2026-07-23 03:05:00,,
44.83862,-1.06291,297.87,0.51,0.66,2026-07-23,105,N20,VIIRS,n,2.0NRT,274.74,1.13,N,2026-07-24 18:06:00,2026-07-23 03:05:00,,
44.83875,-1.06959,304.97,0.51,0.66,2026-07-23,105,N20,VIIRS,n,2.0NRT,275.53,1.13,N,2026-07-24 18:06:00,2026-07-23 03:05:00,,
44.83886,-1.07625,315.14,0.51,0.66,2026-07-23,105,N20,VIIRS,n,2.0NRT,276.86,3.09,N,2026-07-24 18:06:00,2026-07-23 03:05:00,,
44.83898,-1.08289,327.28,0.51,0.66,2026-07-23,105,N20,VIIRS,n,2.0NRT,279.07,3.09,N,2026-07-24 18:06:00,2026-07-23 03:05:00,,
44.8391,-1.08953,367.0,0.51,0.66,2026-07-23,105,N20,VIIRS,h,2.0NRT,283.12,12.37,N,2026-07-24 18:06:00,2026-07-23 03:05:00,,
44.83922,-1.09621,367.0,0.52,0.66,2026-07-23,105,N20,VIIRS,h,2.0NRT,288.53,12.37,N,2026-07-24 18:06:00,2026-07-23 03:05:00,,
44.83934,-1.10289,354.19,0.52,0.66,2026-07-23,105,N20,VIIRS,n,2.0NRT,296.18,43.22,N,2026-07-24 18:06:00,2026-07-23 03:05:00,,
44.83946,-1.10953,367.0,0.52,0.67,2026-07-23,105,N20,VIIRS,h,2.0NRT,297.67,43.22,N,2026-07-24 18:06:00,2026-07-23 03:05:00,,
44.83958,-1.11624,367.0,0.52,0.67,2026-07-23,105,N20,VIIRS,h,2.0NRT,297.04,71.2,N,2026-07-24 18:06:00,2026-07-23 03:05:00,,
44.83969,-1.12296,367.0,0.52,0.67,2026-07-23,105,N20,VIIRS,h,2.0NRT,294.49,71.2,N,2026-07-24 18:06:00,2026-07-23 03:05:00,,
44.83981,-1.12969,367.0,0.52,0.67,2026-07-23,105,N20,VIIRS,h,2.0NRT,287.39,39.34,N,2026-07-24 18:06:00,2026-07-23 03:05:00,,
44.83993,-1.13641,326.74,0.52,0.67,2026-07-23,105,N20,VIIRS,n,2.0NRT,285.28,39.34,N,2026-07-24 18:06:00,2026-07-23 03:05:00,,
44.84005,-1.14312,314.15,0.52,0.67,2026-07-23,105,N20,VIIRS,n,2.0NRT,286.9,5.05,N,2026-07-24 18:06:00,2026-07-23 03:05:00,,
44.84016,-1.14977,305.54,0.52,0.67,2026-07-23,105,N20,VIIRS,n,2.0NRT,287.85,5.05,N,2026-07-24 18:06:00,2026-07-23 03:05:00,,
44.84466,-1.05598,296.93,0.51,0.66,2026-07-23,105,N20,VIIRS,n,2.0NRT,275.47,0.75,N,2026-07-24 18:06:00,2026-07-23 03:05:00,,
44.84479,-1.06263,304.12,0.51,0.66,2026-07-23,105,N20,VIIRS,n,2.0NRT,275.16,3.31,N,2026-07-24 18:06:00,2026-07-23 03:05:00,,
44.84491,-1.06928,317.36,0.51,0.66,2026-07-23,105,N20,VIIRS,n,2.0NRT,275.07,3.31,N,2026-07-24 18:06:00,2026-07-23 03:05:00,,
44.84503,-1.07594,343.85,0.51,0.66,2026-07-23,105,N20,VIIRS,n,2.0NRT,281.24,27.88,N,2026-07-24 18:06:00,2026-07-23 03:05:00,,
44.84515,-1.0826,338.95,0.51,0.66,2026-07-23,105,N20,VIIRS,n,2.0NRT,300.0,27.88,N,2026-07-24 18:06:00,2026-07-23 03:05:00,,
44.84527,-1.08925,367.0,0.51,0.66,2026-07-23,105,N20,VIIRS,h,2.0NRT,291.24,34.6,N,2026-07-24 18:06:00,2026-07-23 03:05:00,,
44.84539,-1.09592,367.0,0.52,0.66,2026-07-23,105,N20,VIIRS,h,2.0NRT,292.74,34.6,N,2026-07-24 18:06:00,2026-07-23 03:05:00,,
44.84551,-1.1026,367.0,0.52,0.66,2026-07-23,105,N20,VIIRS,h,2.0NRT,295.42,18.25,N,2026-07-24 18:06:00,2026-07-23 03:05:00,,
44.84563,-1.10929,367.0,0.52,0.67,2026-07-23,105,N20,VIIRS,h,2.0NRT,298.59,18.25,N,2026-07-24 18:06:00,2026-07-23 03:05:00,,
44.84576,-1.11595,353.1,0.52,0.67,2026-07-23,105,N20,VIIRS,n,2.0NRT,286.9,5.91,N,2026-07-24 18:06:00,2026-07-23 03:05:00,,
44.84587,-1.12265,318.57,0.52,0.67,2026-07-23,105,N20,VIIRS,n,2.0NRT,285.3,5.91,N,2026-07-24 18:06:00,2026-07-23 03:05:00,,
44.84599,-1.12936,310.96,0.52,0.67,2026-07-23,105,N20,VIIRS,n,2.0NRT,285.37,2.37,N,2026-07-24 18:06:00,2026-07-23 03:05:00,,
44.84611,-1.13606,305.58,0.52,0.67,2026-07-23,105,N20,VIIRS,n,2.0NRT,286.65,2.37,N,2026-07-24 18:06:00,2026-07-23 03:05:00,,
44.8507,-1.04899,295.67,0.51,0.66,2026-07-23,105,N20,VIIRS,n,2.0NRT,274.34,0.75,N,2026-07-24 18:06:00,2026-07-23 03:05:00,,
44.85082,-1.05565,300.89,0.51,0.66,2026-07-23,105,N20,VIIRS,n,2.0NRT,273.69,0.75,N,2026-07-24 18:06:00,2026-07-23 03:05:00,,
44.85094,-1.06229,308.06,0.51,0.66,2026-07-23,105,N20,VIIRS,n,2.0NRT,274.68,3.31,N,2026-07-24 18:06:00,2026-07-23 03:05:00,,
44.85107,-1.06897,318.15,0.51,0.66,2026-07-23,105,N20,VIIRS,n,2.0NRT,278.23,3.31,N,2026-07-24 18:06:00,2026-07-23 03:05:00,,
44.8512,-1.07563,340.55,0.51,0.66,2026-07-23,105,N20,VIIRS,n,2.0NRT,284.08,27.88,N,2026-07-24 18:06:00,2026-07-23 03:05:00,,
44.85132,-1.08229,341.85,0.51,0.66,2026-07-23,105,N20,VIIRS,n,2.0NRT,283.27,27.88,N,2026-07-24 18:06:00,2026-07-23 03:05:00,,
44.85144,-1.08895,367.0,0.51,0.66,2026-07-23,105,N20,VIIRS,h,2.0NRT,291.92,34.6,N,2026-07-24 18:06:00,2026-07-23 03:05:00,,
44.85156,-1.09561,367.0,0.52,0.66,2026-07-23,105,N20,VIIRS,h,2.0NRT,297.13,34.6,N,2026-07-24 18:06:00,2026-07-23 03:05:00,,
44.85169,-1.10231,367.0,0.52,0.66,2026-07-23,105,N20,VIIRS,h,2.0NRT,294.05,18.25,N,2026-07-24 18:06:00,2026-07-23 03:05:00,,
44.85181,-1.10899,334.56,0.52,0.67,2026-07-23,105,N20,VIIRS,n,2.0NRT,284.43,18.25,N,2026-07-24 18:06:00,2026-07-23 03:05:00,,
44.85193,-1.11565,314.46,0.52,0.67,2026-07-23,105,N20,VIIRS,n,2.0NRT,284.65,5.91,N,2026-07-24 18:06:00,2026-07-23 03:05:00,,
44.85205,-1.12234,307.33,0.52,0.67,2026-07-23,105,N20,VIIRS,n,2.0NRT,285.83,5.91,N,2026-07-24 18:06:00,2026-07-23 03:05:00,,
44.85673,-1.04211,298.29,0.51,0.66,2026-07-23,105,N20,VIIRS,n,2.0NRT,272.91,2.34,N,2026-07-24 18:06:00,2026-07-23 03:05:00,,
44.85686,-1.04871,306.37,0.51,0.66,2026-07-23,105,N20,VIIRS,n,2.0NRT,271.46,12.51,N,2026-07-24 18:06:00,2026-07-23 03:05:00,,
44.85698,-1.05535,318.55,0.51,0.66,2026-07-23,105,N20,VIIRS,n,2.0NRT,274.79,12.51,N,2026-07-24 18:06:00,2026-07-23 03:05:00,,
44.85711,-1.062,350.83,0.51,0.66,2026-07-23,105,N20,VIIRS,n,2.0NRT,282.83,14.87,N,2026-07-24 18:06:00,2026-07-23 03:05:00,,
44.85723,-1.06865,367.0,0.51,0.66,2026-07-23,105,N20,VIIRS,h,2.0NRT,285.24,14.87,N,2026-07-24 18:06:00,2026-07-23 03:05:00,,
44.85736,-1.07531,337.94,0.51,0.66,2026-07-23,105,N20,VIIRS,n,2.0NRT,282.64,13.84,N,2026-07-24 18:06:00,2026-07-23 03:05:00,,
44.85749,-1.08196,353.28,0.51,0.66,2026-07-23,105,N20,VIIRS,n,2.0NRT,287.6,13.84,N,2026-07-24 18:06:00,2026-07-23 03:05:00,,
44.85761,-1.08863,347.09,0.51,0.66,2026-07-23,105,N20,VIIRS,n,2.0NRT,288.68,16.27,N,2026-07-24 18:06:00,2026-07-23 03:05:00,,
44.85773,-1.09528,367.0,0.52,0.66,2026-07-23,105,N20,VIIRS,h,2.0NRT,294.59,16.27,N,2026-07-24 18:06:00,2026-07-23 03:05:00,,
44.85786,-1.10198,354.46,0.52,0.66,2026-07-23,105,N20,VIIRS,n,2.0NRT,284.64,6.26,N,2026-07-24 18:06:00,2026-07-23 03:05:00,,
44.85799,-1.10867,314.45,0.52,0.67,2026-07-23,105,N20,VIIRS,n,2.0NRT,283.97,6.26,N,2026-07-24 18:06:00,2026-07-23 03:05:00,,
44.85811,-1.11535,304.47,0.52,0.67,2026-07-23,105,N20,VIIRS,n,2.0NRT,285.16,3.42,N,2026-07-24 18:06:00,2026-07-23 03:05:00,,
44.86276,-1.0352,300.21,0.51,0.66,2026-07-23,105,N20,VIIRS,n,2.0NRT,273.48,2.34,N,2026-07-24 18:06:00,2026-07-23 03:05:00,,
44.86289,-1.04182,311.89,0.51,0.66,2026-07-23,105,N20,VIIRS,n,2.0NRT,271.52,2.34,N,2026-07-24 18:06:00,2026-07-23 03:05:00,,
44.86302,-1.04844,355.84,0.51,0.66,2026-07-23,105,N20,VIIRS,n,2.0NRT,281.81,12.51,N,2026-07-24 18:06:00,2026-07-23 03:05:00,,
44.86314,-1.05507,356.27,0.51,0.66,2026-07-23,105,N20,VIIRS,n,2.0NRT,284.9,12.51,N,2026-07-24 18:06:00,2026-07-23 03:05:00,,
44.86327,-1.0617,367.0,0.51,0.66,2026-07-23,105,N20,VIIRS,h,2.0NRT,281.59,14.87,N,2026-07-24 18:06:00,2026-07-23 03:05:00,,
44.8634,-1.06834,338.42,0.51,0.66,2026-07-23,105,N20,VIIRS,n,2.0NRT,283.4,14.87,N,2026-07-24 18:06:00,2026-07-23 03:05:00,,
44.86353,-1.07498,348.89,0.51,0.66,2026-07-23,105,N20,VIIRS,n,2.0NRT,287.15,13.84,N,2026-07-24 18:06:00,2026-07-23 03:05:00,,
44.86366,-1.08164,367.0,0.51,0.66,2026-07-23,105,N20,VIIRS,h,2.0NRT,292.22,13.84,N,2026-07-24 18:06:00,2026-07-23 03:05:00,,
44.86378,-1.08832,367.0,0.51,0.66,2026-07-23,105,N20,VIIRS,h,2.0NRT,289.05,16.27,N,2026-07-24 18:06:00,2026-07-23 03:05:00,,
44.86391,-1.09498,349.88,0.52,0.66,2026-07-23,105,N20,VIIRS,n,2.0NRT,283.4,16.27,N,2026-07-24 18:06:00,2026-07-23 03:05:00,,
44.86404,-1.10163,311.74,0.52,0.66,2026-07-23,105,N20,VIIRS,n,2.0NRT,283.01,6.26,N,2026-07-24 18:06:00,2026-07-23 03:05:00,,
44.86416,-1.10833,302.97,0.52,0.67,2026-07-23,105,N20,VIIRS,n,2.0NRT,283.82,6.26,N,2026-07-24 18:06:00,2026-07-23 03:05:00,,
44.86891,-1.0349,301.88,0.51,0.66,2026-07-23,105,N20,VIIRS,n,2.0NRT,273.0,2.91,N,2026-07-24 18:06:00,2026-07-23 03:05:00,,
44.86904,-1.0415,337.19,0.51,0.66,2026-07-23,105,N20,VIIRS,n,2.0NRT,277.11,2.91,N,2026-07-24 18:06:00,2026-07-23 03:05:00,,
44.86917,-1.04813,352.66,0.51,0.66,2026-07-23,105,N20,VIIRS,n,2.0NRT,282.07,5.56,N,2026-07-24 18:06:00,2026-07-23 03:05:00,,
44.8693,-1.05477,327.55,0.51,0.66,2026-07-23,105,N20,VIIRS,n,2.0NRT,280.27,5.56,N,2026-07-24 18:06:00,2026-07-23 03:05:00,,
44.86943,-1.06141,324.66,0.51,0.66,2026-07-23,105,N20,VIIRS,n,2.0NRT,280.63,6.41,N,2026-07-24 18:06:00,2026-07-23 03:05:00,,
44.86956,-1.06805,332.87,0.51,0.66,2026-07-23,105,N20,VIIRS,n,2.0NRT,284.98,6.41,N,2026-07-24 18:06:00,2026-07-23 03:05:00,,
44.86969,-1.07469,345.74,0.51,0.66,2026-07-23,105,N20,VIIRS,n,2.0NRT,288.04,10.83,N,2026-07-24 18:06:00,2026-07-23 03:05:00,,
44.86982,-1.08138,367.0,0.51,0.66,2026-07-23,105,N20,VIIRS,h,2.0NRT,291.63,10.83,N,2026-07-24 18:06:00,2026-07-23 03:05:00,,
44.86995,-1.08809,318.19,0.51,0.66,2026-07-23,105,N20,VIIRS,n,2.0NRT,281.09,4.01,N,2026-07-24 18:06:00,2026-07-23 03:05:00,,
44.87008,-1.09471,305.62,0.52,0.66,2026-07-23,105,N20,VIIRS,n,2.0NRT,283.08,4.01,N,2026-07-24 18:06:00,2026-07-23 03:05:00,,
44.87507,-1.03464,300.85,0.51,0.66,2026-07-23,105,N20,VIIRS,n,2.0NRT,276.06,2.91,N,2026-07-24 18:06:00,2026-07-23 03:05:00,,
44.8752,-1.04126,311.74,0.51,0.66,2026-07-23,105,N20,VIIRS,n,2.0NRT,278.09,2.91,N,2026-07-24 18:06:00,2026-07-23 03:05:00,,
44.87533,-1.04788,308.98,0.51,0.66,2026-07-23,105,N20,VIIRS,n,2.0NRT,278.59,5.56,N,2026-07-24 18:06:00,2026-07-23 03:05:00,,
44.87546,-1.05446,319.36,0.51,0.66,2026-07-23,105,N20,VIIRS,n,2.0NRT,279.78,5.56,N,2026-07-24 18:06:00,2026-07-23 03:05:00,,
44.8756,-1.06112,326.9,0.51,0.66,2026-07-23,105,N20,VIIRS,n,2.0NRT,281.86,6.41,N,2026-07-24 18:06:00,2026-07-23 03:05:00,,
44.87573,-1.06776,333.43,0.51,0.66,2026-07-23,105,N20,VIIRS,n,2.0NRT,283.17,6.41,N,2026-07-24 18:06:00,2026-07-23 03:05:00,,
44.87586,-1.07443,344.7,0.51,0.66,2026-07-23,105,N20,VIIRS,n,2.0NRT,286.8,10.83,N,2026-07-24 18:06:00,2026-07-23 03:05:00,,
44.87599,-1.08111,349.58,0.51,0.66,2026-07-23,105,N20,VIIRS,n,2.0NRT,283.7,10.83,N,2026-07-24 18:06:00,2026-07-23 03:05:00,,
44.87612,-1.08779,305.12,0.51,0.66,2026-07-23,105,N20,VIIRS,n,2.0NRT,282.17,4.01,N,2026-07-24 18:06:00,2026-07-23 03:05:00,,
44.88095,-1.02114,298.12,0.51,0.66,2026-07-23,105,N20,VIIRS,n,2.0NRT,275.47,5.8,N,2026-07-24 18:06:00,2026-07-23 03:05:00,,
44.88109,-1.02777,340.32,0.51,0.66,2026-07-23,105,N20,VIIRS,n,2.0NRT,279.97,5.8,N,2026-07-24 18:06:00,2026-07-23 03:05:00,,
44.88123,-1.03437,346.8,0.51,0.66,2026-07-23,105,N20,VIIRS,n,2.0NRT,281.24,5.08,N,2026-07-24 18:06:00,2026-07-23 03:05:00,,
44.88136,-1.04099,310.55,0.51,0.66,2026-07-23,105,N20,VIIRS,n,2.0NRT,278.13,5.08,N,2026-07-24 18:06:00,2026-07-23 03:05:00,,
44.88149,-1.04761,304.5,0.51,0.66,2026-07-23,105,N20,VIIRS,n,2.0NRT,274.81,1.59,N,2026-07-24 18:06:00,2026-07-23 03:05:00,,
44.88162,-1.05419,309.11,0.51,0.66,2026-07-23,105,N20,VIIRS,n,2.0NRT,275.77,1.59,N,2026-07-24 18:06:00,2026-07-23 03:05:00,,
44.88176,-1.06082,314.87,0.51,0.66,2026-07-23,105,N20,VIIRS,n,2.0NRT,279.05,4.25,N,2026-07-24 18:06:00,2026-07-23 03:05:00,,
44.88189,-1.06746,333.92,0.51,0.66,2026-07-23,105,N20,VIIRS,n,2.0NRT,286.33,4.25,N,2026-07-24 18:06:00,2026-07-23 03:05:00,,
44.88202,-1.0741,350.67,0.51,0.66,2026-07-23,105,N20,VIIRS,n,2.0NRT,283.59,6.2,N,2026-07-24 18:06:00,2026-07-23 03:05:00,,
44.88216,-1.08078,308.0,0.51,0.66,2026-07-23,105,N20,VIIRS,n,2.0NRT,279.5,6.2,N,2026-07-24 18:06:00,2026-07-23 03:05:00,,
44.88724,-1.02746,338.99,0.51,0.66,2026-07-23,105,N20,VIIRS,n,2.0NRT,281.74,5.8,N,2026-07-24 18:06:00,2026-07-23 03:05:00,,
44.88738,-1.03405,328.15,0.51,0.66,2026-07-23,105,N20,VIIRS,n,2.0NRT,279.74,5.08,N,2026-07-24 18:06:00,2026-07-23 03:05:00,,
44.88752,-1.04067,308.97,0.51,0.66,2026-07-23,105,N20,VIIRS,n,2.0NRT,274.2,5.08,N,2026-07-24 18:06:00,2026-07-23 03:05:00,,
44.88765,-1.04731,305.36,0.51,0.66,2026-07-23,105,N20,VIIRS,n,2.0NRT,276.02,1.59,N,2026-07-24 18:06:00,2026-07-23 03:05:00,,
44.88778,-1.05395,301.97,0.51,0.66,2026-07-23,105,N20,VIIRS,n,2.0NRT,278.96,1.59,N,2026-07-24 18:06:00,2026-07-23 03:05:00,,
44.88792,-1.06055,301.65,0.51,0.66,2026-07-23,105,N20,VIIRS,n,2.0NRT,280.24,4.25,N,2026-07-24 18:06:00,2026-07-23 03:05:00,,
44.89326,-1.02047,302.36,0.51,0.66,2026-07-23,105,N20,VIIRS,n,2.0NRT,280.3,2.03,N,2026-07-24 18:06:00,2026-07-23 03:05:00,,
44.89339,-1.02714,331.46,0.51,0.66,2026-07-23,105,N20,VIIRS,n,2.0NRT,279.57,2.03,N,2026-07-24 18:06:00,2026-07-23 03:05:00,,
44.89354,-1.03379,300.73,0.51,0.66,2026-07-23,105,N20,VIIRS,n,2.0NRT,272.64,1.57,N,2026-07-24 18:06:00,2026-07-23 03:05:00,,
44.89367,-1.04043,302.03,0.51,0.66,2026-07-23,105,N20,VIIRS,n,2.0NRT,277.85,1.57,N,2026-07-24 18:06:00,2026-07-23 03:05:00,,
44.89381,-1.04705,310.34,0.51,0.66,2026-07-23,105,N20,VIIRS,n,2.0NRT,281.89,2.4,N,2026-07-24 18:06:00,2026-07-23 03:05:00,,
44.89394,-1.05362,322.01,0.51,0.66,2026-07-23,105,N20,VIIRS,n,2.0NRT,281.0,2.4,N,2026-07-24 18:06:00,2026-07-23 03:05:00,,
44.89863,-1.01809,297.86,0.51,0.66,2026-07-23,105,N20,VIIRS,n,2.0NRT,280.37,1.96,N,2026-07-24 18:06:00,2026-07-23 03:05:00,,
44.89874,-1.02473,309.92,0.51,0.66,2026-07-23,105,N20,VIIRS,n,2.0NRT,277.86,1.96,N,2026-07-24 18:06:00,2026-07-23 03:05:00,,
44.89884,-1.03139,297.66,0.51,0.66,2026-07-23,105,N20,VIIRS,n,2.0NRT,278.7,1.23,N,2026-07-24 18:06:00,2026-07-23 03:05:00,,
44.89895,-1.03805,300.44,0.51,0.66,2026-07-23,105,N20,VIIRS,n,2.0NRT,279.79,1.23,N,2026-07-24 18:06:00,2026-07-23 03:05:00,,
44.89906,-1.04468,309.97,0.51,0.66,2026-07-23,105,N20,VIIRS,n,2.0NRT,280.37,2.45,N,2026-07-24 18:06:00,2026-07-23 03:05:00,,
44.89916,-1.05129,325.93,0.51,0.66,2026-07-23,105,N20,VIIRS,n,2.0NRT,277.56,2.45,N,2026-07-24 18:06:00,2026-07-23 03:05:00,,
44.89941,-1.0202,310.87,0.51,0.66,2026-07-23,105,N20,VIIRS,n,2.0NRT,280.16,2.03,N,2026-07-24 18:06:00,2026-07-23 03:05:00,,
44.89955,-1.02685,300.93,0.51,0.66,2026-07-23,105,N20,VIIRS,n,2.0NRT,276.34,2.03,N,2026-07-24 18:06:00,2026-07-23 03:05:00,,
44.89969,-1.0335,298.38,0.51,0.66,2026-07-23,105,N20,VIIRS,n,2.0NRT,279.2,1.57,N,2026-07-24 18:06:00,2026-07-23 03:05:00,,
44.89983,-1.04013,306.28,0.51,0.66,2026-07-23,105,N20,VIIRS,n,2.0NRT,280.54,1.57,N,2026-07-24 18:06:00,2026-07-23 03:05:00,,
44.89997,-1.04675,320.92,0.51,0.66,2026-07-23,105,N20,VIIRS,n,2.0NRT,280.61,2.4,N,2026-07-24 18:06:00,2026-07-23 03:05:00,,
44.9001,-1.05335,310.92,0.51,0.66,2026-07-23,105,N20,VIIRS,n,2.0NRT,275.52,2.4,N,2026-07-24 18:06:00,2026-07-23 03:05:00,,
44.90499,-1.03109,298.56,0.51,0.66,2026-07-23,105,N20,VIIRS,n,2.0NRT,280.23,1.23,N,2026-07-24 18:06:00,2026-07-23 03:05:00,,
44.9051,-1.03773,296.08,0.51,0.66,2026-07-23,105,N20,VIIRS,n,2.0NRT,278.35,1.23,N,2026-07-24 18:06:00,2026-07-23 03:05:00,,
44.90521,-1.04436,312.93,0.51,0.66,2026-07-23,105,N20,VIIRS,n,2.0NRT,277.23,2.45,N,2026-07-24 18:06:00,2026-07-23 03:05:00,,
44.90584,-1.03321,298.06,0.51,0.66,2026-07-23,105,N20,VIIRS,n,2.0NRT,279.18,1.06,N,2026-07-24 18:06:00,2026-07-23 03:05:00,,
44.90599,-1.03985,297.97,0.51,0.66,2026-07-23,105,N20,VIIRS,n,2.0NRT,277.26,1.06,N,2026-07-24 18:06:00,2026-07-23 03:05:00,,
44.90613,-1.04648,302.08,0.51,0.66,2026-07-23,105,N20,VIIRS,n,2.0NRT,276.7,1.77,N,2026-07-24 18:06:00,2026-07-23 03:05:00,,
44.81599,-1.14758,352.81,0.5,0.49,2026-07-23,247,N20,VIIRS,n,2.0NRT,298.93,36.44,N,2026-07-24 18:06:00,2026-07-23 04:47:00,,
44.81729,-1.13338,307.7,0.5,0.49,2026-07-23,247,N20,VIIRS,n,2.0NRT,293.15,29.42,N,2026-07-24 18:06:00,2026-07-23 04:47:00,,
44.81878,-1.13942,367.0,0.5,0.49,2026-07-23,247,N20,VIIRS,h,2.0NRT,312.02,29.42,N,2026-07-24 18:06:00,2026-07-23 04:47:00,,
44.82008,-1.1252,309.74,0.51,0.49,2026-07-23,247,N20,VIIRS,n,2.0NRT,293.41,3.87,N,2026-07-24 18:06:00,2026-07-23 04:47:00,,
44.82029,-1.14548,367.0,0.5,0.49,2026-07-23,247,N20,VIIRS,h,2.0NRT,302.78,36.44,N,2026-07-24 18:06:00,2026-07-23 04:47:00,,
44.82158,-1.13127,340.17,0.5,0.49,2026-07-23,247,N20,VIIRS,n,2.0NRT,298.12,45.59,N,2026-07-24 18:06:00,2026-07-23 04:47:00,,
44.82288,-1.11704,310.31,0.51,0.49,2026-07-23,247,N20,VIIRS,n,2.0NRT,293.06,3.87,N,2026-07-24 18:06:00,2026-07-23 04:47:00,,
44.82308,-1.13732,349.09,0.5,0.49,2026-07-23,247,N20,VIIRS,n,2.0NRT,322.93,45.59,N,2026-07-24 18:06:00,2026-07-23 04:47:00,,
44.82438,-1.12309,334.72,0.51,0.49,2026-07-23,247,N20,VIIRS,n,2.0NRT,295.89,3.87,N,2026-07-24 18:06:00,2026-07-23 04:47:00,,
44.82458,-1.14338,351.57,0.5,0.49,2026-07-23,247,N20,VIIRS,n,2.0NRT,305.41,39.15,N,2026-07-24 18:06:00,2026-07-23 04:47:00,,
44.82477,-1.11482,317.45,0.51,0.49,2026-07-23,247,N20,VIIRS,n,2.0NRT,294.53,19.46,N,2026-07-24 18:06:00,2026-07-23 04:47:00,,
44.82568,-1.10886,313.16,0.51,0.49,2026-07-23,247,N20,VIIRS,n,2.0NRT,293.04,16.03,N,2026-07-24 18:06:00,2026-07-23 04:47:00,,
44.82587,-1.12915,348.35,0.5,0.49,2026-07-23,247,N20,VIIRS,n,2.0NRT,308.46,45.59,N,2026-07-24 18:06:00,2026-07-23 04:47:00,,
44.8263,-1.12085,333.06,0.5,0.49,2026-07-23,247,N20,VIIRS,n,2.0NRT,303.04,80.41,N,2026-07-24 18:06:00,2026-07-23 04:47:00,,
44.82718,-1.11493,321.76,0.51,0.49,2026-07-23,247,N20,VIIRS,n,2.0NRT,300.23,100.94,N,2026-07-24 18:06:00,2026-07-23 04:47:00,,
44.82737,-1.13519,356.07,0.5,0.49,2026-07-23,247,N20,VIIRS,n,2.0NRT,316.68,45.59,N,2026-07-24 18:06:00,2026-07-23 04:47:00,,
44.82754,-1.10666,316.49,0.51,0.49,2026-07-23,247,N20,VIIRS,n,2.0NRT,293.84,19.46,N,2026-07-24 18:06:00,2026-07-23 04:47:00,,
44.82783,-1.12688,355.68,0.5,0.49,2026-07-23,247,N20,VIIRS,n,2.0NRT,314.8,80.41,N,2026-07-24 18:06:00,2026-07-23 04:47:00,,
44.82848,-1.10066,307.01,0.51,0.49,2026-07-23,247,N20,VIIRS,n,2.0NRT,293.15,16.03,N,2026-07-24 18:06:00,2026-07-23 04:47:00,,
44.82867,-1.121,367.0,0.51,0.49,2026-07-23,247,N20,VIIRS,h,2.0NRT,337.41,100.94,N,2026-07-24 18:06:00,2026-07-23 04:47:00,,
44.82887,-1.14126,339.79,0.5,0.49,2026-07-23,247,N20,VIIRS,n,2.0NRT,307.42,39.15,N,2026-07-24 18:06:00,2026-07-23 04:47:00,,
44.82907,-1.11272,348.0,0.51,0.49,2026-07-23,247,N20,VIIRS,n,2.0NRT,303.63,19.46,N,2026-07-24 18:06:00,2026-07-23 04:47:00,,
44.82935,-1.1329,350.22,0.5,0.49,2026-07-23,247,N20,VIIRS,n,2.0NRT,315.43,29.41,N,2026-07-24 18:06:00,2026-07-23 04:47:00,,
44.82998,-1.10674,334.1,0.51,0.49,2026-07-23,247,N20,VIIRS,n,2.0NRT,298.83,16.03,N,2026-07-24 18:06:00,2026-07-23 04:47:00,,
44.83017,-1.12703,355.1,0.5,0.49,2026-07-23,247,N20,VIIRS,n,2.0NRT,325.96,52.35,N,2026-07-24 18:06:00,2026-07-23 04:47:00,,
44.83031,-1.09849,311.91,0.51,0.49,2026-07-23,247,N20,VIIRS,n,2.0NRT,294.65,26.43,N,2026-07-24 18:06:00,2026-07-23 04:47:00,,
44.8306,-1.11876,367.0,0.5,0.49,2026-07-23,247,N20,VIIRS,h,2.0NRT,353.44,80.41,N,2026-07-24 18:06:00,2026-07-23 04:47:00,,
44.83088,-1.13894,341.26,0.5,0.49,2026-07-23,247,N20,VIIRS,n,2.0NRT,294.28,29.41,N,2026-07-24 18:06:00,2026-07-23 04:47:00,,
44.83127,-1.09245,303.91,0.51,0.49,2026-07-23,247,N20,VIIRS,n,2.0NRT,293.32,16.7,N,2026-07-24 18:06:00,2026-07-23 04:47:00,,
44.83147,-1.11282,367.0,0.51,0.49,2026-07-23,247,N20,VIIRS,h,2.0NRT,344.53,100.94,N,2026-07-24 18:06:00,2026-07-23 04:47:00,,
44.83166,-1.13308,346.92,0.5,0.49,2026-07-23,247,N20,VIIRS,n,2.0NRT,313.28,52.35,N,2026-07-24 18:06:00,2026-07-23 04:47:00,,
44.83184,-1.10455,346.42,0.51,0.49,2026-07-23,247,N20,VIIRS,n,2.0NRT,305.08,82.16,N,2026-07-24 18:06:00,2026-07-23 04:47:00,,
44.83213,-1.12478,354.19,0.5,0.49,2026-07-23,247,N20,VIIRS,n,2.0NRT,330.8,80.41,N,2026-07-24 18:06:00,2026-07-23 04:47:00,,
44.83297,-1.11888,351.7,0.51,0.49,2026-07-23,247,N20,VIIRS,n,2.0NRT,336.32,100.94,N,2026-07-24 18:06:00,2026-07-23 04:47:00,,
44.83307,-1.09032,304.83,0.51,0.49,2026-07-23,247,N20,VIIRS,n,2.0NRT,293.08,26.43,N,2026-07-24 18:06:00,2026-07-23 04:47:00,,
44.83315,-1.13913,303.43,0.5,0.49,2026-07-23,247,N20,VIIRS,n,2.0NRT,292.25,4.92,N,2026-07-24 18:06:00,2026-07-23 04:47:00,,
44.83337,-1.11061,367.0,0.51,0.49,2026-07-23,247,N20,VIIRS,h,2.0NRT,346.64,82.16,N,2026-07-24 18:06:00,2026-07-23 04:47:00,,
44.83365,-1.1308,350.58,0.5,0.49,2026-07-23,247,N20,VIIRS,n,2.0NRT,320.07,29.41,N,2026-07-24 18:06:00,2026-07-23 04:47:00,,
44.83427,-1.10462,345.65,0.51,0.49,2026-07-23,247,N20,VIIRS,n,2.0NRT,331.32,111.79,N,2026-07-24 18:06:00,2026-07-23 04:47:00,,
44.83446,-1.12492,349.48,0.5,0.49,2026-07-23,247,N20,VIIRS,n,2.0NRT,328.96,52.35,N,2026-07-24 18:06:00,2026-07-23 04:47:00,,
44.83461,-1.09638,321.1,0.51,0.49,2026-07-23,247,N20,VIIRS,n,2.0NRT,310.41,26.43,N,2026-07-24 18:06:00,2026-07-23 04:47:00,,
44.8349,-1.11665,355.7,0.5,0.49,2026-07-23,247,N20,VIIRS,n,2.0NRT,324.2,34.04,N,2026-07-24 18:06:00,2026-07-23 04:47:00,,
44.83517,-1.13682,309.93,0.5,0.49,2026-07-23,247,N20,VIIRS,n,2.0NRT,292.36,29.41,N,2026-07-24 18:06:00,2026-07-23 04:47:00,,
44.83557,-1.09033,335.65,0.51,0.49,2026-07-23,247,N20,VIIRS,n,2.0NRT,297.32,16.7,N,2026-07-24 18:06:00,2026-07-23 04:47:00,,
44.83577,-1.1107,353.61,0.51,0.49,2026-07-23,247,N20,VIIRS,n,2.0NRT,330.41,30.72,N,2026-07-24 18:06:00,2026-07-23 04:47:00,,
44.83595,-1.13096,348.28,0.5,0.49,2026-07-23,247,N20,VIIRS,n,2.0NRT,302.6,52.35,N,2026-07-24 18:06:00,2026-07-23 04:47:00,,
44.83614,-1.10244,367.0,0.51,0.49,2026-07-23,247,N20,VIIRS,h,2.0NRT,343.84,82.16,N,2026-07-24 18:06:00,2026-07-23 04:47:00,,
44.83642,-1.12267,351.6,0.5,0.49,2026-07-23,247,N20,VIIRS,n,2.0NRT,329.4,34.04,N,2026-07-24 18:06:00,2026-07-23 04:47:00,,
44.83707,-1.09641,367.0,0.51,0.49,2026-07-23,247,N20,VIIRS,h,2.0NRT,340.16,111.79,N,2026-07-24 18:06:00,2026-07-23 04:47:00,,
44.83726,-1.11675,367.0,0.51,0.49,2026-07-23,247,N20,VIIRS,h,2.0NRT,313.53,30.72,N,2026-07-24 18:06:00,2026-07-23 04:47:00,,
44.83737,-1.0882,334.62,0.51,0.49,2026-07-23,247,N20,VIIRS,n,2.0NRT,297.44,61.03,N,2026-07-24 18:06:00,2026-07-23 04:47:00,,
44.83767,-1.1085,367.0,0.51,0.49,2026-07-23,247,N20,VIIRS,h,2.0NRT,320.15,82.16,N,2026-07-24 18:06:00,2026-07-23 04:47:00,,
44.83794,-1.1287,343.16,0.5,0.49,2026-07-23,247,N20,VIIRS,n,2.0NRT,302.71,31.3,N,2026-07-24 18:06:00,2026-07-23 04:47:00,,
44.83856,-1.10248,367.0,0.51,0.49,2026-07-23,247,N20,VIIRS,h,2.0NRT,316.89,111.79,N,2026-07-24 18:06:00,2026-07-23 04:47:00,,
44.83875,-1.1228,367.0,0.5,0.49,2026-07-23,247,N20,VIIRS,h,2.0NRT,307.49,11.71,N,2026-07-24 18:06:00,2026-07-23 04:47:00,,
44.8389,-1.09426,334.01,0.51,0.49,2026-07-23,247,N20,VIIRS,n,2.0NRT,332.45,61.03,N,2026-07-24 18:06:00,2026-07-23 04:47:00,,
44.8392,-1.11455,367.0,0.5,0.49,2026-07-23,247,N20,VIIRS,h,2.0NRT,319.1,34.04,N,2026-07-24 18:06:00,2026-07-23 04:47:00,,
44.84006,-1.10857,367.0,0.51,0.49,2026-07-23,247,N20,VIIRS,h,2.0NRT,316.94,30.72,N,2026-07-24 18:06:00,2026-07-23 04:47:00,,
44.84013,-1.07999,332.93,0.51,0.49,2026-07-23,247,N20,VIIRS,n,2.0NRT,296.43,25.51,N,2026-07-24 18:06:00,2026-07-23 04:47:00,,
44.84025,-1.12885,302.34,0.5,0.49,2026-07-23,247,N20,VIIRS,n,2.0NRT,291.36,11.71,N,2026-07-24 18:06:00,2026-07-23 04:47:00,,
44.84043,-1.10031,367.0,0.51,0.49,2026-07-23,247,N20,VIIRS,h,2.0NRT,319.01,27.92,N,2026-07-24 18:06:00,2026-07-23 04:47:00,,
44.84071,-1.12057,328.88,0.5,0.49,2026-07-23,247,N20,VIIRS,n,2.0NRT,294.75,34.04,N,2026-07-24 18:06:00,2026-07-23 04:47:00,,
44.84156,-1.11464,354.26,0.51,0.49,2026-07-23,247,N20,VIIRS,n,2.0NRT,306.9,30.72,N,2026-07-24 18:06:00,2026-07-23 04:47:00,,
44.84167,-1.08608,367.0,0.51,0.49,2026-07-23,247,N20,VIIRS,h,2.0NRT,339.81,61.03,N,2026-07-24 18:06:00,2026-07-23 04:47:00,,
44.84195,-1.10637,367.0,0.51,0.49,2026-07-23,247,N20,VIIRS,h,2.0NRT,317.64,27.92,N,2026-07-24 18:06:00,2026-07-23 04:47:00,,
44.8432,-1.09213,367.0,0.51,0.49,2026-07-23,247,N20,VIIRS,h,2.0NRT,315.01,61.03,N,2026-07-24 18:06:00,2026-07-23 04:47:00,,
44.84348,-1.11243,356.13,0.5,0.49,2026-07-23,247,N20,VIIRS,n,2.0NRT,306.6,16.33,N,2026-07-24 18:06:00,2026-07-23 04:47:00,,
44.84443,-1.07787,352.18,0.51,0.49,2026-07-23,247,N20,VIIRS,n,2.0NRT,311.64,23.66,N,2026-07-24 18:06:00,2026-07-23 04:47:00,,
44.84472,-1.09819,367.0,0.51,0.49,2026-07-23,247,N20,VIIRS,h,2.0NRT,314.09,27.92,N,2026-07-24 18:06:00,2026-07-23 04:47:00,,
44.84597,-1.08395,367.0,0.51,0.49,2026-07-23,247,N20,VIIRS,h,2.0NRT,318.49,24.28,N,2026-07-24 18:06:00,2026-07-23 04:47:00,,
44.84625,-1.10425,367.0,0.51,0.49,2026-07-23,247,N20,VIIRS,h,2.0NRT,316.31,27.92,N,2026-07-24 18:06:00,2026-07-23 04:47:00,,
44.84721,-1.06968,307.39,0.51,0.49,2026-07-23,247,N20,VIIRS,n,2.0NRT,293.34,23.66,N,2026-07-24 18:06:00,2026-07-23 04:47:00,,
44.84749,-1.09002,367.0,0.51,0.49,2026-07-23,247,N20,VIIRS,h,2.0NRT,318.1,24.28,N,2026-07-24 18:06:00,2026-07-23 04:47:00,,
44.84778,-1.1103,339.4,0.5,0.49,2026-07-23,247,N20,VIIRS,n,2.0NRT,299.0,16.33,N,2026-07-24 18:06:00,2026-07-23 04:47:00,,
44.84874,-1.07576,353.81,0.51,0.49,2026-07-23,247,N20,VIIRS,n,2.0NRT,309.77,23.66,N,2026-07-24 18:06:00,2026-07-23 04:47:00,,
44.84902,-1.09608,367.0,0.51,0.49,2026-07-23,247,N20,VIIRS,h,2.0NRT,319.26,30.82,N,2026-07-24 18:06:00,2026-07-23 04:47:00,,
44.84998,-1.06148,304.15,0.51,0.49,2026-07-23,247,N20,VIIRS,n,2.0NRT,292.33,23.49,N,2026-07-24 18:06:00,2026-07-23 04:47:00,,
44.85026,-1.08183,350.09,0.51,0.49,2026-07-23,247,N20,VIIRS,n,2.0NRT,307.65,24.28,N,2026-07-24 18:06:00,2026-07-23 04:47:00,,
44.85055,-1.10213,355.92,0.51,0.49,2026-07-23,247,N20,VIIRS,n,2.0NRT,313.08,30.82,N,2026-07-24 18:06:00,2026-07-23 04:47:00,,
44.85151,-1.06756,353.38,0.51,0.49,2026-07-23,247,N20,VIIRS,n,2.0NRT,303.92,27.77,N,2026-07-24 18:06:00,2026-07-23 04:47:00,,
44.85179,-1.08789,367.0,0.51,0.49,2026-07-23,247,N20,VIIRS,h,2.0NRT,318.19,24.28,N,2026-07-24 18:06:00,2026-07-23 04:47:00,,
44.85303,-1.07364,352.96,0.51,0.49,2026-07-23,247,N20,VIIRS,n,2.0NRT,307.77,27.77,N,2026-07-24 18:06:00,2026-07-23 04:47:00,,
44.85332,-1.09397,355.12,0.51,0.49,2026-07-23,247,N20,VIIRS,n,2.0NRT,325.7,30.82,N,2026-07-24 18:06:00,2026-07-23 04:47:00,,
44.85428,-1.05937,334.12,0.51,0.49,2026-07-23,247,N20,VIIRS,n,2.0NRT,304.51,23.49,N,2026-07-24 18:06:00,2026-07-23 04:47:00,,
44.85456,-1.07972,367.0,0.51,0.49,2026-07-23,247,N20,VIIRS,h,2.0NRT,317.38,17.35,N,2026-07-24 18:06:00,2026-07-23 04:47:00,,
44.85484,-1.10002,345.84,0.51,0.49,2026-07-23,247,N20,VIIRS,n,2.0NRT,313.81,30.82,N,2026-07-24 18:06:00,2026-07-23 04:47:00,,
44.85581,-1.06545,356.0,0.51,0.49,2026-07-23,247,N20,VIIRS,n,2.0NRT,321.38,27.77,N,2026-07-24 18:06:00,2026-07-23 04:47:00,,
44.85609,-1.08578,354.49,0.51,0.49,2026-07-23,247,N20,VIIRS,n,2.0NRT,307.73,17.35,N,2026-07-24 18:06:00,2026-07-23 04:47:00,,
44.85706,-1.05116,335.87,0.51,0.49,2026-07-23,247,N20,VIIRS,n,2.0NRT,295.1,64.69,N,2026-07-24 18:06:00,2026-07-23 04:47:00,,
44.85734,-1.07152,351.48,0.51,0.49,2026-07-23,247,N20,VIIRS,n,2.0NRT,307.9,27.77,N,2026-07-24 18:06:00,2026-07-23 04:47:00,,
44.85762,-1.09186,352.02,0.51,0.49,2026-07-23,247,N20,VIIRS,n,2.0NRT,327.69,29.45,N,2026-07-24 18:06:00,2026-07-23 04:47:00,,
44.85858,-1.05724,367.0,0.51,0.49,2026-07-23,247,N20,VIIRS,h,2.0NRT,339.22,64.69,N,2026-07-24 18:06:00,2026-07-23 04:47:00,,
44.85886,-1.07761,354.6,0.51,0.49,2026-07-23,247,N20,VIIRS,n,2.0NRT,311.76,17.35,N,2026-07-24 18:06:00,2026-07-23 04:47:00,,
44.85914,-1.09793,339.34,0.51,0.49,2026-07-23,247,N20,VIIRS,n,2.0NRT,298.13,29.45,N,2026-07-24 18:06:00,2026-07-23 04:47:00,,
44.86011,-1.06332,342.96,0.51,0.49,2026-07-23,247,N20,VIIRS,n,2.0NRT,302.66,13.73,N,2026-07-24 18:06:00,2026-07-23 04:47:00,,
44.8604,-1.08369,367.0,0.51,0.49,2026-07-23,247,N20,VIIRS,h,2.0NRT,310.81,17.35,N,2026-07-24 18:06:00,2026-07-23 04:47:00,,
44.86135,-1.04902,331.02,0.51,0.49,2026-07-23,247,N20,VIIRS,n,2.0NRT,315.91,64.69,N,2026-07-24 18:06:00,2026-07-23 04:47:00,,
44.86164,-1.06941,348.82,0.51,0.49,2026-07-23,247,N20,VIIRS,n,2.0NRT,309.63,13.73,N,2026-07-24 18:06:00,2026-07-23 04:47:00,,
44.86192,-1.08975,350.96,0.51,0.49,2026-07-23,247,N20,VIIRS,n,2.0NRT,316.13,29.45,N,2026-07-24 18:06:00,2026-07-23 04:47:00,,
44.86288,-1.05511,353.59,0.51,0.49,2026-07-23,247,N20,VIIRS,n,2.0NRT,311.07,64.69,N,2026-07-24 18:06:00,2026-07-23 04:47:00,,
44.86317,-1.07549,367.0,0.51,0.49,2026-07-23,247,N20,VIIRS,h,2.0NRT,317.26,28.88,N,2026-07-24 18:06:00,2026-07-23 04:47:00,,
44.86344,-1.09581,330.43,0.51,0.49,2026-07-23,247,N20,VIIRS,n,2.0NRT,291.15,29.45,N,2026-07-24 18:06:00,2026-07-23 04:47:00,,
44.86441,-1.0612,334.83,0.51,0.49,2026-07-23,247,N20,VIIRS,n,2.0NRT,301.76,13.73,N,2026-07-24 18:06:00,2026-07-23 04:47:00,,
44.86469,-1.08156,355.12,0.51,0.49,2026-07-23,247,N20,VIIRS,n,2.0NRT,326.69,28.88,N,2026-07-24 18:06:00,2026-07-23 04:47:00,,
44.86566,-1.04689,352.77,0.51,0.49,2026-07-23,247,N20,VIIRS,n,2.0NRT,312.89,9.38,N,2026-07-24 18:06:00,2026-07-23 04:47:00,,
44.86594,-1.06728,351.58,0.51,0.49,2026-07-23,247,N20,VIIRS,n,2.0NRT,309.66,13.73,N,2026-07-24 18:06:00,2026-07-23 04:47:00,,
44.86621,-1.08762,345.15,0.51,0.49,2026-07-23,247,N20,VIIRS,n,2.0NRT,294.77,9.24,N,2026-07-24 18:06:00,2026-07-23 04:47:00,,
44.86718,-1.05298,337.52,0.51,0.49,2026-07-23,247,N20,VIIRS,n,2.0NRT,303.55,9.38,N,2026-07-24 18:06:00,2026-07-23 04:47:00,,
44.86747,-1.07337,367.0,0.51,0.49,2026-07-23,247,N20,VIIRS,h,2.0NRT,312.63,28.88,N,2026-07-24 18:06:00,2026-07-23 04:47:00,,
44.86871,-1.05907,326.48,0.51,0.49,2026-07-23,247,N20,VIIRS,n,2.0NRT,299.51,7.76,N,2026-07-24 18:06:00,2026-07-23 04:47:00,,
44.86898,-1.07943,355.16,0.51,0.49,2026-07-23,247,N20,VIIRS,n,2.0NRT,318.6,28.88,N,2026-07-24 18:06:00,2026-07-23 04:47:00,,
44.86996,-1.04477,340.62,0.51,0.49,2026-07-23,247,N20,VIIRS,n,2.0NRT,304.52,9.38,N,2026-07-24 18:06:00,2026-07-23 04:47:00,,
44.87024,-1.06515,338.63,0.51,0.49,2026-07-23,247,N20,VIIRS,n,2.0NRT,303.47,7.76,N,2026-07-24 18:06:00,2026-07-23 04:47:00,,
44.8705,-1.08548,301.99,0.51,0.49,2026-07-23,247,N20,VIIRS,n,2.0NRT,290.33,9.24,N,2026-07-24 18:06:00,2026-07-23 04:47:00,,
44.87149,-1.05085,328.73,0.51,0.49,2026-07-23,247,N20,VIIRS,n,2.0NRT,300.83,9.38,N,2026-07-24 18:06:00,2026-07-23 04:47:00,,
44.87176,-1.07124,351.3,0.51,0.49,2026-07-23,247,N20,VIIRS,n,2.0NRT,310.32,15.59,N,2026-07-24 18:06:00,2026-07-23 04:47:00,,
44.87301,-1.05694,340.58,0.51,0.49,2026-07-23,247,N20,VIIRS,n,2.0NRT,304.39,7.76,N,2026-07-24 18:06:00,2026-07-23 04:47:00,,
44.87328,-1.0773,367.0,0.51,0.49,2026-07-23,247,N20,VIIRS,h,2.0NRT,310.65,15.59,N,2026-07-24 18:06:00,2026-07-23 04:47:00,,
44.87426,-1.04261,311.29,0.51,0.49,2026-07-23,247,N20,VIIRS,n,2.0NRT,295.93,2.23,N,2026-07-24 18:06:00,2026-07-23 04:47:00,,
44.87453,-1.06302,348.06,0.51,0.49,2026-07-23,247,N20,VIIRS,n,2.0NRT,308.93,7.76,N,2026-07-24 18:06:00,2026-07-23 04:47:00,,
44.87479,-1.08335,305.0,0.51,0.49,2026-07-23,247,N20,VIIRS,n,2.0NRT,289.31,5.63,N,2026-07-24 18:06:00,2026-07-23 04:47:00,,
44.87579,-1.04871,316.22,0.51,0.49,2026-07-23,247,N20,VIIRS,n,2.0NRT,299.62,2.23,N,2026-07-24 18:06:00,2026-07-23 04:47:00,,
44.87606,-1.06911,346.6,0.51,0.49,2026-07-23,247,N20,VIIRS,n,2.0NRT,304.35,15.59,N,2026-07-24 18:06:00,2026-07-23 04:47:00,,
44.87703,-1.03437,320.09,0.51,0.49,2026-07-23,247,N20,VIIRS,n,2.0NRT,296.69,4.04,N,2026-07-24 18:06:00,2026-07-23 04:47:00,,
44.87732,-1.05482,331.86,0.51,0.49,2026-07-23,247,N20,VIIRS,n,2.0NRT,302.46,4.7,N,2026-07-24 18:06:00,2026-07-23 04:47:00,,
44.87758,-1.07518,356.19,0.51,0.49,2026-07-23,247,N20,VIIRS,n,2.0NRT,301.78,15.59,N,2026-07-24 18:06:00,2026-07-23 04:47:00,,
44.87856,-1.04046,310.92,0.51,0.49,2026-07-23,247,N20,VIIRS,n,2.0NRT,296.23,2.23,N,2026-07-24 18:06:00,2026-07-23 04:47:00,,
44.87883,-1.06091,332.74,0.51,0.49,2026-07-23,247,N20,VIIRS,n,2.0NRT,302.33,4.7,N,2026-07-24 18:06:00,2026-07-23 04:47:00,,
44.87981,-1.02612,330.81,0.51,0.49,2026-07-23,247,N20,VIIRS,n,2.0NRT,296.92,17.93,N,2026-07-24 18:06:00,2026-07-23 04:47:00,,
44.88008,-1.04656,306.46,0.51,0.49,2026-07-23,247,N20,VIIRS,n,2.0NRT,294.59,2.23,N,2026-07-24 18:06:00,2026-07-23 04:47:00,,
44.88036,-1.06699,352.09,0.51,0.49,2026-07-23,247,N20,VIIRS,n,2.0NRT,306.9,11.77,N,2026-07-24 18:06:00,2026-07-23 04:47:00,,
44.88133,-1.03223,344.36,0.51,0.49,2026-07-23,247,N20,VIIRS,n,2.0NRT,303.86,17.93,N,2026-07-24 18:06:00,2026-07-23 04:47:00,,
44.88161,-1.05267,317.84,0.51,0.49,2026-07-23,247,N20,VIIRS,n,2.0NRT,298.61,4.7,N,2026-07-24 18:06:00,2026-07-23 04:47:00,,
44.88188,-1.07307,345.29,0.51,0.49,2026-07-23,247,N20,VIIRS,n,2.0NRT,298.11,11.77,N,2026-07-24 18:06:00,2026-07-23 04:47:00,,
44.88286,-1.03833,313.22,0.51,0.49,2026-07-23,247,N20,VIIRS,n,2.0NRT,295.95,2.81,N,2026-07-24 18:06:00,2026-07-23 04:47:00,,
44.88313,-1.05877,321.39,0.51,0.49,2026-07-23,247,N20,VIIRS,n,2.0NRT,298.88,4.7,N,2026-07-24 18:06:00,2026-07-23 04:47:00,,
44.88411,-1.02399,315.09,0.51,0.49,2026-07-23,247,N20,VIIRS,n,2.0NRT,291.17,17.93,N,2026-07-24 18:06:00,2026-07-23 04:47:00,,
44.88438,-1.04443,310.58,0.51,0.49,2026-07-23,247,N20,VIIRS,n,2.0NRT,295.51,2.81,N,2026-07-24 18:06:00,2026-07-23 04:47:00,,
44.88465,-1.06487,315.57,0.51,0.49,2026-07-23,247,N20,VIIRS,n,2.0NRT,292.69,11.77,N,2026-07-24 18:06:00,2026-07-23 04:47:00,,
44.88564,-1.03009,344.89,0.51,0.49,2026-07-23,247,N20,VIIRS,n,2.0NRT,303.22,17.93,N,2026-07-24 18:06:00,2026-07-23 04:47:00,,
44.8859,-1.05053,308.07,0.51,0.49,2026-07-23,247,N20,VIIRS,n,2.0NRT,294.8,2.01,N,2026-07-24 18:06:00,2026-07-23 04:47:00,,
44.88716,-1.03621,319.45,0.51,0.49,2026-07-23,247,N20,VIIRS,n,2.0NRT,297.63,2.81,N,2026-07-24 18:06:00,2026-07-23 04:47:00,,
44.88742,-1.05662,308.51,0.51,0.49,2026-07-23,247,N20,VIIRS,n,2.0NRT,293.0,2.01,N,2026-07-24 18:06:00,2026-07-23 04:47:00,,
44.88842,-1.02187,334.16,0.51,0.49,2026-07-23,247,N20,VIIRS,n,2.0NRT,295.44,12.25,N,2026-07-24 18:06:00,2026-07-23 04:47:00,,
44.88868,-1.0423,320.66,0.51,0.49,2026-07-23,247,N20,VIIRS,n,2.0NRT,298.5,2.81,N,2026-07-24 18:06:00,2026-07-23 04:47:00,,
44.88994,-1.02796,343.43,0.51,0.49,2026-07-23,247,N20,VIIRS,n,2.0NRT,302.27,12.25,N,2026-07-24 18:06:00,2026-07-23 04:47:00,,
44.8902,-1.04839,317.6,0.51,0.49,2026-07-23,247,N20,VIIRS,n,2.0NRT,295.05,2.01,N,2026-07-24 18:06:00,2026-07-23 04:47:00,,
44.89146,-1.03406,307.57,0.51,0.49,2026-07-23,247,N20,VIIRS,n,2.0NRT,293.69,1.78,N,2026-07-24 18:06:00,2026-07-23 04:47:00,,
44.89172,-1.0545,307.37,0.51,0.49,2026-07-23,247,N20,VIIRS,n,2.0NRT,290.97,2.01,N,2026-07-24 18:06:00,2026-07-23 04:47:00,,
44.89273,-1.01975,337.18,0.51,0.49,2026-07-23,247,N20,VIIRS,n,2.0NRT,293.75,12.25,N,2026-07-24 18:06:00,2026-07-23 04:47:00,,
44.89298,-1.04015,310.06,0.51,0.49,2026-07-23,247,N20,VIIRS,n,2.0NRT,294.31,1.78,N,2026-07-24 18:06:00,2026-07-23 04:47:00,,
44.89425,-1.02585,342.06,0.51,0.49,2026-07-23,247,N20,VIIRS,n,2.0NRT,296.02,12.25,N,2026-07-24 18:06:00,2026-07-23 04:47:00,,
44.8945,-1.04625,319.18,0.51,0.49,2026-07-23,247,N20,VIIRS,n,2.0NRT,295.71,10.14,N,2026-07-24 18:06:00,2026-07-23 04:47:00,,
44.89576,-1.03193,303.86,0.51,0.49,2026-07-23,247,N20,VIIRS,n,2.0NRT,292.29,1.78,N,2026-07-24 18:06:00,2026-07-23 04:47:00,,
44.89603,-1.05237,348.71,0.51,0.49,2026-07-23,247,N20,VIIRS,n,2.0NRT,295.44,10.14,N,2026-07-24 18:06:00,2026-07-23 04:47:00,,
44.89704,-1.01762,337.52,0.51,0.49,2026-07-23,247,N20,VIIRS,n,2.0NRT,296.74,3.39,N,2026-07-24 18:06:00,2026-07-23 04:47:00,,
44.89727,-1.03801,306.64,0.51,0.49,2026-07-23,247,N20,VIIRS,n,2.0NRT,292.38,1.78,N,2026-07-24 18:06:00,2026-07-23 04:47:00,,
44.89855,-1.02371,323.36,0.51,0.49,2026-07-23,247,N20,VIIRS,n,2.0NRT,294.36,3.39,N,2026-07-24 18:06:00,2026-07-23 04:47:00,,
44.8988,-1.04412,323.54,0.51,0.49,2026-07-23,247,N20,VIIRS,n,2.0NRT,296.3,10.14,N,2026-07-24 18:06:00,2026-07-23 04:47:00,,
44.90007,-1.0298,304.81,0.51,0.49,2026-07-23,247,N20,VIIRS,n,2.0NRT,293.19,2.02,N,2026-07-24 18:06:00,2026-07-23 04:47:00,,
44.90031,-1.05022,337.91,0.51,0.49,2026-07-23,247,N20,VIIRS,n,2.0NRT,292.43,10.14,N,2026-07-24 18:06:00,2026-07-23 04:47:00,,
44.90134,-1.01546,304.64,0.51,0.49,2026-07-23,247,N20,VIIRS,n,2.0NRT,289.67,3.39,N,2026-07-24 18:06:00,2026-07-23 04:47:00,,
44.90158,-1.03589,310.93,0.51,0.49,2026-07-23,247,N20,VIIRS,n,2.0NRT,293.68,2.02,N,2026-07-24 18:06:00,2026-07-23 04:47:00,,
44.90285,-1.02157,316.45,0.51,0.49,2026-07-23,247,N20,VIIRS,n,2.0NRT,291.9,3.39,N,2026-07-24 18:06:00,2026-07-23 04:47:00,,
44.9031,-1.04199,324.73,0.51,0.49,2026-07-23,247,N20,VIIRS,n,2.0NRT,292.64,4.0,N,2026-07-24 18:06:00,2026-07-23 04:47:00,,
44.90437,-1.02766,306.76,0.51,0.49,2026-07-23,247,N20,VIIRS,n,2.0NRT,292.1,2.02,N,2026-07-24 18:06:00,2026-07-23 04:47:00,,
44.8056,-1.14728,345.39,0.57,0.43,2026-07-23,1232,N20,VIIRS,n,2.0NRT,303.7,108.72,D,2026-07-24 18:06:00,2026-07-23 14:32:00,,
44.8079,-1.15584,367.0,0.57,0.43,2026-07-23,1232,N20,VIIRS,l,2.0NRT,334.27,40.47,D,2026-07-24 18:06:00,2026-07-23 14:32:00,,
44.80941,-1.14893,350.66,0.57,0.43,2026-07-23,1232,N20,VIIRS,n,2.0NRT,318.97,40.47,D,2026-07-24 18:06:00,2026-07-23 14:32:00,,
44.81021,-1.16436,332.58,0.57,0.43,2026-07-23,1232,N20,VIIRS,n,2.0NRT,301.62,35.62,D,2026-07-24 18:06:00,2026-07-23 14:32:00,,
44.81094,-1.14202,367.0,0.57,0.43,2026-07-23,1232,N20,VIIRS,h,2.0NRT,328.09,54.96,D,2026-07-24 18:06:00,2026-07-23 14:32:00,,
44.81173,-1.15748,367.0,0.57,0.43,2026-07-23,1232,N20,VIIRS,h,2.0NRT,313.42,40.47,D,2026-07-24 18:06:00,2026-07-23 14:32:00,,
44.81245,-1.13509,344.11,0.57,0.43,2026-07-23,1232,N20,VIIRS,n,2.0NRT,305.1,54.96,D,2026-07-24 18:06:00,2026-07-23 14:32:00,,
44.81324,-1.15058,353.92,0.57,0.43,2026-07-23,1232,N20,VIIRS,n,2.0NRT,312.63,40.47,D,2026-07-24 18:06:00,2026-07-23 14:32:00,,
44.81476,-1.14366,350.87,0.57,0.43,2026-07-23,1232,N20,VIIRS,n,2.0NRT,310.68,54.96,D,2026-07-24 18:06:00,2026-07-23 14:32:00,,
44.81555,-1.15912,336.26,0.57,0.43,2026-07-23,1232,N20,VIIRS,n,2.0NRT,309.76,48.19,D,2026-07-24 18:06:00,2026-07-23 14:32:00,,
44.81628,-1.13674,350.86,0.57,0.43,2026-07-23,1232,N20,VIIRS,n,2.0NRT,320.67,54.96,D,2026-07-24 18:06:00,2026-07-23 14:32:00,,
44.81707,-1.15222,351.57,0.57,0.43,2026-07-23,1232,N20,VIIRS,l,2.0NRT,326.67,48.19,D,2026-07-24 18:06:00,2026-07-23 14:32:00,,
44.81779,-1.12982,350.28,0.57,0.43,2026-07-23,1232,N20,VIIRS,n,2.0NRT,308.09,17.75,D,2026-07-24 18:06:00,2026-07-23 14:32:00,,
44.81852,-1.10745,344.03,0.56,0.43,2026-07-23,1232,N20,VIIRS,n,2.0NRT,294.77,72.97,D,2026-07-24 18:06:00,2026-07-23 14:32:00,,
44.81858,-1.1453,333.56,0.57,0.43,2026-07-23,1232,N20,VIIRS,l,2.0NRT,305.23,22.68,D,2026-07-24 18:06:00,2026-07-23 14:32:00,,
44.8193,-1.12292,338.91,0.57,0.43,2026-07-23,1232,N20,VIIRS,n,2.0NRT,301.25,17.75,D,2026-07-24 18:06:00,2026-07-23 14:32:00,,
44.82082,-1.11601,337.0,0.57,0.43,2026-07-23,1232,N20,VIIRS,n,2.0NRT,306.73,72.97,D,2026-07-24 18:06:00,2026-07-23 14:32:00,,
44.82088,-1.15386,367.0,0.57,0.43,2026-07-23,1232,N20,VIIRS,l,2.0NRT,327.75,48.19,D,2026-07-24 18:06:00,2026-07-23 14:32:00,,
44.82161,-1.13146,367.0,0.57,0.43,2026-07-23,1232,N20,VIIRS,h,2.0NRT,324.19,17.97,D,2026-07-24 18:06:00,2026-07-23 14:32:00,,
44.82233,-1.10909,367.0,0.56,0.43,2026-07-23,1232,N20,VIIRS,h,2.0NRT,331.16,72.97,D,2026-07-24 18:06:00,2026-07-23 14:32:00,,
44.8224,-1.14694,349.64,0.57,0.43,2026-07-23,1232,N20,VIIRS,n,2.0NRT,315.87,22.68,D,2026-07-24 18:06:00,2026-07-23 14:32:00,,
44.82312,-1.12456,336.44,0.57,0.43,2026-07-23,1232,N20,VIIRS,n,2.0NRT,306.49,17.97,D,2026-07-24 18:06:00,2026-07-23 14:32:00,,
44.82384,-1.1022,343.74,0.56,0.43,2026-07-23,1232,N20,VIIRS,n,2.0NRT,312.69,71.85,D,2026-07-24 18:06:00,2026-07-23 14:32:00,,
44.82463,-1.11765,347.52,0.57,0.43,2026-07-23,1232,N20,VIIRS,n,2.0NRT,313.1,44.59,D,2026-07-24 18:06:00,2026-07-23 14:32:00,,
44.82535,-1.09532,351.96,0.56,0.43,2026-07-23,1232,N20,VIIRS,n,2.0NRT,303.73,71.85,D,2026-07-24 18:06:00,2026-07-23 14:32:00,,
44.82615,-1.11074,367.0,0.56,0.43,2026-07-23,1232,N20,VIIRS,h,2.0NRT,335.43,44.59,D,2026-07-24 18:06:00,2026-07-23 14:32:00,,
44.82623,-1.14858,349.13,0.57,0.43,2026-07-23,1232,N20,VIIRS,n,2.0NRT,308.18,10.65,D,2026-07-24 18:06:00,2026-07-23 14:32:00,,
44.82766,-1.10385,350.21,0.56,0.43,2026-07-23,1232,N20,VIIRS,l,2.0NRT,327.15,52.46,D,2026-07-24 18:06:00,2026-07-23 14:32:00,,
44.82774,-1.14167,340.66,0.57,0.43,2026-07-23,1232,N20,VIIRS,l,2.0NRT,310.69,10.65,D,2026-07-24 18:06:00,2026-07-23 14:32:00,,
44.82845,-1.11928,348.75,0.57,0.43,2026-07-23,1232,N20,VIIRS,n,2.0NRT,315.98,44.59,D,2026-07-24 18:06:00,2026-07-23 14:32:00,,
44.82916,-1.09696,367.0,0.56,0.43,2026-07-23,1232,N20,VIIRS,l,2.0NRT,329.41,52.46,D,2026-07-24 18:06:00,2026-07-23 14:32:00,,
44.82924,-1.13476,342.19,0.57,0.43,2026-07-23,1232,N20,VIIRS,l,2.0NRT,313.7,13.86,D,2026-07-24 18:06:00,2026-07-23 14:32:00,,
44.82996,-1.11238,351.91,0.56,0.43,2026-07-23,1232,N20,VIIRS,n,2.0NRT,315.73,44.59,D,2026-07-24 18:06:00,2026-07-23 14:32:00,,
44.83067,-1.09008,367.0,0.56,0.43,2026-07-23,1232,N20,VIIRS,l,2.0NRT,331.23,106.65,D,2026-07-24 18:06:00,2026-07-23 14:32:00,,
44.83147,-1.10549,345.26,0.56,0.43,2026-07-23,1232,N20,VIIRS,n,2.0NRT,311.22,52.46,D,2026-07-24 18:06:00,2026-07-23 14:32:00,,
44.83227,-1.12093,340.43,0.57,0.43,2026-07-23,1232,N20,VIIRS,l,2.0NRT,314.49,7.58,D,2026-07-24 18:06:00,2026-07-23 14:32:00,,
44.83297,-1.09861,355.23,0.56,0.43,2026-07-23,1232,N20,VIIRS,n,2.0NRT,316.68,52.46,D,2026-07-24 18:06:00,2026-07-23 14:32:00,,
44.83366,-1.07635,343.01,0.56,0.43,2026-07-23,1232,N20,VIIRS,n,2.0NRT,302.05,250.89,D,2026-07-24 18:06:00,2026-07-23 14:32:00,,
44.83377,-1.11403,341.28,0.56,0.43,2026-07-23,1232,N20,VIIRS,l,2.0NRT,313.08,7.58,D,2026-07-24 18:06:00,2026-07-23 14:32:00,,
44.83448,-1.09172,367.0,0.56,0.43,2026-07-23,1232,N20,VIIRS,l,2.0NRT,330.9,106.65,D,2026-07-24 18:06:00,2026-07-23 14:32:00,,
44.83458,-1.1295,355.33,0.57,0.43,2026-07-23,1232,N20,VIIRS,n,2.0NRT,317.95,13.86,D,2026-07-24 18:06:00,2026-07-23 14:32:00,,
44.83598,-1.08485,367.0,0.56,0.43,2026-07-23,1232,N20,VIIRS,l,2.0NRT,325.94,106.65,D,2026-07-24 18:06:00,2026-07-23 14:32:00,,
44.83608,-1.12259,347.13,0.57,0.43,2026-07-23,1232,N20,VIIRS,n,2.0NRT,315.83,7.58,D,2026-07-24 18:06:00,2026-07-23 14:32:00,,
44.83747,-1.07799,367.0,0.56,0.43,2026-07-23,1232,N20,VIIRS,l,2.0NRT,371.33,250.89,D,2026-07-24 18:06:00,2026-07-23 14:32:00,,
44.83759,-1.11567,339.2,0.56,0.43,2026-07-23,1232,N20,VIIRS,l,2.0NRT,313.02,7.58,D,2026-07-24 18:06:00,2026-07-23 14:32:00,,
44.83828,-1.09337,349.92,0.56,0.43,2026-07-23,1232,N20,VIIRS,n,2.0NRT,314.77,33.45,D,2026-07-24 18:06:00,2026-07-23 14:32:00,,
44.83897,-1.07112,367.0,0.56,0.43,2026-07-23,1232,N20,VIIRS,h,2.0NRT,349.66,250.89,D,2026-07-24 18:06:00,2026-07-23 14:32:00,,
44.83979,-1.08649,349.72,0.56,0.43,2026-07-23,1232,N20,VIIRS,l,2.0NRT,322.02,33.45,D,2026-07-24 18:06:00,2026-07-23 14:32:00,,
44.84128,-1.07963,367.0,0.56,0.43,2026-07-23,1232,N20,VIIRS,l,2.0NRT,333.21,110.88,D,2026-07-24 18:06:00,2026-07-23 14:32:00,,
44.84278,-1.07276,367.0,0.56,0.43,2026-07-23,1232,N20,VIIRS,l,2.0NRT,335.8,110.88,D,2026-07-24 18:06:00,2026-07-23 14:32:00,,
44.8429,-1.11043,346.7,0.56,0.43,2026-07-23,1232,N20,VIIRS,n,2.0NRT,316.14,10.8,D,2026-07-24 18:06:00,2026-07-23 14:32:00,,
44.84428,-1.0659,367.0,0.56,0.43,2026-07-23,1232,N20,VIIRS,h,2.0NRT,356.06,85.88,D,2026-07-24 18:06:00,2026-07-23 14:32:00,,
44.84441,-1.10354,341.97,0.56,0.43,2026-07-23,1232,N20,VIIRS,l,2.0NRT,314.66,10.8,D,2026-07-24 18:06:00,2026-07-23 14:32:00,,
44.84808,-1.06753,351.58,0.56,0.43,2026-07-23,1232,N20,VIIRS,l,2.0NRT,339.2,85.88,D,2026-07-24 18:06:00,2026-07-23 14:32:00,,
44.84958,-1.06067,346.3,0.56,0.43,2026-07-23,1232,N20,VIIRS,n,2.0NRT,315.22,85.88,D,2026-07-24 18:06:00,2026-07-23 14:32:00,,
44.84972,-1.0983,351.03,0.56,0.43,2026-07-23,1232,N20,VIIRS,n,2.0NRT,319.58,15.58,D,2026-07-24 18:06:00,2026-07-23 14:32:00,,
44.85121,-1.09143,350.28,0.56,0.43,2026-07-23,1232,N20,VIIRS,n,2.0NRT,319.95,15.58,D,2026-07-24 18:06:00,2026-07-23 14:32:00,,
44.85338,-1.0623,348.64,0.56,0.43,2026-07-23,1232,N20,VIIRS,n,2.0NRT,316.27,26.4,D,2026-07-24 18:06:00,2026-07-23 14:32:00,,
44.85487,-1.05544,353.77,0.56,0.43,2026-07-23,1232,N20,VIIRS,n,2.0NRT,323.34,23.89,D,2026-07-24 18:06:00,2026-07-23 14:32:00,,
44.85502,-1.09306,355.82,0.56,0.43,2026-07-23,1232,N20,VIIRS,n,2.0NRT,324.5,17.58,D,2026-07-24 18:06:00,2026-07-23 14:32:00,,
44.85801,-1.07931,347.39,0.56,0.43,2026-07-23,1232,N20,VIIRS,l,2.0NRT,318.89,12.82,D,2026-07-24 18:06:00,2026-07-23 14:32:00,,
44.85883,-1.0947,347.5,0.56,0.43,2026-07-23,1232,N20,VIIRS,n,2.0NRT,315.53,17.58,D,2026-07-24 18:06:00,2026-07-23 14:32:00,,
44.86032,-1.08781,354.18,0.56,0.43,2026-07-23,1232,N20,VIIRS,n,2.0NRT,320.56,12.82,D,2026-07-24 18:06:00,2026-07-23 14:32:00,,
44.86182,-1.08094,352.99,0.56,0.43,2026-07-23,1232,N20,VIIRS,n,2.0NRT,321.53,12.82,D,2026-07-24 18:06:00,2026-07-23 14:32:00,,
44.8633,-1.07408,350.32,0.56,0.43,2026-07-23,1232,N20,VIIRS,l,2.0NRT,321.84,27.85,D,2026-07-24 18:06:00,2026-07-23 14:32:00,,
44.86414,-1.08947,348.8,0.56,0.43,2026-07-23,1232,N20,VIIRS,n,2.0NRT,311.38,18.49,D,2026-07-24 18:06:00,2026-07-23 14:32:00,,
44.86711,-1.07572,349.67,0.56,0.43,2026-07-23,1232,N20,VIIRS,n,2.0NRT,318.93,16.97,D,2026-07-24 18:06:00,2026-07-23 14:32:00,,
44.87092,-1.07737,352.78,0.56,0.43,2026-07-23,1232,N20,VIIRS,n,2.0NRT,318.59,16.97,D,2026-07-24 18:06:00,2026-07-23 14:32:00,,
44.87621,-1.07215,344.0,0.56,0.43,2026-07-23,1232,N20,VIIRS,l,2.0NRT,314.14,22.52,D,2026-07-24 18:06:00,2026-07-23 14:32:00,,
44.88001,-1.07378,351.07,0.56,0.43,2026-07-23,1232,N20,VIIRS,n,2.0NRT,315.47,22.52,D,2026-07-24 18:06:00,2026-07-23 14:32:00,,
44.88802,-1.01742,350.56,0.56,0.43,2026-07-23,1232,N20,VIIRS,n,2.0NRT,322.9,76.63,D,2026-07-24 18:06:00,2026-07-23 14:32:00,,
44.89182,-1.01904,367.0,0.56,0.43,2026-07-23,1232,N20,VIIRS,h,2.0NRT,339.67,76.63,D,2026-07-24 18:06:00,2026-07-23 14:32:00,,
44.89352,-1.04967,346.2,0.56,0.43,2026-07-23,1232,N20,VIIRS,n,2.0NRT,319.86,27.63,D,2026-07-24 18:06:00,2026-07-23 14:32:00,,
44.89732,-1.0513,367.0,0.56,0.43,2026-07-23,1232,N20,VIIRS,h,2.0NRT,353.64,161.66,D,2026-07-24 18:06:00,2026-07-23 14:32:00,,
44.89879,-1.04447,344.96,0.56,0.43,2026-07-23,1232,N20,VIIRS,n,2.0NRT,315.73,50.51,D,2026-07-24 18:06:00,2026-07-23 14:32:00,,
44.90112,-1.05294,342.94,0.56,0.43,2026-07-23,1232,N20,VIIRS,n,2.0NRT,317.82,161.66,D,2026-07-24 18:06:00,2026-07-23 14:32:00,,
44.90467,-1.01713,341.61,0.56,0.43,2026-07-23,1232,N20,VIIRS,n,2.0NRT,310.02,11.27,D,2026-07-24 18:06:00,2026-07-23 14:32:00,,
44.42702,-1.12038,330.63,0.71,0.75,2026-07-23,1412,N20,VIIRS,n,2.0NRT,297.89,2.15,D,2026-07-24 18:06:00,2026-07-23 16:12:00,,
44.43208,-1.12158,352.26,0.71,0.75,2026-07-23,1412,N20,VIIRS,n,2.0NRT,308.31,74.27,D,2026-07-24 18:06:00,2026-07-23 16:12:00,,
44.43402,-1.12015,367.0,0.71,0.75,2026-07-23,1412,N20,VIIRS,h,2.0NRT,307.09,44.23,D,2026-07-24 18:06:00,2026-07-23 16:12:00,,
44.43405,-1.12926,339.74,0.71,0.75,2026-07-23,1412,N20,VIIRS,n,2.0NRT,302.01,44.23,D,2026-07-24 18:06:00,2026-07-23 16:12:00,,
44.43908,-1.12138,367.0,0.71,0.75,2026-07-23,1412,N20,VIIRS,h,2.0NRT,300.76,14.47,D,2026-07-24 18:06:00,2026-07-23 16:12:00,,
44.8022,-1.14051,342.4,0.71,0.75,2026-07-23,1412,N20,VIIRS,n,2.0NRT,295.71,46.01,D,2026-07-24 18:06:00,2026-07-23 16:12:00,,
44.8023,-1.14973,347.25,0.71,0.75,2026-07-23,1412,N20,VIIRS,n,2.0NRT,307.28,57.14,D,2026-07-24 18:06:00,2026-07-23 16:12:00,,
44.80239,-1.15898,353.42,0.71,0.75,2026-07-23,1412,N20,VIIRS,n,2.0NRT,302.07,57.14,D,2026-07-24 18:06:00,2026-07-23 16:12:00,,
44.80413,-1.12547,336.67,0.71,0.75,2026-07-23,1412,N20,VIIRS,n,2.0NRT,295.36,129.37,D,2026-07-24 18:06:00,2026-07-23 16:12:00,,
44.80418,-1.13465,367.0,0.71,0.75,2026-07-23,1412,N20,VIIRS,h,2.0NRT,300.68,129.37,D,2026-07-24 18:06:00,2026-07-23 16:12:00,,
44.80423,-1.14387,367.0,0.71,0.75,2026-07-23,1412,N20,VIIRS,h,2.0NRT,299.17,65.54,D,2026-07-24 18:06:00,2026-07-23 16:12:00,,
44.80428,-1.15309,341.47,0.71,0.75,2026-07-23,1412,N20,VIIRS,n,2.0NRT,312.09,65.54,D,2026-07-24 18:06:00,2026-07-23 16:12:00,,
44.80902,-1.12195,367.0,0.71,0.75,2026-07-23,1412,N20,VIIRS,h,2.0NRT,299.17,128.54,D,2026-07-24 18:06:00,2026-07-23 16:12:00,,
44.80912,-1.13118,367.0,0.71,0.75,2026-07-23,1412,N20,VIIRS,h,2.0NRT,325.25,128.34,D,2026-07-24 18:06:00,2026-07-23 16:12:00,,
44.80921,-1.14038,343.05,0.71,0.75,2026-07-23,1412,N20,VIIRS,n,2.0NRT,309.69,128.34,D,2026-07-24 18:06:00,2026-07-23 16:12:00,,
44.8093,-1.14957,367.0,0.71,0.75,2026-07-23,1412,N20,VIIRS,h,2.0NRT,305.38,24.83,D,2026-07-24 18:06:00,2026-07-23 16:12:00,,
44.8111,-1.11609,337.64,0.71,0.75,2026-07-23,1412,N20,VIIRS,n,2.0NRT,297.02,59.39,D,2026-07-24 18:06:00,2026-07-23 16:12:00,,
44.81114,-1.1253,355.51,0.71,0.75,2026-07-23,1412,N20,VIIRS,n,2.0NRT,311.3,129.37,D,2026-07-24 18:06:00,2026-07-23 16:12:00,,
44.81119,-1.13452,367.0,0.71,0.75,2026-07-23,1412,N20,VIIRS,l,2.0NRT,340.5,129.37,D,2026-07-24 18:06:00,2026-07-23 16:12:00,,
44.81124,-1.14367,349.62,0.71,0.75,2026-07-23,1412,N20,VIIRS,n,2.0NRT,305.24,65.54,D,2026-07-24 18:06:00,2026-07-23 16:12:00,,
44.81129,-1.15288,343.39,0.71,0.75,2026-07-23,1412,N20,VIIRS,n,2.0NRT,304.16,65.54,D,2026-07-24 18:06:00,2026-07-23 16:12:00,,
44.81604,-1.12181,367.0,0.71,0.75,2026-07-23,1412,N20,VIIRS,h,2.0NRT,302.35,128.54,D,2026-07-24 18:06:00,2026-07-23 16:12:00,,
44.81613,-1.13105,347.77,0.71,0.75,2026-07-23,1412,N20,VIIRS,n,2.0NRT,321.34,128.34,D,2026-07-24 18:06:00,2026-07-23 16:12:00,,
44.81622,-1.14023,348.11,0.71,0.75,2026-07-23,1412,N20,VIIRS,n,2.0NRT,305.55,128.34,D,2026-07-24 18:06:00,2026-07-23 16:12:00,,
44.8163,-1.14943,350.46,0.71,0.75,2026-07-23,1412,N20,VIIRS,n,2.0NRT,303.4,24.83,D,2026-07-24 18:06:00,2026-07-23 16:12:00,,
44.81639,-1.15872,337.27,0.71,0.75,2026-07-23,1412,N20,VIIRS,n,2.0NRT,302.07,24.83,D,2026-07-24 18:06:00,2026-07-23 16:12:00,,
44.81802,-1.09748,331.61,0.72,0.75,2026-07-23,1412,N20,VIIRS,n,2.0NRT,298.6,24.04,D,2026-07-24 18:06:00,2026-07-23 16:12:00,,
44.81806,-1.10674,335.89,0.72,0.75,2026-07-23,1412,N20,VIIRS,n,2.0NRT,300.57,25.11,D,2026-07-24 18:06:00,2026-07-23 16:12:00,,
44.81815,-1.1251,367.0,0.71,0.75,2026-07-23,1412,N20,VIIRS,h,2.0NRT,305.94,41.2,D,2026-07-24 18:06:00,2026-07-23 16:12:00,,
44.8182,-1.13432,353.44,0.71,0.75,2026-07-23,1412,N20,VIIRS,n,2.0NRT,309.8,41.2,D,2026-07-24 18:06:00,2026-07-23 16:12:00,,
44.81829,-1.15272,367.0,0.71,0.75,2026-07-23,1412,N20,VIIRS,h,2.0NRT,307.07,44.5,D,2026-07-24 18:06:00,2026-07-23 16:12:00,,
44.82278,-1.09398,336.38,0.72,0.75,2026-07-23,1412,N20,VIIRS,n,2.0NRT,299.52,46.08,D,2026-07-24 18:06:00,2026-07-23 16:12:00,,
44.82287,-1.10327,367.0,0.72,0.75,2026-07-23,1412,N20,VIIRS,h,2.0NRT,313.32,46.08,D,2026-07-24 18:06:00,2026-07-23 16:12:00,,
44.82296,-1.11251,355.04,0.72,0.75,2026-07-23,1412,N20,VIIRS,n,2.0NRT,311.41,47.03,D,2026-07-24 18:06:00,2026-07-23 16:12:00,,
44.82331,-1.14934,348.04,0.71,0.75,2026-07-23,1412,N20,VIIRS,n,2.0NRT,303.66,11.2,D,2026-07-24 18:06:00,2026-07-23 16:12:00,,
44.82494,-1.07867,347.38,0.72,0.75,2026-07-23,1412,N20,VIIRS,n,2.0NRT,297.82,22.34,D,2026-07-24 18:06:00,2026-07-23 16:12:00,,
44.82499,-1.08801,355.35,0.72,0.75,2026-07-23,1412,N20,VIIRS,n,2.0NRT,303.42,24.04,D,2026-07-24 18:06:00,2026-07-23 16:12:00,,
44.82503,-1.09726,367.0,0.72,0.75,2026-07-23,1412,N20,VIIRS,h,2.0NRT,304.11,24.04,D,2026-07-24 18:06:00,2026-07-23 16:12:00,,
44.82508,-1.10654,355.59,0.72,0.75,2026-07-23,1412,N20,VIIRS,n,2.0NRT,316.08,25.11,D,2026-07-24 18:06:00,2026-07-23 16:12:00,,
44.82512,-1.11573,335.99,0.71,0.75,2026-07-23,1412,N20,VIIRS,n,2.0NRT,307.51,25.11,D,2026-07-24 18:06:00,2026-07-23 16:12:00,,
44.82954,-1.06593,332.26,0.72,0.76,2026-07-23,1412,N20,VIIRS,n,2.0NRT,298.53,29.64,D,2026-07-24 18:06:00,2026-07-23 16:12:00,,
44.82963,-1.07518,367.0,0.72,0.75,2026-07-23,1412,N20,VIIRS,h,2.0NRT,304.34,193.1,D,2026-07-24 18:06:00,2026-07-23 16:12:00,,
44.82972,-1.0845,367.0,0.72,0.75,2026-07-23,1412,N20,VIIRS,l,2.0NRT,333.17,193.1,D,2026-07-24 18:06:00,2026-07-23 16:12:00,,
44.82981,-1.09379,354.38,0.72,0.75,2026-07-23,1412,N20,VIIRS,n,2.0NRT,310.85,46.08,D,2026-07-24 18:06:00,2026-07-23 16:12:00,,
44.82989,-1.10306,332.08,0.72,0.75,2026-07-23,1412,N20,VIIRS,n,2.0NRT,306.16,46.08,D,2026-07-24 18:06:00,2026-07-23 16:12:00,,
44.83192,-1.06918,367.0,0.72,0.75,2026-07-23,1412,N20,VIIRS,h,2.0NRT,299.81,118.83,D,2026-07-24 18:06:00,2026-07-23 16:12:00,,
44.832,-1.08776,367.0,0.72,0.75,2026-07-23,1412,N20,VIIRS,h,2.0NRT,325.13,79.78,D,2026-07-24 18:06:00,2026-07-23 16:12:00,,
44.83205,-1.09703,336.35,0.72,0.75,2026-07-23,1412,N20,VIIRS,n,2.0NRT,306.87,79.78,D,2026-07-24 18:06:00,2026-07-23 16:12:00,,
44.83657,-1.06573,335.88,0.72,0.76,2026-07-23,1412,N20,VIIRS,n,2.0NRT,300.4,18.58,D,2026-07-24 18:06:00,2026-07-23 16:12:00,,
44.83665,-1.07499,367.0,0.72,0.75,2026-07-23,1412,N20,VIIRS,h,2.0NRT,313.36,23.55,D,2026-07-24 18:06:00,2026-07-23 16:12:00,,
44.83674,-1.08431,367.0,0.72,0.75,2026-07-23,1412,N20,VIIRS,h,2.0NRT,313.95,23.55,D,2026-07-24 18:06:00,2026-07-23 16:12:00,,
44.83895,-1.06893,367.0,0.72,0.75,2026-07-23,1412,N20,VIIRS,h,2.0NRT,305.88,118.83,D,2026-07-24 18:06:00,2026-07-23 16:12:00,,
44.83899,-1.07821,367.0,0.72,0.75,2026-07-23,1412,N20,VIIRS,h,2.0NRT,314.03,118.83,D,2026-07-24 18:06:00,2026-07-23 16:12:00,,
44.83903,-1.08753,337.52,0.72,0.75,2026-07-23,1412,N20,VIIRS,n,2.0NRT,307.71,79.78,D,2026-07-24 18:06:00,2026-07-23 16:12:00,,
44.8436,-1.0655,352.07,0.72,0.76,2026-07-23,1412,N20,VIIRS,n,2.0NRT,307.17,18.58,D,2026-07-24 18:06:00,2026-07-23 16:12:00,,
44.84368,-1.07479,342.74,0.72,0.75,2026-07-23,1412,N20,VIIRS,n,2.0NRT,306.01,23.55,D,2026-07-24 18:06:00,2026-07-23 16:12:00,,
44.84377,-1.08409,331.0,0.72,0.75,2026-07-23,1412,N20,VIIRS,n,2.0NRT,305.54,23.55,D,2026-07-24 18:06:00,2026-07-23 16:12:00,,
44.84597,-1.0687,341.56,0.72,0.75,2026-07-23,1412,N20,VIIRS,n,2.0NRT,308.67,24.43,D,2026-07-24 18:06:00,2026-07-23 16:12:00,,
44.85296,-1.05921,331.87,0.72,0.76,2026-07-23,1412,N20,VIIRS,l,2.0NRT,306.86,14.89,D,2026-07-24 18:06:00,2026-07-23 16:12:00,,
44.85307,-1.08703,333.02,0.72,0.75,2026-07-23,1412,N20,VIIRS,l,2.0NRT,307.82,20.58,D,2026-07-24 18:06:00,2026-07-23 16:12:00,,
44.88543,-1.01743,356.08,0.72,0.76,2026-07-23,1412,N20,VIIRS,n,2.0NRT,303.41,14.31,D,2026-07-24 18:06:00,2026-07-23 16:12:00,,
44.8924,-1.00781,341.49,0.72,0.76,2026-07-23,1412,N20,VIIRS,n,2.0NRT,300.64,17.22,D,2026-07-24 18:06:00,2026-07-23 16:12:00,,
44.89248,-1.01725,367.0,0.72,0.76,2026-07-23,1412,N20,VIIRS,h,2.0NRT,309.0,14.58,D,2026-07-24 18:06:00,2026-07-23 16:12:00,,
44.89267,-1.04526,367.0,0.72,0.76,2026-07-23,1412,N20,VIIRS,h,2.0NRT,306.08,44.08,D,2026-07-24 18:06:00,2026-07-23 16:12:00,,
44.89274,-1.05467,353.64,0.72,0.76,2026-07-23,1412,N20,VIIRS,n,2.0NRT,309.35,42.29,D,2026-07-24 18:06:00,2026-07-23 16:12:00,,
44.897,-1.0491,367.0,0.72,0.76,2026-07-23,1412,N20,VIIRS,h,2.0NRT,317.27,53.23,D,2026-07-24 18:06:00,2026-07-23 16:12:00,,
44.89711,-1.05851,345.57,0.72,0.76,2026-07-23,1412,N20,VIIRS,n,2.0NRT,305.56,53.23,D,2026-07-24 18:06:00,2026-07-23 16:12:00,,
44.89952,-1.01702,330.92,0.72,0.76,2026-07-23,1412,N20,VIIRS,n,2.0NRT,302.78,14.58,D,2026-07-24 18:06:00,2026-07-23 16:12:00,,
44.89972,-1.04504,367.0,0.72,0.76,2026-07-23,1412,N20,VIIRS,h,2.0NRT,305.71,44.08,D,2026-07-24 18:06:00,2026-07-23 16:12:00,,
44.89978,-1.05445,341.12,0.72,0.76,2026-07-23,1412,N20,VIIRS,n,2.0NRT,313.87,42.29,D,2026-07-24 18:06:00,2026-07-23 16:12:00,,
44.81068,-1.12001,,2.29,1.46,2026-07-23,446,Aqua,MODIS,85,6.1NRT,,40.07,D,2026-07-24 18:06:00,2026-07-23 06:46:00,312.62,292.09
44.8121,-1.1265,,2.29,1.46,2026-07-23,446,Aqua,MODIS,100,6.1NRT,,66.83,D,2026-07-24 18:06:00,2026-07-23 06:46:00,321.61,293.56
44.81705,-1.1466,,2.28,1.46,2026-07-23,446,Aqua,MODIS,100,6.1NRT,,89.65,D,2026-07-24 18:06:00,2026-07-23 06:46:00,328.0,293.66
44.81833,-1.15317,,2.28,1.46,2026-07-23,446,Aqua,MODIS,98,6.1NRT,,57.93,D,2026-07-24 18:06:00,2026-07-23 06:46:00,319.05,292.87
44.82292,-1.11429,,2.29,1.46,2026-07-23,446,Aqua,MODIS,100,6.1NRT,,321.43,D,2026-07-24 18:06:00,2026-07-23 06:46:00,363.36,299.99
44.82879,-1.08182,,2.29,1.47,2026-07-23,446,Aqua,MODIS,100,6.1NRT,,134.65,D,2026-07-24 18:06:00,2026-07-23 06:46:00,337.59,296.15
44.82927,-1.14088,,2.28,1.46,2026-07-23,446,Aqua,MODIS,100,6.1NRT,,207.01,D,2026-07-24 18:06:00,2026-07-23 06:46:00,349.71,296.73
44.83466,-1.04919,,2.3,1.47,2026-07-23,446,Aqua,MODIS,45,6.1NRT,,18.82,D,2026-07-24 18:06:00,2026-07-23 06:46:00,302.01,289.32
44.83515,-1.10855,,2.29,1.46,2026-07-23,446,Aqua,MODIS,100,6.1NRT,,641.13,D,2026-07-24 18:06:00,2026-07-23 06:46:00,388.53,312.14
44.84103,-1.07603,,2.29,1.47,2026-07-23,446,Aqua,MODIS,100,6.1NRT,,313.96,D,2026-07-24 18:06:00,2026-07-23 06:46:00,362.21,304.7
44.84148,-1.13513,,2.28,1.46,2026-07-23,446,Aqua,MODIS,100,6.1NRT,,108.92,D,2026-07-24 18:06:00,2026-07-23 06:46:00,332.47,293.65
44.84693,-1.04342,,2.3,1.47,2026-07-23,446,Aqua,MODIS,58,6.1NRT,,40.65,D,2026-07-24 18:06:00,2026-07-23 06:46:00,313.09,291.78
44.84738,-1.10276,,2.29,1.46,2026-07-23,446,Aqua,MODIS,100,6.1NRT,,167.32,D,2026-07-24 18:06:00,2026-07-23 06:46:00,343.53,300.21
44.85328,-1.07025,,2.29,1.47,2026-07-23,446,Aqua,MODIS,100,6.1NRT,,230.71,D,2026-07-24 18:06:00,2026-07-23 06:46:00,352.76,306.06
44.85891,-1.03255,,2.3,1.47,2026-07-23,446,Aqua,MODIS,70,6.1NRT,,72.0,D,2026-07-24 18:06:00,2026-07-23 06:46:00,323.88,292.25
44.85919,-1.03757,,2.3,1.47,2026-07-23,446,Aqua,MODIS,99,6.1NRT,,105.96,D,2026-07-24 18:06:00,2026-07-23 06:46:00,332.23,295.9
44.85961,-1.097,,2.29,1.46,2026-07-23,446,Aqua,MODIS,100,6.1NRT,,101.29,D,2026-07-24 18:06:00,2026-07-23 06:46:00,331.15,295.76
44.86539,-1.05935,,2.29,1.47,2026-07-23,446,Aqua,MODIS,100,6.1NRT,,201.6,D,2026-07-24 18:06:00,2026-07-23 06:46:00,348.93,304.29
44.86553,-1.06445,,2.29,1.47,2026-07-23,446,Aqua,MODIS,100,6.1NRT,,194.27,D,2026-07-24 18:06:00,2026-07-23 06:46:00,348.0,304.03
44.87183,-1.09121,,2.29,1.46,2026-07-23,446,Aqua,MODIS,6,6.1NRT,,35.79,D,2026-07-24 18:06:00,2026-07-23 06:46:00,312.58,289.87
44.87185,-1.08604,,2.29,1.46,2026-07-23,446,Aqua,MODIS,36,6.1NRT,,54.21,D,2026-07-24 18:06:00,2026-07-23 06:46:00,318.8,293.03
44.87764,-1.05356,,2.29,1.47,2026-07-23,446,Aqua,MODIS,43,6.1NRT,,62.69,D,2026-07-24 18:06:00,2026-07-23 06:46:00,320.92,297.41
44.87777,-1.05864,,2.29,1.47,2026-07-23,446,Aqua,MODIS,39,6.1NRT,,65.07,D,2026-07-24 18:06:00,2026-07-23 06:46:00,322.08,296.63
44.88342,-1.02088,,2.3,1.47,2026-07-23,446,Aqua,MODIS,35,6.1NRT,,32.65,D,2026-07-24 18:06:00,2026-07-23 06:46:00,309.16,292.46
44.88988,-1.04773,,2.29,1.47,2026-07-23,446,Aqua,MODIS,29,6.1NRT,,28.75,D,2026-07-24 18:06:00,2026-07-23 06:46:00,307.48,290.78
44.89569,-1.01508,,2.3,1.47,2026-07-23,446,Aqua,MODIS,94,6.1NRT,,65.1,D,2026-07-24 18:06:00,2026-07-23 06:46:00,320.84,292.32
44.80465,-1.14271,,1.05,1.02,2026-07-23,928,Terra,MODIS,93,6.1NRT,,52.97,D,2026-07-24 18:06:00,2026-07-23 11:28:00,346.84,303.12
44.8067,-1.15545,,1.05,1.02,2026-07-23,928,Terra,MODIS,100,6.1NRT,,211.3,D,2026-07-24 18:06:00,2026-07-23 11:28:00,390.68,303.54
44.81145,-1.1272,,1.05,1.02,2026-07-23,928,Terra,MODIS,70,6.1NRT,,16.15,D,2026-07-24 18:06:00,2026-07-23 11:28:00,326.28,302.49
44.8135,-1.13995,,1.05,1.02,2026-07-23,928,Terra,MODIS,100,6.1NRT,,121.07,D,2026-07-24 18:06:00,2026-07-23 11:28:00,371.14,307.32
44.81555,-1.1527,,1.05,1.02,2026-07-23,928,Terra,MODIS,100,6.1NRT,,170.32,D,2026-07-24 18:06:00,2026-07-23 11:28:00,382.76,309.51
44.81826,-1.11169,,1.05,1.02,2026-07-23,928,Terra,MODIS,79,6.1NRT,,17.71,D,2026-07-24 18:06:00,2026-07-23 11:28:00,327.44,304.02
44.8203,-1.12444,,1.05,1.02,2026-07-23,928,Terra,MODIS,100,6.1NRT,,108.96,D,2026-07-24 18:06:00,2026-07-23 11:28:00,368.8,312.52
44.82235,-1.1372,,1.05,1.02,2026-07-23,928,Terra,MODIS,100,6.1NRT,,178.5,D,2026-07-24 18:06:00,2026-07-23 11:28:00,384.99,319.25
44.8244,-1.14995,,1.05,1.02,2026-07-23,928,Terra,MODIS,100,6.1NRT,,90.3,D,2026-07-24 18:06:00,2026-07-23 11:28:00,362.09,305.98
44.82506,-1.09616,,1.05,1.03,2026-07-23,928,Terra,MODIS,97,6.1NRT,,66.67,D,2026-07-24 18:06:00,2026-07-23 11:28:00,353.63,307.54
44.82711,-1.10893,,1.05,1.02,2026-07-23,928,Terra,MODIS,100,6.1NRT,,207.62,D,2026-07-24 18:06:00,2026-07-23 11:28:00,390.79,321.67
44.82916,-1.12168,,1.05,1.02,2026-07-23,928,Terra,MODIS,100,6.1NRT,,105.5,D,2026-07-24 18:06:00,2026-07-23 11:28:00,367.8,322.02
44.8312,-1.13443,,1.05,1.02,2026-07-23,928,Terra,MODIS,99,6.1NRT,,80.13,D,2026-07-24 18:06:00,2026-07-23 11:28:00,358.5,314.93
44.83187,-1.0806,,1.05,1.03,2026-07-23,928,Terra,MODIS,80,6.1NRT,,19.84,D,2026-07-24 18:06:00,2026-07-23 11:28:00,328.47,306.09
44.83324,-1.14719,,1.05,1.02,2026-07-23,928,Terra,MODIS,62,6.1NRT,,16.16,D,2026-07-24 18:06:00,2026-07-23 11:28:00,324.72,304.11
44.83392,-1.09338,,1.05,1.03,2026-07-23,928,Terra,MODIS,100,6.1NRT,,247.55,D,2026-07-24 18:06:00,2026-07-23 11:28:00,397.43,322.79
44.83597,-1.10616,,1.05,1.02,2026-07-23,928,Terra,MODIS,100,6.1NRT,,102.22,D,2026-07-24 18:06:00,2026-07-23 11:28:00,366.4,320.42
44.83801,-1.11892,,1.05,1.02,2026-07-23,928,Terra,MODIS,80,6.1NRT,,45.58,D,2026-07-24 18:06:00,2026-07-23 11:28:00,344.58,314.42
44.83868,-1.06503,,1.06,1.03,2026-07-23,928,Terra,MODIS,90,6.1NRT,,40.8,D,2026-07-24 18:06:00,2026-07-23 11:28:00,341.46,308.06
44.84073,-1.07782,,1.05,1.03,2026-07-23,928,Terra,MODIS,100,6.1NRT,,153.14,D,2026-07-24 18:06:00,2026-07-23 11:28:00,379.25,317.63
44.84278,-1.09061,,1.05,1.03,2026-07-23,928,Terra,MODIS,96,6.1NRT,,64.7,D,2026-07-24 18:06:00,2026-07-23 11:28:00,353.21,318.04
44.84482,-1.10339,,1.05,1.02,2026-07-23,928,Terra,MODIS,94,6.1NRT,,55.81,D,2026-07-24 18:06:00,2026-07-23 11:28:00,348.85,316.08
44.84549,-1.04945,,1.06,1.03,2026-07-23,928,Terra,MODIS,44,6.1NRT,,10.0,D,2026-07-24 18:06:00,2026-07-23 11:28:00,320.21,303.63
44.84754,-1.06225,,1.06,1.03,2026-07-23,928,Terra,MODIS,100,6.1NRT,,192.49,D,2026-07-24 18:06:00,2026-07-23 11:28:00,387.65,316.77
44.84959,-1.07504,,1.05,1.03,2026-07-23,928,Terra,MODIS,100,6.1NRT,,90.07,D,2026-07-24 18:06:00,2026-07-23 11:28:00,362.58,321.47
44.85163,-1.08783,,1.05,1.03,2026-07-23,928,Terra,MODIS,98,6.1NRT,,72.55,D,2026-07-24 18:06:00,2026-07-23 11:28:00,356.75,322.33
44.85368,-1.10061,,1.05,1.02,2026-07-23,928,Terra,MODIS,95,6.1NRT,,57.78,D,2026-07-24 18:06:00,2026-07-23 11:28:00,350.18,315.76
44.8564,-1.05947,,1.06,1.03,2026-07-23,928,Terra,MODIS,82,6.1NRT,,70.07,D,2026-07-24 18:06:00,2026-07-23 11:28:00,356.72,320.18
44.85845,-1.07227,,1.05,1.03,2026-07-23,928,Terra,MODIS,95,6.1NRT,,59.23,D,2026-07-24 18:06:00,2026-07-23 11:28:00,350.84,320.23
44.86049,-1.08507,,1.05,1.03,2026-07-23,928,Terra,MODIS,100,6.1NRT,,82.06,D,2026-07-24 18:06:00,2026-07-23 11:28:00,360.28,321.08
44.86253,-1.09785,,1.05,1.02,2026-07-23,928,Terra,MODIS,84,6.1NRT,,26.95,D,2026-07-24 18:06:00,2026-07-23 11:28:00,332.83,308.16
44.86322,-1.04387,,1.06,1.03,2026-07-23,928,Terra,MODIS,36,6.1NRT,,18.39,D,2026-07-24 18:06:00,2026-07-23 11:28:00,327.91,308.98
44.86527,-1.05668,,1.06,1.03,2026-07-23,928,Terra,MODIS,47,6.1NRT,,31.39,D,2026-07-24 18:06:00,2026-07-23 11:28:00,337.04,315.34
44.86731,-1.06949,,1.05,1.03,2026-07-23,928,Terra,MODIS,61,6.1NRT,,56.19,D,2026-07-24 18:06:00,2026-07-23 11:28:00,350.73,319.89
44.86935,-1.08228,,1.05,1.03,2026-07-23,928,Terra,MODIS,92,6.1NRT,,45.99,D,2026-07-24 18:06:00,2026-07-23 11:28:00,344.22,314.8
44.87617,-1.06671,,1.05,1.03,2026-07-23,928,Terra,MODIS,85,6.1NRT,,44.54,D,2026-07-24 18:06:00,2026-07-23 11:28:00,344.06,316.68
44.87821,-1.0795,,1.05,1.03,2026-07-23,928,Terra,MODIS,85,6.1NRT,,29.33,D,2026-07-24 18:06:00,2026-07-23 11:28:00,335.05,308.74
44.88686,-1.01639,,1.06,1.03,2026-07-23,928,Terra,MODIS,86,6.1NRT,,56.89,D,2026-07-24 18:06:00,2026-07-23 11:28:00,351.01,306.09
44.88893,-1.02922,,1.06,1.03,2026-07-23,928,Terra,MODIS,91,6.1NRT,,63.56,D,2026-07-24 18:06:00,2026-07-23 11:28:00,353.88,310.19
44.89573,-1.01361,,1.06,1.03,2026-07-23,928,Terra,MODIS,40,6.1NRT,,16.96,D,2026-07-24 18:06:00,2026-07-23 11:28:00,327.19,305.34
44.8978,-1.02643,,1.06,1.03,2026-07-23,928,Terra,MODIS,28,6.1NRT,,18.37,D,2026-07-24 18:06:00,2026-07-23 11:28:00,328.28,309.57
44.42313,-1.16612,,3.41,1.74,2026-07-23,1414,Aqua,MODIS,38,6.1NRT,,35.95,D,2026-07-24 18:06:00,2026-07-23 16:14:00,314.39,301.27
44.43126,-1.13329,,3.39,1.74,2026-07-23,1414,Aqua,MODIS,86,6.1NRT,,244.51,D,2026-07-24 18:06:00,2026-07-23 16:14:00,342.69,303.07
44.43341,-1.1271,,3.39,1.74,2026-07-23,1414,Aqua,MODIS,85,6.1NRT,,236.69,D,2026-07-24 18:06:00,2026-07-23 16:14:00,342.17,302.92
44.79181,-1.17394,,3.32,1.72,2026-07-23,1414,Aqua,MODIS,73,6.1NRT,,210.76,D,2026-07-24 18:06:00,2026-07-23 16:14:00,341.53,298.81
44.79329,-1.16676,,3.32,1.72,2026-07-23,1414,Aqua,MODIS,92,6.1NRT,,384.8,D,2026-07-24 18:06:00,2026-07-23 16:14:00,355.69,300.13
44.80202,-1.136,,3.3,1.72,2026-07-23,1414,Aqua,MODIS,100,6.1NRT,,854.13,D,2026-07-24 18:06:00,2026-07-23 16:14:00,381.45,303.53
44.80332,-1.12864,,3.3,1.72,2026-07-23,1414,Aqua,MODIS,100,6.1NRT,,729.52,D,2026-07-24 18:06:00,2026-07-23 16:14:00,375.52,303.3
44.80746,-1.17427,,3.32,1.72,2026-07-23,1414,Aqua,MODIS,61,6.1NRT,,163.13,D,2026-07-24 18:06:00,2026-07-23 16:14:00,336.52,302.03
44.81615,-1.14353,,3.3,1.72,2026-07-23,1414,Aqua,MODIS,100,6.1NRT,,483.7,D,2026-07-24 18:06:00,2026-07-23 16:14:00,363.2,310.01
44.81743,-1.13623,,3.3,1.72,2026-07-23,1414,Aqua,MODIS,100,6.1NRT,,513.05,D,2026-07-24 18:06:00,2026-07-23 16:14:00,365.01,310.37
44.82632,-1.10554,,3.28,1.71,2026-07-23,1414,Aqua,MODIS,100,6.1NRT,,919.65,D,2026-07-24 18:06:00,2026-07-23 16:14:00,385.0,315.64
44.8274,-1.09814,,3.28,1.71,2026-07-23,1414,Aqua,MODIS,100,6.1NRT,,1146.73,D,2026-07-24 18:06:00,2026-07-23 16:14:00,393.01,316.0
44.83642,-1.0678,,3.26,1.71,2026-07-23,1414,Aqua,MODIS,100,6.1NRT,,480.7,D,2026-07-24 18:06:00,2026-07-23 16:14:00,364.08,308.3
44.8373,-1.06028,,3.26,1.71,2026-07-23,1414,Aqua,MODIS,93,6.1NRT,,262.37,D,2026-07-24 18:06:00,2026-07-23 16:14:00,347.02,306.63
44.88435,-1.00801,,3.23,1.7,2026-07-23,1414,Aqua,MODIS,28,6.1NRT,,61.04,D,2026-07-24 18:06:00,2026-07-23 16:14:00,323.79,305.02
44.88773,-1.05632,,3.25,1.7,2026-07-23,1414,Aqua,MODIS,54,6.1NRT,,129.3,D,2026-07-24 18:06:00,2026-07-23 16:14:00,333.98,309.87
44.88848,-1.0529,,3.25,1.7,2026-07-23,1414,Aqua,MODIS,87,6.1NRT,,209.25,D,2026-07-24 18:06:00,2026-07-23 16:14:00,343.21,309.95
44.90176,-1.06383,,3.25,1.7,2026-07-23,1414,Aqua,MODIS,84,6.1NRT,,130.96,D,2026-07-24 18:06:00,2026-07-23 16:14:00,332.95,305.2
44.9025,-1.06044,,3.25,1.7,2026-07-23,1414,Aqua,MODIS,54,6.1NRT,,107.0,D,2026-07-24 18:06:00,2026-07-23 16:14:00,330.75,304.87
44.41226,-1.1072,,3.6,1.78,2026-07-23,1554,Aqua,MODIS,63,6.1NRT,,72.67,D,2026-07-24 18:06:00,2026-07-23 17:54:00,320.02,301.05
44.41995,-1.15635,,3.57,1.77,2026-07-23,1554,Aqua,MODIS,0,6.1NRT,,133.31,D,2026-07-24 18:06:00,2026-07-23 17:54:00,328.86,300.62
44.42173,-1.11277,,3.6,1.78,2026-07-23,1554,Aqua,MODIS,79,6.1NRT,,258.2,D,2026-07-24 18:06:00,2026-07-23 17:54:00,341.99,302.54
44.4374,-1.11387,,3.6,1.78,2026-07-23,1554,Aqua,MODIS,49,6.1NRT,,35.64,D,2026-07-24 18:06:00,2026-07-23 17:54:00,313.05,300.51
44.79311,-1.16517,,3.6,1.78,2026-07-23,1554,Aqua,MODIS,100,6.1NRT,,793.68,D,2026-07-24 18:06:00,2026-07-23 17:54:00,374.04,304.78
44.79491,-1.12089,,3.62,1.78,2026-07-23,1554,Aqua,MODIS,90,6.1NRT,,243.34,D,2026-07-24 18:06:00,2026-07-23 17:54:00,340.3,300.15
44.80491,-1.17465,,3.6,1.78,2026-07-23,1554,Aqua,MODIS,81,6.1NRT,,288.26,D,2026-07-24 18:06:00,2026-07-23 17:54:00,345.61,308.27
44.80652,-1.1302,,3.62,1.78,2026-07-23,1554,Aqua,MODIS,100,6.1NRT,,577.26,D,2026-07-24 18:06:00,2026-07-23 17:54:00,364.12,308.53
44.80877,-1.16643,,3.6,1.78,2026-07-23,1554,Aqua,MODIS,92,6.1NRT,,401.23,D,2026-07-24 18:06:00,2026-07-23 17:54:00,354.35,308.83
44.81062,-1.12206,,3.62,1.78,2026-07-23,1554,Aqua,MODIS,100,6.1NRT,,641.54,D,2026-07-24 18:06:00,2026-07-23 17:54:00,367.33,308.17
44.81245,-1.07763,,3.64,1.79,2026-07-23,1554,Aqua,MODIS,86,6.1NRT,,174.01,D,2026-07-24 18:06:00,2026-07-23 17:54:00,334.53,300.45
44.82222,-1.13142,,3.62,1.78,2026-07-23,1554,Aqua,MODIS,93,6.1NRT,,281.36,D,2026-07-24 18:06:00,2026-07-23 17:54:00,345.54,310.68
44.82385,-1.08699,,3.64,1.79,2026-07-23,1554,Aqua,MODIS,100,6.1NRT,,673.78,D,2026-07-24 18:06:00,2026-07-23 17:54:00,369.0,308.7
44.82632,-1.12321,,3.62,1.78,2026-07-23,1554,Aqua,MODIS,93,6.1NRT,,282.06,D,2026-07-24 18:06:00,2026-07-23 17:54:00,345.57,310.98
44.82819,-1.07878,,3.64,1.79,2026-07-23,1554,Aqua,MODIS,98,6.1NRT,,434.01,D,2026-07-24 18:06:00,2026-07-23 17:54:00,356.14,308.34
44.83959,-1.08813,,3.64,1.79,2026-07-23,1554,Aqua,MODIS,72,6.1NRT,,142.25,D,2026-07-24 18:06:00,2026-07-23 17:54:00,332.18,307.73
44.8886,-1.04663,,3.66,1.79,2026-07-23,1554,Aqua,MODIS,95,6.1NRT,,332.17,D,2026-07-24 18:06:00,2026-07-23 17:54:00,349.12,308.82
44.89742,-1.05151,,3.66,1.79,2026-07-23,1554,Aqua,MODIS,89,6.1NRT,,219.39,D,2026-07-24 18:06:00,2026-07-23 17:54:00,339.43,307.95
44.36614,-1.14222,,1.24,1.11,2026-07-23,2034,Terra,MODIS,58,6.1NRT,,9.82,N,2026-07-24 18:06:00,2026-07-23 22:34:00,311.02,296.9
44.37429,-1.15942,,1.24,1.11,2026-07-23,2034,Terra,MODIS,100,6.1NRT,,68.67,N,2026-07-24 18:06:00,2026-07-23 22:34:00,345.34,298.21
44.37586,-1.14423,,1.24,1.11,2026-07-23,2034,Terra,MODIS,100,6.1NRT,,653.23,N,2026-07-24 18:06:00,2026-07-23 22:34:00,429.22,321.33
44.37743,-1.12901,,1.24,1.11,2026-07-23,2034,Terra,MODIS,100,6.1NRT,,276.94,N,2026-07-24 18:06:00,2026-07-23 22:34:00,391.16,315.36
44.37899,-1.11379,,1.25,1.11,2026-07-23,2034,Terra,MODIS,100,6.1NRT,,26.04,N,2026-07-24 18:06:00,2026-07-23 22:34:00,324.82,299.67
44.38401,-1.1614,,1.24,1.11,2026-07-23,2034,Terra,MODIS,100,6.1NRT,,42.34,N,2026-07-24 18:06:00,2026-07-23 22:34:00,334.06,298.93
44.38558,-1.14622,,1.24,1.11,2026-07-23,2034,Terra,MODIS,100,6.1NRT,,841.23,N,2026-07-24 18:06:00,2026-07-23 22:34:00,442.16,332.05
44.38715,-1.13101,,1.24,1.11,2026-07-23,2034,Terra,MODIS,100,6.1NRT,,932.36,N,2026-07-24 18:06:00,2026-07-23 22:34:00,447.52,349.04
44.38873,-1.11576,,1.25,1.11,2026-07-23,2034,Terra,MODIS,100,6.1NRT,,558.44,N,2026-07-24 18:06:00,2026-07-23 22:34:00,421.52,332.63
44.3903,-1.10052,,1.25,1.11,2026-07-23,2034,Terra,MODIS,100,6.1NRT,,29.3,N,2026-07-24 18:06:00,2026-07-23 22:34:00,326.94,298.2
44.39372,-1.16338,,1.24,1.11,2026-07-23,2034,Terra,MODIS,100,6.1NRT,,52.66,N,2026-07-24 18:06:00,2026-07-23 22:34:00,339.69,300.05
44.3953,-1.1482,,1.24,1.11,2026-07-23,2034,Terra,MODIS,100,6.1NRT,,1563.77,N,2026-07-24 18:06:00,2026-07-23 22:34:00,477.6,342.32
44.39688,-1.133,,1.24,1.11,2026-07-23,2034,Terra,MODIS,100,6.1NRT,,1108.86,N,2026-07-24 18:06:00,2026-07-23 22:34:00,457.17,354.92
44.39846,-1.11775,,1.25,1.11,2026-07-23,2034,Terra,MODIS,100,6.1NRT,,519.15,N,2026-07-24 18:06:00,2026-07-23 22:34:00,418.09,335.52
44.40005,-1.10247,,1.25,1.11,2026-07-23,2034,Terra,MODIS,100,6.1NRT,,113.18,N,2026-07-24 18:06:00,2026-07-23 22:34:00,359.59,304.43
44.40025,-1.19579,,1.24,1.11,2026-07-23,2034,Terra,MODIS,53,6.1NRT,,9.96,N,2026-07-24 18:06:00,2026-07-23 22:34:00,311.56,295.8
44.40503,-1.15017,,1.24,1.11,2026-07-23,2034,Terra,MODIS,100,6.1NRT,,1163.0,N,2026-07-24 18:06:00,2026-07-23 22:34:00,459.93,323.15
44.40661,-1.13497,,1.24,1.11,2026-07-23,2034,Terra,MODIS,100,6.1NRT,,1349.06,N,2026-07-24 18:06:00,2026-07-23 22:34:00,468.53,355.04
44.4082,-1.11973,,1.25,1.11,2026-07-23,2034,Terra,MODIS,100,6.1NRT,,456.63,N,2026-07-24 18:06:00,2026-07-23 22:34:00,412.2,335.24
44.40979,-1.10444,,1.25,1.11,2026-07-23,2034,Terra,MODIS,100,6.1NRT,,297.16,N,2026-07-24 18:06:00,2026-07-23 22:34:00,393.71,313.66
44.41475,-1.15214,,1.24,1.11,2026-07-23,2034,Terra,MODIS,100,6.1NRT,,72.14,N,2026-07-24 18:06:00,2026-07-23 22:34:00,347.11,299.28
44.41635,-1.13692,,1.24,1.11,2026-07-23,2034,Terra,MODIS,100,6.1NRT,,977.25,N,2026-07-24 18:06:00,2026-07-23 22:34:00,450.08,325.22
44.41794,-1.12169,,1.25,1.11,2026-07-23,2034,Terra,MODIS,100,6.1NRT,,374.22,N,2026-07-24 18:06:00,2026-07-23 22:34:00,403.43,323.79
44.41954,-1.10642,,1.25,1.11,2026-07-23,2034,Terra,MODIS,100,6.1NRT,,136.69,N,2026-07-24 18:06:00,2026-07-23 22:34:00,365.36,302.94
44.42287,-1.16929,,1.24,1.11,2026-07-23,2034,Terra,MODIS,53,6.1NRT,,8.01,N,2026-07-24 18:06:00,2026-07-23 22:34:00,309.33,294.66
44.42608,-1.13888,,1.24,1.11,2026-07-23,2034,Terra,MODIS,100,6.1NRT,,146.05,N,2026-07-24 18:06:00,2026-07-23 22:34:00,367.84,303.12
44.42768,-1.12363,,1.25,1.11,2026-07-23,2034,Terra,MODIS,100,6.1NRT,,584.47,N,2026-07-24 18:06:00,2026-07-23 22:34:00,423.64,329.03
44.42897,-1.12975,,1.25,1.11,2026-07-23,2034,Terra,MODIS,100,6.1NRT,,350.56,N,2026-07-24 18:06:00,2026-07-23 22:34:00,400.62,319.22
44.42929,-1.10837,,1.25,1.11,2026-07-23,2034,Terra,MODIS,100,6.1NRT,,170.14,N,2026-07-24 18:06:00,2026-07-23 22:34:00,372.63,305.29
44.43051,-1.11447,,1.25,1.11,2026-07-23,2034,Terra,MODIS,100,6.1NRT,,286.89,N,2026-07-24 18:06:00,2026-07-23 22:34:00,392.09,318.39
44.43871,-1.13173,,1.25,1.11,2026-07-23,2034,Terra,MODIS,100,6.1NRT,,92.83,N,2026-07-24 18:06:00,2026-07-23 22:34:00,353.52,301.26
44.44025,-1.11645,,1.25,1.11,2026-07-23,2034,Terra,MODIS,100,6.1NRT,,204.56,N,2026-07-24 18:06:00,2026-07-23 22:34:00,379.01,304.86
44.79176,-1.14357,,1.26,1.11,2026-07-23,2034,Terra,MODIS,100,6.1NRT,,73.07,N,2026-07-24 18:06:00,2026-07-23 22:34:00,346.69,301.02
44.79274,-1.14952,,1.26,1.11,2026-07-23,2034,Terra,MODIS,77,6.1NRT,,9.53,N,2026-07-24 18:06:00,2026-07-23 22:34:00,311.68,299.23
44.79337,-1.12809,,1.26,1.11,2026-07-23,2034,Terra,MODIS,100,6.1NRT,,512.8,N,2026-07-24 18:06:00,2026-07-23 22:34:00,416.78,318.55
44.79429,-1.13403,,1.26,1.11,2026-07-23,2034,Terra,MODIS,100,6.1NRT,,286.7,N,2026-07-24 18:06:00,2026-07-23 22:34:00,391.99,313.2
44.79498,-1.11258,,1.26,1.12,2026-07-23,2034,Terra,MODIS,100,6.1NRT,,167.21,N,2026-07-24 18:06:00,2026-07-23 22:34:00,371.69,307.56
44.79583,-1.1185,,1.26,1.12,2026-07-23,2034,Terra,MODIS,100,6.1NRT,,301.48,N,2026-07-24 18:06:00,2026-07-23 22:34:00,393.68,318.05
44.79739,-1.10295,,1.26,1.12,2026-07-23,2034,Terra,MODIS,77,6.1NRT,,8.69,N,2026-07-24 18:06:00,2026-07-23 22:34:00,309.39,298.85
44.79939,-1.18255,,1.25,1.11,2026-07-23,2034,Terra,MODIS,75,6.1NRT,,12.39,N,2026-07-24 18:06:00,2026-07-23 22:34:00,313.12,297.11
44.80095,-1.16706,,1.25,1.11,2026-07-23,2034,Terra,MODIS,100,6.1NRT,,82.14,N,2026-07-24 18:06:00,2026-07-23 22:34:00,349.93,304.5
44.80251,-1.15154,,1.26,1.11,2026-07-23,2034,Terra,MODIS,100,6.1NRT,,106.6,N,2026-07-24 18:06:00,2026-07-23 22:34:00,357.34,312.36
44.80407,-1.13602,,1.26,1.11,2026-07-23,2034,Terra,MODIS,100,6.1NRT,,167.68,N,2026-07-24 18:06:00,2026-07-23 22:34:00,372.04,315.43
44.80562,-1.12051,,1.26,1.12,2026-07-23,2034,Terra,MODIS,100,6.1NRT,,350.25,N,2026-07-24 18:06:00,2026-07-23 22:34:00,399.92,329.56
44.80718,-1.10496,,1.26,1.12,2026-07-23,2034,Terra,MODIS,100,6.1NRT,,336.94,N,2026-07-24 18:06:00,2026-07-23 22:34:00,398.13,314.9
44.80874,-1.08936,,1.26,1.12,2026-07-23,2034,Terra,MODIS,98,6.1NRT,,18.73,N,2026-07-24 18:06:00,2026-07-23 22:34:00,318.98,299.48
44.80915,-1.18459,,1.25,1.11,2026-07-23,2034,Terra,MODIS,89,6.1NRT,,14.27,N,2026-07-24 18:06:00,2026-07-23 22:34:00,314.2,296.15
44.81071,-1.1691,,1.25,1.11,2026-07-23,2034,Terra,MODIS,100,6.1NRT,,296.58,N,2026-07-24 18:06:00,2026-07-23 22:34:00,393.21,307.41
44.81229,-1.15354,,1.26,1.11,2026-07-23,2034,Terra,MODIS,100,6.1NRT,,53.42,N,2026-07-24 18:06:00,2026-07-23 22:34:00,338.7,305.35
44.81385,-1.13803,,1.26,1.11,2026-07-23,2034,Terra,MODIS,100,6.1NRT,,135.27,N,2026-07-24 18:06:00,2026-07-23 22:34:00,364.91,314.57
44.81541,-1.1225,,1.26,1.12,2026-07-23,2034,Terra,MODIS,100,6.1NRT,,156.6,N,2026-07-24 18:06:00,2026-07-23 22:34:00,369.65,318.63
44.81697,-1.10696,,1.26,1.12,2026-07-23,2034,Terra,MODIS,100,6.1NRT,,68.2,N,2026-07-24 18:06:00,2026-07-23 22:34:00,344.77,307.36
44.81854,-1.09138,,1.26,1.12,2026-07-23,2034,Terra,MODIS,100,6.1NRT,,182.41,N,2026-07-24 18:06:00,2026-07-23 22:34:00,374.58,309.82
44.82011,-1.07576,,1.27,1.12,2026-07-23,2034,Terra,MODIS,100,6.1NRT,,24.03,N,2026-07-24 18:06:00,2026-07-23 22:34:00,322.78,300.21
44.82048,-1.17106,,1.25,1.11,2026-07-23,2034,Terra,MODIS,83,6.1NRT,,12.55,N,2026-07-24 18:06:00,2026-07-23 22:34:00,311.73,297.33
44.82206,-1.15555,,1.26,1.11,2026-07-23,2034,Terra,MODIS,100,6.1NRT,,45.56,N,2026-07-24 18:06:00,2026-07-23 22:34:00,334.19,303.61
44.82363,-1.14003,,1.26,1.11,2026-07-23,2034,Terra,MODIS,96,6.1NRT,,18.95,N,2026-07-24 18:06:00,2026-07-23 22:34:00,318.82,302.52
44.8252,-1.1245,,1.26,1.12,2026-07-23,2034,Terra,MODIS,100,6.1NRT,,28.59,N,2026-07-24 18:06:00,2026-07-23 22:34:00,325.69,303.44
44.82677,-1.10896,,1.26,1.12,2026-07-23,2034,Terra,MODIS,100,6.1NRT,,27.91,N,2026-07-24 18:06:00,2026-07-23 22:34:00,325.24,305.24
44.82834,-1.09337,,1.26,1.12,2026-07-23,2034,Terra,MODIS,100,6.1NRT,,66.81,N,2026-07-24 18:06:00,2026-07-23 22:34:00,344.09,308.4
44.82992,-1.07775,,1.27,1.12,2026-07-23,2034,Terra,MODIS,100,6.1NRT,,230.71,N,2026-07-24 18:06:00,2026-07-23 22:34:00,383.1,313.95
44.83149,-1.06212,,1.27,1.12,2026-07-23,2034,Terra,MODIS,100,6.1NRT,,24.66,N,2026-07-24 18:06:00,2026-07-23 22:34:00,321.95,298.15
44.83183,-1.15758,,1.26,1.11,2026-07-23,2034,Terra,MODIS,98,6.1NRT,,21.06,N,2026-07-24 18:06:00,2026-07-23 22:34:00,319.12,296.86
44.83341,-1.14202,,1.26,1.11,2026-07-23,2034,Terra,MODIS,88,6.1NRT,,13.87,N,2026-07-24 18:06:00,2026-07-23 22:34:00,313.83,298.21
44.83499,-1.1265,,1.26,1.12,2026-07-23,2034,Terra,MODIS,89,6.1NRT,,14.03,N,2026-07-24 18:06:00,2026-07-23 22:34:00,314.2,301.2
44.83657,-1.11095,,1.26,1.12,2026-07-23,2034,Terra,MODIS,77,6.1NRT,,13.93,N,2026-07-24 18:06:00,2026-07-23 22:34:00,314.11,302.17
44.83815,-1.09537,,1.26,1.12,2026-07-23,2034,Terra,MODIS,100,6.1NRT,,30.1,N,2026-07-24 18:06:00,2026-07-23 22:34:00,326.11,305.02
44.83973,-1.07974,,1.27,1.12,2026-07-23,2034,Terra,MODIS,100,6.1NRT,,84.91,N,2026-07-24 18:06:00,2026-07-23 22:34:00,350.15,308.42
44.84131,-1.06411,,1.27,1.12,2026-07-23,2034,Terra,MODIS,100,6.1NRT,,24.32,N,2026-07-24 18:06:00,2026-07-23 22:34:00,321.76,299.66
44.84795,-1.09734,,1.26,1.12,2026-07-23,2034,Terra,MODIS,86,6.1NRT,,12.99,N,2026-07-24 18:06:00,2026-07-23 22:34:00,312.78,301.07
44.84954,-1.08173,,1.27,1.12,2026-07-23,2034,Terra,MODIS,59,6.1NRT,,14.12,N,2026-07-24 18:06:00,2026-07-23 22:34:00,314.6,301.29
44.85113,-1.06609,,1.27,1.12,2026-07-23,2034,Terra,MODIS,100,6.1NRT,,66.45,N,2026-07-24 18:06:00,2026-07-23 22:34:00,343.54,302.43
44.85272,-1.05043,,1.27,1.12,2026-07-23,2034,Terra,MODIS,100,6.1NRT,,94.02,N,2026-07-24 18:06:00,2026-07-23 22:34:00,352.77,301.68
44.85431,-1.03473,,1.27,1.12,2026-07-23,2034,Terra,MODIS,94,6.1NRT,,18.6,N,2026-07-24 18:06:00,2026-07-23 22:34:00,317.01,297.9
44.85776,-1.09934,,1.26,1.12,2026-07-23,2034,Terra,MODIS,79,6.1NRT,,16.18,N,2026-07-24 18:06:00,2026-07-23 22:34:00,316.27,300.38
44.85935,-1.08373,,1.27,1.12,2026-07-23,2034,Terra,MODIS,100,6.1NRT,,24.31,N,2026-07-24 18:06:00,2026-07-23 22:34:00,322.54,302.61
44.86095,-1.06808,,1.27,1.12,2026-07-23,2034,Terra,MODIS,56,6.1NRT,,15.28,N,2026-07-24 18:06:00,2026-07-23 22:34:00,315.86,301.01
44.86255,-1.0524,,1.27,1.12,2026-07-23,2034,Terra,MODIS,100,6.1NRT,,496.35,N,2026-07-24 18:06:00,2026-07-23 22:34:00,414.55,310.63
44.86415,-1.0367,,1.27,1.12,2026-07-23,2034,Terra,MODIS,100,6.1NRT,,778.78,N,2026-07-24 18:06:00,2026-07-23 22:34:00,436.23,321.35
44.86575,-1.02097,,1.28,1.12,2026-07-23,2034,Terra,MODIS,100,6.1NRT,,25.65,N,2026-07-24 18:06:00,2026-07-23 22:34:00,322.57,297.77
44.86917,-1.0857,,1.27,1.12,2026-07-23,2034,Terra,MODIS,93,6.1NRT,,16.37,N,2026-07-24 18:06:00,2026-07-23 22:34:00,316.52,299.64
44.87077,-1.07006,,1.27,1.12,2026-07-23,2034,Terra,MODIS,57,6.1NRT,,16.45,N,2026-07-24 18:06:00,2026-07-23 22:34:00,317.03,301.17
44.87238,-1.05439,,1.27,1.12,2026-07-23,2034,Terra,MODIS,96,6.1NRT,,18.68,N,2026-07-24 18:06:00,2026-07-23 22:34:00,318.65,299.64
44.87399,-1.03868,,1.27,1.12,2026-07-23,2034,Terra,MODIS,100,6.1NRT,,313.29,N,2026-07-24 18:06:00,2026-07-23 22:34:00,394.58,309.55
44.87559,-1.02293,,1.28,1.12,2026-07-23,2034,Terra,MODIS,100,6.1NRT,,211.37,N,2026-07-24 18:06:00,2026-07-23 22:34:00,379.32,307.54
44.87898,-1.08768,,1.27,1.12,2026-07-23,2034,Terra,MODIS,95,6.1NRT,,18.4,N,2026-07-24 18:06:00,2026-07-23 22:34:00,317.6,297.65
44.88059,-1.07205,,1.27,1.12,2026-07-23,2034,Terra,MODIS,100,6.1NRT,,173.78,N,2026-07-24 18:06:00,2026-07-23 22:34:00,372.98,310.64
44.88221,-1.05636,,1.27,1.12,2026-07-23,2034,Terra,MODIS,100,6.1NRT,,21.42,N,2026-07-24 18:06:00,2026-07-23 22:34:00,320.42,301.82
44.88382,-1.04065,,1.27,1.12,2026-07-23,2034,Terra,MODIS,39,6.1NRT,,8.98,N,2026-07-24 18:06:00,2026-07-23 22:34:00,309.18,298.02
44.88544,-1.02492,,1.28,1.12,2026-07-23,2034,Terra,MODIS,100,6.1NRT,,53.52,N,2026-07-24 18:06:00,2026-07-23 22:34:00,338.07,302.95
44.88705,-1.00915,,1.28,1.12,2026-07-23,2034,Terra,MODIS,100,6.1NRT,,48.15,N,2026-07-24 18:06:00,2026-07-23 22:34:00,335.46,298.99
44.89041,-1.07405,,1.27,1.12,2026-07-23,2034,Terra,MODIS,100,6.1NRT,,195.59,N,2026-07-24 18:06:00,2026-07-23 22:34:00,376.94,304.07
44.89107,-1.0807,,1.27,1.12,2026-07-23,2034,Terra,MODIS,100,6.1NRT,,32.29,N,2026-07-24 18:06:00,2026-07-23 22:34:00,327.29,296.52
44.89204,-1.05834,,1.27,1.12,2026-07-23,2034,Terra,MODIS,100,6.1NRT,,224.49,N,2026-07-24 18:06:00,2026-07-23 22:34:00,381.71,312.35
44.89262,-1.065,,1.27,1.12,2026-07-23,2034,Terra,MODIS,100,6.1NRT,,249.16,N,2026-07-24 18:06:00,2026-07-23 22:34:00,385.74,312.62
44.89418,-1.04926,,1.27,1.12,2026-07-23,2034,Terra,MODIS,100,6.1NRT,,32.04,N,2026-07-24 18:06:00,2026-07-23 22:34:00,327.46,302.1
44.89528,-1.0269,,1.28,1.12,2026-07-23,2034,Terra,MODIS,100,6.1NRT,,55.5,N,2026-07-24 18:06:00,2026-07-23 22:34:00,339.33,301.47
44.8969,-1.01115,,1.28,1.12,2026-07-23,2034,Terra,MODIS,100,6.1NRT,,184.82,N,2026-07-24 18:06:00,2026-07-23 22:34:00,374.42,305.35
44.89729,-1.01775,,1.28,1.12,2026-07-23,2034,Terra,MODIS,100,6.1NRT,,135.41,N,2026-07-24 18:06:00,2026-07-23 22:34:00,363.66,306.8
44.89884,-1.00194,,1.28,1.12,2026-07-23,2034,Terra,MODIS,100,6.1NRT,,26.25,N,2026-07-24 18:06:00,2026-07-23 22:34:00,321.63,295.4
44.90245,-1.067,,1.27,1.12,2026-07-23,2034,Terra,MODIS,100,6.1NRT,,93.71,N,2026-07-24 18:06:00,2026-07-23 22:34:00,352.56,299.29
44.90401,-1.05125,,1.27,1.12,2026-07-23,2034,Terra,MODIS,100,6.1NRT,,234.59,N,2026-07-24 18:06:00,2026-07-23 22:34:00,383.14,310.04
44.90557,-1.0355,,1.28,1.12,2026-07-23,2034,Terra,MODIS,100,6.1NRT,,25.42,N,2026-07-24 18:06:00,2026-07-23 22:34:00,321.9,296.55
44.81363,-1.13913,307.99,0.42,0.38,2026-07-23,152,N21,VIIRS,n,2.0NRT,288.24,1.77,N,2026-07-24 18:06:02,2026-07-23 03:52:00,,
44.8143,-1.14443,315.65,0.42,0.38,2026-07-23,152,N21,VIIRS,n,2.0NRT,288.54,15.84,N,2026-07-24 18:06:02,2026-07-23 03:52:00,,
44.81498,-1.14972,315.11,0.42,0.38,2026-07-23,152,N21,VIIRS,n,2.0NRT,288.29,15.84,N,2026-07-24 18:06:02,2026-07-23 03:52:00,,
44.81565,-1.15502,302.1,0.42,0.38,2026-07-23,152,N21,VIIRS,n,2.0NRT,286.39,1.01,N,2026-07-24 18:06:02,2026-07-23 03:52:00,,
44.81639,-1.13297,308.65,0.42,0.38,2026-07-23,152,N21,VIIRS,n,2.0NRT,288.28,1.77,N,2026-07-24 18:06:02,2026-07-23 03:52:00,,
44.81706,-1.13827,324.75,0.42,0.38,2026-07-23,152,N21,VIIRS,n,2.0NRT,289.13,1.77,N,2026-07-24 18:06:02,2026-07-23 03:52:00,,
44.81773,-1.14356,344.18,0.42,0.38,2026-07-23,152,N21,VIIRS,n,2.0NRT,299.69,15.84,N,2026-07-24 18:06:02,2026-07-23 03:52:00,,
44.81841,-1.14886,341.24,0.42,0.38,2026-07-23,152,N21,VIIRS,n,2.0NRT,301.09,15.84,N,2026-07-24 18:06:02,2026-07-23 03:52:00,,
44.81908,-1.15415,309.04,0.42,0.38,2026-07-23,152,N21,VIIRS,n,2.0NRT,286.91,1.01,N,2026-07-24 18:06:02,2026-07-23 03:52:00,,
44.81913,-1.12681,307.55,0.42,0.38,2026-07-23,152,N21,VIIRS,n,2.0NRT,289.96,1.81,N,2026-07-24 18:06:02,2026-07-23 03:52:00,,
44.81981,-1.1321,321.75,0.42,0.38,2026-07-23,152,N21,VIIRS,n,2.0NRT,289.82,52.98,N,2026-07-24 18:06:02,2026-07-23 03:52:00,,
44.82048,-1.1374,339.41,0.42,0.38,2026-07-23,152,N21,VIIRS,n,2.0NRT,297.71,52.98,N,2026-07-24 18:06:02,2026-07-23 03:52:00,,
44.82116,-1.14269,367.0,0.42,0.38,2026-07-23,152,N21,VIIRS,h,2.0NRT,341.38,63.43,N,2026-07-24 18:06:02,2026-07-23 03:52:00,,
44.82183,-1.14799,340.82,0.42,0.38,2026-07-23,152,N21,VIIRS,n,2.0NRT,290.71,63.43,N,2026-07-24 18:06:02,2026-07-23 03:52:00,,
44.82188,-1.12066,308.42,0.42,0.38,2026-07-23,152,N21,VIIRS,n,2.0NRT,289.83,1.81,N,2026-07-24 18:06:02,2026-07-23 03:52:00,,
44.82251,-1.15328,310.25,0.42,0.38,2026-07-23,152,N21,VIIRS,n,2.0NRT,287.49,1.45,N,2026-07-24 18:06:02,2026-07-23 03:52:00,,
44.82256,-1.12595,317.87,0.42,0.38,2026-07-23,152,N21,VIIRS,n,2.0NRT,290.49,1.81,N,2026-07-24 18:06:02,2026-07-23 03:52:00,,
44.82323,-1.13124,325.85,0.42,0.38,2026-07-23,152,N21,VIIRS,n,2.0NRT,294.69,52.98,N,2026-07-24 18:06:02,2026-07-23 03:52:00,,
44.82391,-1.13653,367.0,0.42,0.38,2026-07-23,152,N21,VIIRS,h,2.0NRT,347.89,52.98,N,2026-07-24 18:06:02,2026-07-23 03:52:00,,
44.82458,-1.14183,343.9,0.42,0.38,2026-07-23,152,N21,VIIRS,n,2.0NRT,328.57,63.43,N,2026-07-24 18:06:02,2026-07-23 03:52:00,,
44.82463,-1.1145,311.87,0.42,0.38,2026-07-23,152,N21,VIIRS,n,2.0NRT,290.05,4.62,N,2026-07-24 18:06:02,2026-07-23 03:52:00,,
44.82526,-1.14712,332.66,0.42,0.38,2026-07-23,152,N21,VIIRS,n,2.0NRT,288.76,63.43,N,2026-07-24 18:06:02,2026-07-23 03:52:00,,
44.82531,-1.11979,324.85,0.42,0.38,2026-07-23,152,N21,VIIRS,n,2.0NRT,291.1,56.35,N,2026-07-24 18:06:02,2026-07-23 03:52:00,,
44.82594,-1.15242,307.54,0.42,0.38,2026-07-23,152,N21,VIIRS,n,2.0NRT,287.86,1.45,N,2026-07-24 18:06:02,2026-07-23 03:52:00,,
44.82598,-1.12508,350.09,0.42,0.38,2026-07-23,152,N21,VIIRS,n,2.0NRT,310.08,56.35,N,2026-07-24 18:06:02,2026-07-23 03:52:00,,
44.82666,-1.13038,367.0,0.42,0.38,2026-07-23,152,N21,VIIRS,h,2.0NRT,308.15,42.23,N,2026-07-24 18:06:02,2026-07-23 03:52:00,,
44.82669,-1.10306,306.78,0.42,0.38,2026-07-23,152,N21,VIIRS,n,2.0NRT,288.34,2.82,N,2026-07-24 18:06:02,2026-07-23 03:52:00,,
44.82734,-1.13567,352.79,0.42,0.38,2026-07-23,152,N21,VIIRS,n,2.0NRT,309.04,42.23,N,2026-07-24 18:06:02,2026-07-23 03:52:00,,
44.82737,-1.10835,317.05,0.42,0.38,2026-07-23,152,N21,VIIRS,n,2.0NRT,289.22,4.62,N,2026-07-24 18:06:02,2026-07-23 03:52:00,,
44.82801,-1.14096,343.98,0.42,0.38,2026-07-23,152,N21,VIIRS,n,2.0NRT,301.36,11.78,N,2026-07-24 18:06:02,2026-07-23 03:52:00,,
44.82805,-1.11363,341.21,0.42,0.38,2026-07-23,152,N21,VIIRS,n,2.0NRT,292.13,4.62,N,2026-07-24 18:06:02,2026-07-23 03:52:00,,
44.82868,-1.14625,321.14,0.42,0.38,2026-07-23,152,N21,VIIRS,n,2.0NRT,288.44,11.78,N,2026-07-24 18:06:02,2026-07-23 03:52:00,,
44.82873,-1.11892,338.92,0.42,0.38,2026-07-23,152,N21,VIIRS,n,2.0NRT,320.24,56.35,N,2026-07-24 18:06:02,2026-07-23 03:52:00,,
44.82877,-1.09164,303.08,0.42,0.38,2026-07-23,152,N21,VIIRS,n,2.0NRT,286.79,1.24,N,2026-07-24 18:06:02,2026-07-23 03:52:00,,
44.82936,-1.15155,303.43,0.42,0.38,2026-07-23,152,N21,VIIRS,n,2.0NRT,287.69,1.41,N,2026-07-24 18:06:02,2026-07-23 03:52:00,,
44.8294,-1.12422,367.0,0.42,0.38,2026-07-23,152,N21,VIIRS,h,2.0NRT,348.54,56.35,N,2026-07-24 18:06:02,2026-07-23 03:52:00,,
44.82944,-1.09692,309.97,0.42,0.38,2026-07-23,152,N21,VIIRS,n,2.0NRT,287.31,7.89,N,2026-07-24 18:06:02,2026-07-23 03:52:00,,
44.83008,-1.12951,348.67,0.42,0.38,2026-07-23,152,N21,VIIRS,n,2.0NRT,325.55,42.23,N,2026-07-24 18:06:02,2026-07-23 03:52:00,,
44.83012,-1.1022,318.9,0.42,0.38,2026-07-23,152,N21,VIIRS,n,2.0NRT,289.42,7.89,N,2026-07-24 18:06:02,2026-07-23 03:52:00,,
44.83076,-1.13481,339.61,0.42,0.38,2026-07-23,152,N21,VIIRS,n,2.0NRT,311.77,42.23,N,2026-07-24 18:06:02,2026-07-23 03:52:00,,
44.8308,-1.10748,331.97,0.42,0.38,2026-07-23,152,N21,VIIRS,n,2.0NRT,295.8,69.35,N,2026-07-24 18:06:02,2026-07-23 03:52:00,,
44.83143,-1.1401,323.89,0.42,0.38,2026-07-23,152,N21,VIIRS,n,2.0NRT,288.86,11.78,N,2026-07-24 18:06:02,2026-07-23 03:52:00,,
44.83147,-1.11277,367.0,0.42,0.38,2026-07-23,152,N21,VIIRS,h,2.0NRT,343.38,69.35,N,2026-07-24 18:06:02,2026-07-23 03:52:00,,
44.83151,-1.08549,304.13,0.42,0.38,2026-07-23,152,N21,VIIRS,n,2.0NRT,286.37,1.24,N,2026-07-24 18:06:02,2026-07-23 03:52:00,,
44.83211,-1.1454,307.64,0.42,0.38,2026-07-23,152,N21,VIIRS,n,2.0NRT,287.8,11.78,N,2026-07-24 18:06:02,2026-07-23 03:52:00,,
44.83215,-1.11806,343.55,0.42,0.38,2026-07-23,152,N21,VIIRS,n,2.0NRT,336.57,63.51,N,2026-07-24 18:06:02,2026-07-23 03:52:00,,
44.83218,-1.09077,312.66,0.42,0.38,2026-07-23,152,N21,VIIRS,n,2.0NRT,287.4,1.24,N,2026-07-24 18:06:02,2026-07-23 03:52:00,,
44.83283,-1.12335,346.9,0.42,0.38,2026-07-23,152,N21,VIIRS,n,2.0NRT,337.56,63.51,N,2026-07-24 18:06:02,2026-07-23 03:52:00,,
44.83286,-1.09605,324.65,0.42,0.38,2026-07-23,152,N21,VIIRS,n,2.0NRT,288.74,7.89,N,2026-07-24 18:06:02,2026-07-23 03:52:00,,
44.8335,-1.12865,367.0,0.42,0.38,2026-07-23,152,N21,VIIRS,h,2.0NRT,337.09,39.41,N,2026-07-24 18:06:02,2026-07-23 03:52:00,,
44.83354,-1.10133,333.23,0.42,0.38,2026-07-23,152,N21,VIIRS,n,2.0NRT,299.16,7.89,N,2026-07-24 18:06:02,2026-07-23 03:52:00,,
44.83418,-1.13395,341.66,0.42,0.38,2026-07-23,152,N21,VIIRS,n,2.0NRT,292.2,39.41,N,2026-07-24 18:06:02,2026-07-23 03:52:00,,
44.83422,-1.10662,342.96,0.42,0.38,2026-07-23,152,N21,VIIRS,n,2.0NRT,324.43,69.35,N,2026-07-24 18:06:02,2026-07-23 03:52:00,,
44.83425,-1.07935,306.27,0.42,0.38,2026-07-23,152,N21,VIIRS,n,2.0NRT,286.31,1.46,N,2026-07-24 18:06:02,2026-07-23 03:52:00,,
44.83486,-1.13924,314.48,0.42,0.38,2026-07-23,152,N21,VIIRS,n,2.0NRT,287.76,1.63,N,2026-07-24 18:06:02,2026-07-23 03:52:00,,
44.8349,-1.1119,345.84,0.42,0.38,2026-07-23,152,N21,VIIRS,n,2.0NRT,336.93,69.35,N,2026-07-24 18:06:02,2026-07-23 03:52:00,,
44.83493,-1.08463,316.89,0.42,0.38,2026-07-23,152,N21,VIIRS,n,2.0NRT,287.47,19.91,N,2026-07-24 18:06:02,2026-07-23 03:52:00,,
44.83557,-1.11719,354.31,0.42,0.38,2026-07-23,152,N21,VIIRS,n,2.0NRT,320.83,63.51,N,2026-07-24 18:06:02,2026-07-23 03:52:00,,
44.83561,-1.0899,328.48,0.42,0.38,2026-07-23,152,N21,VIIRS,n,2.0NRT,288.76,19.91,N,2026-07-24 18:06:02,2026-07-23 03:52:00,,
44.83625,-1.12249,344.26,0.42,0.38,2026-07-23,152,N21,VIIRS,n,2.0NRT,331.24,63.51,N,2026-07-24 18:06:02,2026-07-23 03:52:00,,
44.83628,-1.09519,331.0,0.42,0.38,2026-07-23,152,N21,VIIRS,n,2.0NRT,307.68,60.25,N,2026-07-24 18:06:02,2026-07-23 03:52:00,,
44.83693,-1.12778,353.71,0.42,0.38,2026-07-23,152,N21,VIIRS,n,2.0NRT,314.19,39.41,N,2026-07-24 18:06:02,2026-07-23 03:52:00,,
44.83696,-1.10047,347.37,0.42,0.38,2026-07-23,152,N21,VIIRS,n,2.0NRT,326.92,60.25,N,2026-07-24 18:06:02,2026-07-23 03:52:00,,
44.83699,-1.07321,303.85,0.42,0.38,2026-07-23,152,N21,VIIRS,n,2.0NRT,286.11,1.46,N,2026-07-24 18:06:02,2026-07-23 03:52:00,,
44.83761,-1.13308,321.65,0.42,0.38,2026-07-23,152,N21,VIIRS,n,2.0NRT,288.76,39.41,N,2026-07-24 18:06:02,2026-07-23 03:52:00,,
44.83764,-1.10575,367.0,0.42,0.38,2026-07-23,152,N21,VIIRS,h,2.0NRT,318.19,33.04,N,2026-07-24 18:06:02,2026-07-23 03:52:00,,
44.83767,-1.07849,317.27,0.42,0.38,2026-07-23,152,N21,VIIRS,n,2.0NRT,287.58,1.46,N,2026-07-24 18:06:02,2026-07-23 03:52:00,,
44.83829,-1.13838,305.63,0.42,0.38,2026-07-23,152,N21,VIIRS,n,2.0NRT,286.65,1.63,N,2026-07-24 18:06:02,2026-07-23 03:52:00,,
44.83832,-1.11104,354.23,0.42,0.38,2026-07-23,152,N21,VIIRS,n,2.0NRT,328.0,33.04,N,2026-07-24 18:06:02,2026-07-23 03:52:00,,
44.83835,-1.08376,338.41,0.42,0.38,2026-07-23,152,N21,VIIRS,n,2.0NRT,289.44,19.91,N,2026-07-24 18:06:02,2026-07-23 03:52:00,,
44.839,-1.11633,355.57,0.42,0.38,2026-07-23,152,N21,VIIRS,n,2.0NRT,320.23,13.66,N,2026-07-24 18:06:02,2026-07-23 03:52:00,,
44.83903,-1.08904,338.81,0.42,0.38,2026-07-23,152,N21,VIIRS,n,2.0NRT,315.68,19.91,N,2026-07-24 18:06:02,2026-07-23 03:52:00,,
44.83968,-1.12162,339.31,0.42,0.38,2026-07-23,152,N21,VIIRS,n,2.0NRT,292.12,13.66,N,2026-07-24 18:06:02,2026-07-23 03:52:00,,
44.83971,-1.09432,343.21,0.42,0.38,2026-07-23,152,N21,VIIRS,n,2.0NRT,324.62,60.25,N,2026-07-24 18:06:02,2026-07-23 03:52:00,,
44.84035,-1.12692,318.58,0.42,0.38,2026-07-23,152,N21,VIIRS,n,2.0NRT,288.83,1.42,N,2026-07-24 18:06:02,2026-07-23 03:52:00,,
44.84038,-1.09961,354.48,0.42,0.38,2026-07-23,152,N21,VIIRS,n,2.0NRT,323.98,60.25,N,2026-07-24 18:06:02,2026-07-23 03:52:00,,
44.84041,-1.07235,309.24,0.42,0.38,2026-07-23,152,N21,VIIRS,n,2.0NRT,287.29,15.68,N,2026-07-24 18:06:02,2026-07-23 03:52:00,,
44.84103,-1.13221,307.43,0.42,0.38,2026-07-23,152,N21,VIIRS,n,2.0NRT,287.68,1.42,N,2026-07-24 18:06:02,2026-07-23 03:52:00,,
44.84106,-1.10489,353.61,0.42,0.38,2026-07-23,152,N21,VIIRS,n,2.0NRT,330.67,33.04,N,2026-07-24 18:06:02,2026-07-23 03:52:00,,
44.84109,-1.07762,329.75,0.42,0.38,2026-07-23,152,N21,VIIRS,n,2.0NRT,289.13,15.68,N,2026-07-24 18:06:02,2026-07-23 03:52:00,,
44.84174,-1.11018,354.25,0.42,0.38,2026-07-23,152,N21,VIIRS,n,2.0NRT,321.03,33.04,N,2026-07-24 18:06:02,2026-07-23 03:52:00,,
44.84242,-1.11546,340.66,0.42,0.38,2026-07-23,152,N21,VIIRS,n,2.0NRT,302.41,13.66,N,2026-07-24 18:06:02,2026-07-23 03:52:00,,
44.84245,-1.08818,351.91,0.42,0.38,2026-07-23,152,N21,VIIRS,n,2.0NRT,326.43,96.12,N,2026-07-24 18:06:02,2026-07-23 03:52:00,,
44.8431,-1.12076,312.98,0.42,0.38,2026-07-23,152,N21,VIIRS,n,2.0NRT,289.2,13.66,N,2026-07-24 18:06:02,2026-07-23 03:52:00,,
44.84312,-1.09346,367.0,0.42,0.38,2026-07-23,152,N21,VIIRS,h,2.0NRT,318.32,26.14,N,2026-07-24 18:06:02,2026-07-23 03:52:00,,
44.84378,-1.12605,308.49,0.42,0.38,2026-07-23,152,N21,VIIRS,n,2.0NRT,287.92,1.42,N,2026-07-24 18:06:02,2026-07-23 03:52:00,,
44.8438,-1.09874,355.56,0.42,0.38,2026-07-23,152,N21,VIIRS,n,2.0NRT,322.44,26.14,N,2026-07-24 18:06:02,2026-07-23 03:52:00,,
44.84383,-1.07148,312.16,0.42,0.38,2026-07-23,152,N21,VIIRS,n,2.0NRT,288.79,15.68,N,2026-07-24 18:06:02,2026-07-23 03:52:00,,
44.84449,-1.10403,355.57,0.42,0.38,2026-07-23,152,N21,VIIRS,n,2.0NRT,325.06,28.13,N,2026-07-24 18:06:02,2026-07-23 03:52:00,,
44.84451,-1.07676,328.2,0.42,0.38,2026-07-23,152,N21,VIIRS,n,2.0NRT,315.92,15.68,N,2026-07-24 18:06:02,2026-07-23 03:52:00,,
44.84517,-1.10932,353.36,0.42,0.38,2026-07-23,152,N21,VIIRS,n,2.0NRT,327.39,28.13,N,2026-07-24 18:06:02,2026-07-23 03:52:00,,
44.84518,-1.08204,354.09,0.42,0.38,2026-07-23,152,N21,VIIRS,n,2.0NRT,322.54,96.12,N,2026-07-24 18:06:02,2026-07-23 03:52:00,,
44.84584,-1.1146,333.64,0.42,0.38,2026-07-23,152,N21,VIIRS,n,2.0NRT,292.91,3.94,N,2026-07-24 18:06:02,2026-07-23 03:52:00,,
44.84586,-1.08731,354.35,0.42,0.38,2026-07-23,152,N21,VIIRS,n,2.0NRT,325.59,96.12,N,2026-07-24 18:06:02,2026-07-23 03:52:00,,
44.84652,-1.11989,306.24,0.42,0.38,2026-07-23,152,N21,VIIRS,n,2.0NRT,289.89,3.94,N,2026-07-24 18:06:02,2026-07-23 03:52:00,,
44.84655,-1.0926,367.0,0.42,0.38,2026-07-23,152,N21,VIIRS,h,2.0NRT,319.43,26.14,N,2026-07-24 18:06:02,2026-07-23 03:52:00,,
44.84657,-1.06534,304.93,0.42,0.38,2026-07-23,152,N21,VIIRS,n,2.0NRT,288.03,2.06,N,2026-07-24 18:06:02,2026-07-23 03:52:00,,
44.84723,-1.09788,354.86,0.42,0.38,2026-07-23,152,N21,VIIRS,n,2.0NRT,323.41,26.14,N,2026-07-24 18:06:02,2026-07-23 03:52:00,,
44.84724,-1.07061,313.57,0.42,0.38,2026-07-23,152,N21,VIIRS,n,2.0NRT,289.61,17.11,N,2026-07-24 18:06:02,2026-07-23 03:52:00,,
44.84791,-1.10317,353.32,0.42,0.38,2026-07-23,152,N21,VIIRS,n,2.0NRT,328.35,28.13,N,2026-07-24 18:06:02,2026-07-23 03:52:00,,
44.84793,-1.07589,350.75,0.42,0.38,2026-07-23,152,N21,VIIRS,n,2.0NRT,307.53,17.11,N,2026-07-24 18:06:02,2026-07-23 03:52:00,,
44.84859,-1.10845,346.18,0.42,0.38,2026-07-23,152,N21,VIIRS,n,2.0NRT,295.83,28.13,N,2026-07-24 18:06:02,2026-07-23 03:52:00,,
44.84861,-1.08117,367.0,0.42,0.38,2026-07-23,152,N21,VIIRS,h,2.0NRT,309.44,15.76,N,2026-07-24 18:06:02,2026-07-23 03:52:00,,
44.84929,-1.08645,367.0,0.42,0.38,2026-07-23,152,N21,VIIRS,h,2.0NRT,317.6,15.76,N,2026-07-24 18:06:02,2026-07-23 03:52:00,,
44.8493,-1.0592,303.2,0.42,0.38,2026-07-23,152,N21,VIIRS,n,2.0NRT,287.95,2.06,N,2026-07-24 18:06:02,2026-07-23 03:52:00,,
44.84996,-1.09173,351.65,0.42,0.38,2026-07-23,152,N21,VIIRS,n,2.0NRT,337.28,40.25,N,2026-07-24 18:06:02,2026-07-23 03:52:00,,
44.84998,-1.06447,317.84,0.42,0.38,2026-07-23,152,N21,VIIRS,n,2.0NRT,289.27,2.06,N,2026-07-24 18:06:02,2026-07-23 03:52:00,,
44.85065,-1.09701,349.09,0.42,0.38,2026-07-23,152,N21,VIIRS,n,2.0NRT,340.89,40.25,N,2026-07-24 18:06:02,2026-07-23 03:52:00,,
44.85067,-1.06975,348.07,0.42,0.38,2026-07-23,152,N21,VIIRS,n,2.0NRT,303.24,17.11,N,2026-07-24 18:06:02,2026-07-23 03:52:00,,
44.85133,-1.1023,354.45,0.42,0.38,2026-07-23,152,N21,VIIRS,n,2.0NRT,318.02,16.59,N,2026-07-24 18:06:02,2026-07-23 03:52:00,,
44.85135,-1.07502,367.0,0.42,0.38,2026-07-23,152,N21,VIIRS,h,2.0NRT,314.29,17.11,N,2026-07-24 18:06:02,2026-07-23 03:52:00,,
44.85201,-1.10759,310.79,0.42,0.38,2026-07-23,152,N21,VIIRS,n,2.0NRT,290.68,16.59,N,2026-07-24 18:06:02,2026-07-23 03:52:00,,
44.85202,-1.0803,367.0,0.42,0.38,2026-07-23,152,N21,VIIRS,h,2.0NRT,315.38,15.76,N,2026-07-24 18:06:02,2026-07-23 03:52:00,,
44.85271,-1.08558,367.0,0.42,0.38,2026-07-23,152,N21,VIIRS,h,2.0NRT,311.9,15.76,N,2026-07-24 18:06:02,2026-07-23 03:52:00,,
44.85272,-1.05833,310.46,0.42,0.38,2026-07-23,152,N21,VIIRS,n,2.0NRT,288.95,24.31,N,2026-07-24 18:06:02,2026-07-23 03:52:00,,
44.85339,-1.09086,367.0,0.42,0.38,2026-07-23,152,N21,VIIRS,h,2.0NRT,313.19,40.25,N,2026-07-24 18:06:02,2026-07-23 03:52:00,,
44.8534,-1.0636,324.43,0.42,0.38,2026-07-23,152,N21,VIIRS,n,2.0NRT,318.05,24.31,N,2026-07-24 18:06:02,2026-07-23 03:52:00,,
44.85407,-1.09614,346.08,0.42,0.38,2026-07-23,152,N21,VIIRS,n,2.0NRT,335.33,40.25,N,2026-07-24 18:06:02,2026-07-23 03:52:00,,
44.85408,-1.06888,354.11,0.42,0.38,2026-07-23,152,N21,VIIRS,n,2.0NRT,310.11,14.84,N,2026-07-24 18:06:02,2026-07-23 03:52:00,,
44.85476,-1.10144,338.35,0.42,0.38,2026-07-23,152,N21,VIIRS,n,2.0NRT,309.31,16.59,N,2026-07-24 18:06:02,2026-07-23 03:52:00,,
44.85476,-1.07416,353.68,0.42,0.38,2026-07-23,152,N21,VIIRS,n,2.0NRT,306.0,14.84,N,2026-07-24 18:06:02,2026-07-23 03:52:00,,
44.85543,-1.10673,307.25,0.42,0.38,2026-07-23,152,N21,VIIRS,n,2.0NRT,289.89,16.59,N,2026-07-24 18:06:02,2026-07-23 03:52:00,,
44.85545,-1.07944,355.47,0.42,0.38,2026-07-23,152,N21,VIIRS,n,2.0NRT,325.59,20.63,N,2026-07-24 18:06:02,2026-07-23 03:52:00,,
44.85545,-1.05219,306.41,0.42,0.38,2026-07-23,152,N21,VIIRS,n,2.0NRT,288.85,2.06,N,2026-07-24 18:06:02,2026-07-23 03:52:00,,
44.85612,-1.08472,367.0,0.42,0.38,2026-07-23,152,N21,VIIRS,h,2.0NRT,314.81,20.63,N,2026-07-24 18:06:02,2026-07-23 03:52:00,,
44.85614,-1.05746,330.41,0.42,0.38,2026-07-23,152,N21,VIIRS,n,2.0NRT,294.71,24.31,N,2026-07-24 18:06:02,2026-07-23 03:52:00,,
44.85681,-1.09,352.36,0.42,0.38,2026-07-23,152,N21,VIIRS,n,2.0NRT,324.27,39.04,N,2026-07-24 18:06:02,2026-07-23 03:52:00,,
44.85682,-1.06274,367.0,0.42,0.38,2026-07-23,152,N21,VIIRS,h,2.0NRT,305.0,24.31,N,2026-07-24 18:06:02,2026-07-23 03:52:00,,
44.85749,-1.09528,342.59,0.42,0.38,2026-07-23,152,N21,VIIRS,n,2.0NRT,337.23,39.04,N,2026-07-24 18:06:02,2026-07-23 03:52:00,,
44.8575,-1.06801,367.0,0.42,0.38,2026-07-23,152,N21,VIIRS,h,2.0NRT,312.33,14.84,N,2026-07-24 18:06:02,2026-07-23 03:52:00,,
44.85817,-1.10057,316.73,0.42,0.38,2026-07-23,152,N21,VIIRS,n,2.0NRT,289.99,3.11,N,2026-07-24 18:06:02,2026-07-23 03:52:00,,
44.85818,-1.07329,354.3,0.42,0.38,2026-07-23,152,N21,VIIRS,n,2.0NRT,310.6,14.84,N,2026-07-24 18:06:02,2026-07-23 03:52:00,,
44.85886,-1.07857,367.0,0.42,0.38,2026-07-23,152,N21,VIIRS,h,2.0NRT,315.31,20.63,N,2026-07-24 18:06:02,2026-07-23 03:52:00,,
44.85887,-1.05133,336.58,0.42,0.38,2026-07-23,152,N21,VIIRS,n,2.0NRT,298.65,36.79,N,2026-07-24 18:06:02,2026-07-23 03:52:00,,
44.85955,-1.08385,367.0,0.42,0.38,2026-07-23,152,N21,VIIRS,h,2.0NRT,315.69,20.63,N,2026-07-24 18:06:02,2026-07-23 03:52:00,,
44.85955,-1.0566,331.9,0.42,0.38,2026-07-23,152,N21,VIIRS,n,2.0NRT,331.41,34.88,N,2026-07-24 18:06:02,2026-07-23 03:52:00,,
44.86023,-1.08913,352.54,0.42,0.38,2026-07-23,152,N21,VIIRS,n,2.0NRT,317.61,39.04,N,2026-07-24 18:06:02,2026-07-23 03:52:00,,
44.86023,-1.06187,351.61,0.42,0.38,2026-07-23,152,N21,VIIRS,n,2.0NRT,308.82,34.88,N,2026-07-24 18:06:02,2026-07-23 03:52:00,,
44.86092,-1.09441,342.64,0.42,0.38,2026-07-23,152,N21,VIIRS,n,2.0NRT,303.61,39.04,N,2026-07-24 18:06:02,2026-07-23 03:52:00,,
44.86092,-1.06715,345.47,0.42,0.38,2026-07-23,152,N21,VIIRS,n,2.0NRT,302.52,13.03,N,2026-07-24 18:06:02,2026-07-23 03:52:00,,
44.8616,-1.0997,310.9,0.42,0.38,2026-07-23,152,N21,VIIRS,n,2.0NRT,288.64,3.11,N,2026-07-24 18:06:02,2026-07-23 03:52:00,,
44.8616,-1.07242,367.0,0.42,0.38,2026-07-23,152,N21,VIIRS,h,2.0NRT,317.26,13.03,N,2026-07-24 18:06:02,2026-07-23 03:52:00,,
44.8616,-1.0452,318.66,0.42,0.38,2026-07-23,152,N21,VIIRS,n,2.0NRT,288.74,36.79,N,2026-07-24 18:06:02,2026-07-23 03:52:00,,
44.86229,-1.0777,354.87,0.42,0.38,2026-07-23,152,N21,VIIRS,n,2.0NRT,322.79,34.47,N,2026-07-24 18:06:02,2026-07-23 03:52:00,,
44.86229,-1.05046,367.0,0.42,0.38,2026-07-23,152,N21,VIIRS,h,2.0NRT,332.52,36.79,N,2026-07-24 18:06:02,2026-07-23 03:52:00,,
44.86297,-1.08298,350.75,0.42,0.38,2026-07-23,152,N21,VIIRS,n,2.0NRT,338.26,34.47,N,2026-07-24 18:06:02,2026-07-23 03:52:00,,
44.86297,-1.05574,367.0,0.42,0.38,2026-07-23,152,N21,VIIRS,h,2.0NRT,314.63,34.88,N,2026-07-24 18:06:02,2026-07-23 03:52:00,,
44.86366,-1.08826,350.11,0.42,0.38,2026-07-23,152,N21,VIIRS,n,2.0NRT,305.5,6.5,N,2026-07-24 18:06:02,2026-07-23 03:52:00,,
44.86366,-1.06101,348.02,0.42,0.38,2026-07-23,152,N21,VIIRS,n,2.0NRT,303.14,34.88,N,2026-07-24 18:06:02,2026-07-23 03:52:00,,
44.86434,-1.09355,315.47,0.42,0.38,2026-07-23,152,N21,VIIRS,n,2.0NRT,288.48,6.5,N,2026-07-24 18:06:02,2026-07-23 03:52:00,,
44.86434,-1.06628,352.47,0.42,0.38,2026-07-23,152,N21,VIIRS,n,2.0NRT,309.02,13.03,N,2026-07-24 18:06:02,2026-07-23 03:52:00,,
44.86502,-1.07156,367.0,0.42,0.38,2026-07-23,152,N21,VIIRS,h,2.0NRT,311.48,13.03,N,2026-07-24 18:06:02,2026-07-23 03:52:00,,
44.86502,-1.04433,332.99,0.42,0.38,2026-07-23,152,N21,VIIRS,n,2.0NRT,303.8,22.4,N,2026-07-24 18:06:02,2026-07-23 03:52:00,,
44.86571,-1.07683,354.39,0.42,0.38,2026-07-23,152,N21,VIIRS,n,2.0NRT,325.78,34.47,N,2026-07-24 18:06:02,2026-07-23 03:52:00,,
44.86571,-1.0496,354.39,0.42,0.38,2026-07-23,152,N21,VIIRS,n,2.0NRT,327.43,22.4,N,2026-07-24 18:06:02,2026-07-23 03:52:00,,
44.86639,-1.08212,354.66,0.42,0.38,2026-07-23,152,N21,VIIRS,n,2.0NRT,323.32,34.47,N,2026-07-24 18:06:02,2026-07-23 03:52:00,,
44.86639,-1.05487,348.35,0.42,0.38,2026-07-23,152,N21,VIIRS,n,2.0NRT,305.75,7.15,N,2026-07-24 18:06:02,2026-07-23 03:52:00,,
44.86708,-1.0874,314.8,0.42,0.38,2026-07-23,152,N21,VIIRS,n,2.0NRT,288.88,6.5,N,2026-07-24 18:06:02,2026-07-23 03:52:00,,
44.86708,-1.06014,341.54,0.42,0.38,2026-07-23,152,N21,VIIRS,n,2.0NRT,299.87,7.15,N,2026-07-24 18:06:02,2026-07-23 03:52:00,,
44.86776,-1.09269,305.54,0.42,0.38,2026-07-23,152,N21,VIIRS,n,2.0NRT,288.04,6.5,N,2026-07-24 18:06:02,2026-07-23 03:52:00,,
44.86776,-1.06542,351.28,0.42,0.38,2026-07-23,152,N21,VIIRS,n,2.0NRT,305.3,11.0,N,2026-07-24 18:06:02,2026-07-23 03:52:00,,
44.86844,-1.07069,367.0,0.42,0.38,2026-07-23,152,N21,VIIRS,h,2.0NRT,314.11,11.0,N,2026-07-24 18:06:02,2026-07-23 03:52:00,,
44.86844,-1.04346,351.89,0.42,0.38,2026-07-23,152,N21,VIIRS,n,2.0NRT,310.82,22.4,N,2026-07-24 18:06:02,2026-07-23 03:52:00,,
44.86913,-1.07597,352.47,0.42,0.38,2026-07-23,152,N21,VIIRS,n,2.0NRT,324.86,26.05,N,2026-07-24 18:06:02,2026-07-23 03:52:00,,
44.86913,-1.04873,349.1,0.42,0.38,2026-07-23,152,N21,VIIRS,n,2.0NRT,307.69,22.4,N,2026-07-24 18:06:02,2026-07-23 03:52:00,,
44.86981,-1.08126,346.77,0.42,0.38,2026-07-23,152,N21,VIIRS,n,2.0NRT,322.76,26.05,N,2026-07-24 18:06:02,2026-07-23 03:52:00,,
44.86981,-1.054,343.35,0.42,0.38,2026-07-23,152,N21,VIIRS,n,2.0NRT,303.1,7.15,N,2026-07-24 18:06:02,2026-07-23 03:52:00,,
44.87049,-1.05928,339.3,0.42,0.38,2026-07-23,152,N21,VIIRS,n,2.0NRT,300.68,7.15,N,2026-07-24 18:06:02,2026-07-23 03:52:00,,
44.8705,-1.08654,308.65,0.42,0.38,2026-07-23,152,N21,VIIRS,n,2.0NRT,287.65,1.42,N,2026-07-24 18:06:02,2026-07-23 03:52:00,,
44.87117,-1.03733,306.38,0.42,0.38,2026-07-23,152,N21,VIIRS,n,2.0NRT,290.05,2.28,N,2026-07-24 18:06:02,2026-07-23 03:52:00,,
44.87118,-1.06455,342.69,0.42,0.38,2026-07-23,152,N21,VIIRS,n,2.0NRT,302.46,11.0,N,2026-07-24 18:06:02,2026-07-23 03:52:00,,
44.87186,-1.06983,354.71,0.42,0.38,2026-07-23,152,N21,VIIRS,n,2.0NRT,306.71,11.0,N,2026-07-24 18:06:02,2026-07-23 03:52:00,,
44.87186,-1.0426,327.59,0.42,0.38,2026-07-23,152,N21,VIIRS,n,2.0NRT,298.82,3.05,N,2026-07-24 18:06:02,2026-07-23 03:52:00,,
44.87254,-1.04787,327.6,0.42,0.38,2026-07-23,152,N21,VIIRS,n,2.0NRT,299.45,3.05,N,2026-07-24 18:06:02,2026-07-23 03:52:00,,
44.87255,-1.07511,367.0,0.42,0.38,2026-07-23,152,N21,VIIRS,h,2.0NRT,309.1,26.05,N,2026-07-24 18:06:02,2026-07-23 03:52:00,,
44.87323,-1.08039,346.51,0.42,0.38,2026-07-23,152,N21,VIIRS,n,2.0NRT,304.21,26.05,N,2026-07-24 18:06:02,2026-07-23 03:52:00,,
44.87323,-1.05314,351.07,0.42,0.38,2026-07-23,152,N21,VIIRS,n,2.0NRT,308.49,7.82,N,2026-07-24 18:06:02,2026-07-23 03:52:00,,
44.87391,-1.05841,349.41,0.42,0.38,2026-07-23,152,N21,VIIRS,n,2.0NRT,306.13,7.82,N,2026-07-24 18:06:02,2026-07-23 03:52:00,,
44.87392,-1.08568,303.17,0.42,0.38,2026-07-23,152,N21,VIIRS,n,2.0NRT,287.33,1.42,N,2026-07-24 18:06:02,2026-07-23 03:52:00,,
44.87459,-1.03647,320.76,0.42,0.38,2026-07-23,152,N21,VIIRS,n,2.0NRT,294.21,2.28,N,2026-07-24 18:06:02,2026-07-23 03:52:00,,
44.8746,-1.06369,367.0,0.42,0.38,2026-07-23,152,N21,VIIRS,h,2.0NRT,311.58,11.08,N,2026-07-24 18:06:02,2026-07-23 03:52:00,,
44.87527,-1.04174,320.81,0.42,0.38,2026-07-23,152,N21,VIIRS,n,2.0NRT,296.81,3.05,N,2026-07-24 18:06:02,2026-07-23 03:52:00,,
44.87528,-1.06896,354.24,0.42,0.38,2026-07-23,152,N21,VIIRS,n,2.0NRT,308.33,11.08,N,2026-07-24 18:06:02,2026-07-23 03:52:00,,
44.87596,-1.04701,316.5,0.42,0.38,2026-07-23,152,N21,VIIRS,n,2.0NRT,297.44,3.05,N,2026-07-24 18:06:02,2026-07-23 03:52:00,,
44.87597,-1.07424,353.24,0.42,0.38,2026-07-23,152,N21,VIIRS,n,2.0NRT,313.21,18.1,N,2026-07-24 18:06:02,2026-07-23 03:52:00,,
44.87664,-1.05227,338.24,0.42,0.38,2026-07-23,152,N21,VIIRS,n,2.0NRT,306.11,7.82,N,2026-07-24 18:06:02,2026-07-23 03:52:00,,
44.87666,-1.07953,334.03,0.42,0.38,2026-07-23,152,N21,VIIRS,n,2.0NRT,290.41,18.1,N,2026-07-24 18:06:02,2026-07-23 03:52:00,,
44.87732,-1.03034,341.22,0.42,0.38,2026-07-23,152,N21,VIIRS,n,2.0NRT,298.59,25.2,N,2026-07-24 18:06:02,2026-07-23 03:52:00,,
44.87733,-1.05754,342.86,0.42,0.38,2026-07-23,152,N21,VIIRS,n,2.0NRT,304.64,7.82,N,2026-07-24 18:06:02,2026-07-23 03:52:00,,
44.87801,-1.03561,344.27,0.42,0.38,2026-07-23,152,N21,VIIRS,n,2.0NRT,303.84,25.2,N,2026-07-24 18:06:02,2026-07-23 03:52:00,,
44.87802,-1.06282,344.89,0.42,0.38,2026-07-23,152,N21,VIIRS,n,2.0NRT,305.14,11.08,N,2026-07-24 18:06:02,2026-07-23 03:52:00,,
44.87869,-1.04088,324.13,0.42,0.38,2026-07-23,152,N21,VIIRS,n,2.0NRT,298.85,2.76,N,2026-07-24 18:06:02,2026-07-23 03:52:00,,
44.8787,-1.0681,367.0,0.42,0.38,2026-07-23,152,N21,VIIRS,h,2.0NRT,310.82,11.08,N,2026-07-24 18:06:02,2026-07-23 03:52:00,,
44.87938,-1.04614,318.2,0.42,0.38,2026-07-23,152,N21,VIIRS,n,2.0NRT,297.5,2.76,N,2026-07-24 18:06:02,2026-07-23 03:52:00,,
44.87939,-1.07338,351.75,0.42,0.38,2026-07-23,152,N21,VIIRS,n,2.0NRT,312.53,18.1,N,2026-07-24 18:06:02,2026-07-23 03:52:00,,
44.88005,-1.02421,303.73,0.42,0.38,2026-07-23,152,N21,VIIRS,n,2.0NRT,288.61,3.26,N,2026-07-24 18:06:02,2026-07-23 03:52:00,,
44.88006,-1.05141,323.62,0.42,0.38,2026-07-23,152,N21,VIIRS,n,2.0NRT,299.44,3.37,N,2026-07-24 18:06:02,2026-07-23 03:52:00,,
44.88007,-1.07866,307.75,0.42,0.38,2026-07-23,152,N21,VIIRS,n,2.0NRT,286.97,18.1,N,2026-07-24 18:06:02,2026-07-23 03:52:00,,
44.88074,-1.02948,334.15,0.42,0.38,2026-07-23,152,N21,VIIRS,n,2.0NRT,322.02,25.2,N,2026-07-24 18:06:02,2026-07-23 03:52:00,,
44.88075,-1.05668,331.8,0.42,0.38,2026-07-23,152,N21,VIIRS,n,2.0NRT,303.52,3.37,N,2026-07-24 18:06:02,2026-07-23 03:52:00,,
44.88142,-1.03474,340.39,0.42,0.38,2026-07-23,152,N21,VIIRS,n,2.0NRT,302.47,25.2,N,2026-07-24 18:06:02,2026-07-23 03:52:00,,
44.88144,-1.06195,341.42,0.42,0.38,2026-07-23,152,N21,VIIRS,n,2.0NRT,303.66,7.29,N,2026-07-24 18:06:02,2026-07-23 03:52:00,,
44.88211,-1.04001,324.18,0.42,0.38,2026-07-23,152,N21,VIIRS,n,2.0NRT,298.97,2.76,N,2026-07-24 18:06:02,2026-07-23 03:52:00,,
44.88212,-1.06723,354.47,0.42,0.38,2026-07-23,152,N21,VIIRS,n,2.0NRT,305.84,7.29,N,2026-07-24 18:06:02,2026-07-23 03:52:00,,
44.88279,-1.04528,318.1,0.42,0.38,2026-07-23,152,N21,VIIRS,n,2.0NRT,297.55,2.76,N,2026-07-24 18:06:02,2026-07-23 03:52:00,,
44.88281,-1.07251,331.33,0.42,0.38,2026-07-23,152,N21,VIIRS,n,2.0NRT,290.29,6.04,N,2026-07-24 18:06:02,2026-07-23 03:52:00,,
44.88346,-1.02334,301.66,0.42,0.38,2026-07-23,152,N21,VIIRS,n,2.0NRT,289.33,3.87,N,2026-07-24 18:06:02,2026-07-23 03:52:00,,
44.88348,-1.05055,310.8,0.42,0.38,2026-07-23,152,N21,VIIRS,n,2.0NRT,294.88,3.37,N,2026-07-24 18:06:02,2026-07-23 03:52:00,,
44.88415,-1.02861,341.51,0.42,0.38,2026-07-23,152,N21,VIIRS,n,2.0NRT,300.28,34.16,N,2026-07-24 18:06:02,2026-07-23 03:52:00,,
44.88417,-1.05582,329.13,0.42,0.38,2026-07-23,152,N21,VIIRS,n,2.0NRT,302.6,3.37,N,2026-07-24 18:06:02,2026-07-23 03:52:00,,
44.88484,-1.03387,333.81,0.42,0.38,2026-07-23,152,N21,VIIRS,n,2.0NRT,300.5,34.16,N,2026-07-24 18:06:02,2026-07-23 03:52:00,,
44.88485,-1.06109,323.22,0.42,0.38,2026-07-23,152,N21,VIIRS,n,2.0NRT,295.93,7.29,N,2026-07-24 18:06:02,2026-07-23 03:52:00,,
44.88553,-1.03914,330.47,0.42,0.38,2026-07-23,152,N21,VIIRS,n,2.0NRT,301.25,3.88,N,2026-07-24 18:06:02,2026-07-23 03:52:00,,
44.88622,-1.04441,324.66,0.42,0.38,2026-07-23,152,N21,VIIRS,n,2.0NRT,299.69,3.88,N,2026-07-24 18:06:02,2026-07-23 03:52:00,,
44.88688,-1.02247,317.73,0.42,0.38,2026-07-23,152,N21,VIIRS,n,2.0NRT,289.77,3.87,N,2026-07-24 18:06:02,2026-07-23 03:52:00,,
44.8869,-1.04968,322.84,0.42,0.38,2026-07-23,152,N21,VIIRS,n,2.0NRT,299.89,3.44,N,2026-07-24 18:06:02,2026-07-23 03:52:00,,
44.88757,-1.02774,367.0,0.42,0.38,2026-07-23,152,N21,VIIRS,h,2.0NRT,329.95,34.16,N,2026-07-24 18:06:02,2026-07-23 03:52:00,,
44.88826,-1.033,334.93,0.42,0.38,2026-07-23,152,N21,VIIRS,n,2.0NRT,300.3,34.16,N,2026-07-24 18:06:02,2026-07-23 03:52:00,,
44.88894,-1.03827,324.11,0.42,0.38,2026-07-23,152,N21,VIIRS,n,2.0NRT,298.33,3.88,N,2026-07-24 18:06:02,2026-07-23 03:52:00,,
44.88963,-1.04355,335.76,0.42,0.38,2026-07-23,152,N21,VIIRS,n,2.0NRT,302.86,3.88,N,2026-07-24 18:06:02,2026-07-23 03:52:00,,
44.89029,-1.0216,325.32,0.42,0.38,2026-07-23,152,N21,VIIRS,n,2.0NRT,291.3,12.67,N,2026-07-24 18:06:02,2026-07-23 03:52:00,,
44.89032,-1.04882,327.9,0.42,0.38,2026-07-23,152,N21,VIIRS,n,2.0NRT,298.67,3.44,N,2026-07-24 18:06:02,2026-07-23 03:52:00,,
44.89098,-1.02687,342.0,0.42,0.38,2026-07-23,152,N21,VIIRS,n,2.0NRT,305.61,6.9,N,2026-07-24 18:06:02,2026-07-23 03:52:00,,
44.89101,-1.05409,318.97,0.42,0.38,2026-07-23,152,N21,VIIRS,n,2.0NRT,295.15,3.44,N,2026-07-24 18:06:02,2026-07-23 03:52:00,,
44.89167,-1.03214,315.04,0.42,0.38,2026-07-23,152,N21,VIIRS,n,2.0NRT,295.36,6.9,N,2026-07-24 18:06:02,2026-07-23 03:52:00,,
44.89236,-1.03741,311.91,0.42,0.38,2026-07-23,152,N21,VIIRS,n,2.0NRT,295.54,2.03,N,2026-07-24 18:06:02,2026-07-23 03:52:00,,
44.89275,-1.01925,324.48,0.42,0.38,2026-07-23,152,N21,VIIRS,n,2.0NRT,290.31,9.15,N,2026-07-24 18:06:02,2026-07-23 03:52:00,,
44.89305,-1.04268,323.11,0.42,0.38,2026-07-23,152,N21,VIIRS,n,2.0NRT,297.8,2.03,N,2026-07-24 18:06:02,2026-07-23 03:52:00,,
44.89342,-1.02452,349.92,0.42,0.38,2026-07-23,152,N21,VIIRS,n,2.0NRT,306.26,9.15,N,2026-07-24 18:06:02,2026-07-23 03:52:00,,
44.89371,-1.02073,340.13,0.42,0.38,2026-07-23,152,N21,VIIRS,n,2.0NRT,299.43,12.67,N,2026-07-24 18:06:02,2026-07-23 03:52:00,,
44.89374,-1.04795,328.27,0.42,0.38,2026-07-23,152,N21,VIIRS,n,2.0NRT,298.62,10.71,N,2026-07-24 18:06:02,2026-07-23 03:52:00,,
44.8941,-1.0298,322.68,0.42,0.38,2026-07-23,152,N21,VIIRS,n,2.0NRT,297.48,2.16,N,2026-07-24 18:06:02,2026-07-23 03:52:00,,
44.8944,-1.026,344.67,0.42,0.38,2026-07-23,152,N21,VIIRS,n,2.0NRT,302.73,6.9,N,2026-07-24 18:06:02,2026-07-23 03:52:00,,
44.89443,-1.05322,342.84,0.42,0.38,2026-07-23,152,N21,VIIRS,n,2.0NRT,298.74,10.71,N,2026-07-24 18:06:02,2026-07-23 03:52:00,,
44.89477,-1.03508,309.38,0.42,0.38,2026-07-23,152,N21,VIIRS,n,2.0NRT,293.77,2.16,N,2026-07-24 18:06:02,2026-07-23 03:52:00,,
44.89508,-1.03127,314.15,0.42,0.38,2026-07-23,152,N21,VIIRS,n,2.0NRT,294.76,6.9,N,2026-07-24 18:06:02,2026-07-23 03:52:00,,
44.89544,-1.04036,310.23,0.42,0.38,2026-07-23,152,N21,VIIRS,n,2.0NRT,293.47,3.7,N,2026-07-24 18:06:02,2026-07-23 03:52:00,,
44.89578,-1.03655,311.1,0.42,0.38,2026-07-23,152,N21,VIIRS,n,2.0NRT,293.89,2.03,N,2026-07-24 18:06:02,2026-07-23 03:52:00,,
44.89611,-1.04563,322.42,0.42,0.38,2026-07-23,152,N21,VIIRS,n,2.0NRT,297.37,3.7,N,2026-07-24 18:06:02,2026-07-23 03:52:00,,
44.89616,-1.01838,335.01,0.42,0.38,2026-07-23,152,N21,VIIRS,n,2.0NRT,297.04,9.15,N,2026-07-24 18:06:02,2026-07-23 03:52:00,,
44.89647,-1.04182,314.34,0.42,0.38,2026-07-23,152,N21,VIIRS,n,2.0NRT,294.63,2.03,N,2026-07-24 18:06:02,2026-07-23 03:52:00,,
44.89679,-1.05091,344.12,0.42,0.38,2026-07-23,152,N21,VIIRS,n,2.0NRT,299.57,10.71,N,2026-07-24 18:06:02,2026-07-23 03:52:00,,
44.89684,-1.02365,349.5,0.42,0.38,2026-07-23,152,N21,VIIRS,n,2.0NRT,305.61,9.15,N,2026-07-24 18:06:02,2026-07-23 03:52:00,,
44.89716,-1.04709,332.85,0.42,0.38,2026-07-23,152,N21,VIIRS,n,2.0NRT,298.41,10.71,N,2026-07-24 18:06:02,2026-07-23 03:52:00,,
44.89751,-1.02893,314.47,0.42,0.38,2026-07-23,152,N21,VIIRS,n,2.0NRT,294.98,2.16,N,2026-07-24 18:06:02,2026-07-23 03:52:00,,
44.89785,-1.05236,329.99,0.42,0.38,2026-07-23,152,N21,VIIRS,n,2.0NRT,293.41,10.71,N,2026-07-24 18:06:02,2026-07-23 03:52:00,,
44.89819,-1.03421,313.82,0.42,0.38,2026-07-23,152,N21,VIIRS,n,2.0NRT,295.1,2.16,N,2026-07-24 18:06:02,2026-07-23 03:52:00,,
44.89886,-1.03949,325.67,0.42,0.38,2026-07-23,152,N21,VIIRS,n,2.0NRT,295.91,3.7,N,2026-07-24 18:06:02,2026-07-23 03:52:00,,
44.89953,-1.04476,343.43,0.42,0.38,2026-07-23,152,N21,VIIRS,n,2.0NRT,302.7,3.7,N,2026-07-24 18:06:02,2026-07-23 03:52:00,,
44.89958,-1.01751,327.42,0.42,0.38,2026-07-23,152,N21,VIIRS,n,2.0NRT,294.45,2.72,N,2026-07-24 18:06:02,2026-07-23 03:52:00,,
44.9002,-1.05004,328.92,0.42,0.38,2026-07-23,152,N21,VIIRS,n,2.0NRT,291.73,10.71,N,2026-07-24 18:06:02,2026-07-23 03:52:00,,
44.90025,-1.02278,321.06,0.42,0.38,2026-07-23,152,N21,VIIRS,n,2.0NRT,296.69,2.72,N,2026-07-24 18:06:02,2026-07-23 03:52:00,,
44.90092,-1.02806,307.85,0.42,0.38,2026-07-23,152,N21,VIIRS,n,2.0NRT,293.6,1.75,N,2026-07-24 18:06:02,2026-07-23 03:52:00,,
44.9016,-1.03334,322.38,0.42,0.38,2026-07-23,152,N21,VIIRS,n,2.0NRT,297.21,1.75,N,2026-07-24 18:06:02,2026-07-23 03:52:00,,
44.90228,-1.03862,315.54,0.42,0.38,2026-07-23,152,N21,VIIRS,n,2.0NRT,292.97,7.13,N,2026-07-24 18:06:02,2026-07-23 03:52:00,,
44.90295,-1.0439,345.19,0.42,0.38,2026-07-23,152,N21,VIIRS,n,2.0NRT,295.06,7.13,N,2026-07-24 18:06:02,2026-07-23 03:52:00,,
44.90367,-1.02192,312.04,0.42,0.38,2026-07-23,152,N21,VIIRS,n,2.0NRT,291.02,2.72,N,2026-07-24 18:06:02,2026-07-23 03:52:00,,
44.90434,-1.0272,308.99,0.42,0.38,2026-07-23,152,N21,VIIRS,n,2.0NRT,290.62,1.75,N,2026-07-24 18:06:02,2026-07-23 03:52:00,,
44.90502,-1.03247,309.28,0.42,0.38,2026-07-23,152,N21,VIIRS,n,2.0NRT,290.8,1.75,N,2026-07-24 18:06:02,2026-07-23 03:52:00,,
44.80719,-1.15597,346.39,0.73,0.76,2026-07-23,1138,N21,VIIRS,n,2.0NRT,305.04,53.71,D,2026-07-24 18:06:02,2026-07-23 13:38:00,,
44.81012,-1.14777,367.0,0.73,0.76,2026-07-23,1138,N21,VIIRS,h,2.0NRT,301.88,53.71,D,2026-07-24 18:06:02,2026-07-23 13:38:00,,
44.81306,-1.1395,352.49,0.73,0.76,2026-07-23,1138,N21,VIIRS,n,2.0NRT,297.41,23.47,D,2026-07-24 18:06:02,2026-07-23 13:38:00,,
44.81351,-1.16017,367.0,0.73,0.76,2026-07-23,1138,N21,VIIRS,h,2.0NRT,299.25,53.71,D,2026-07-24 18:06:02,2026-07-23 13:38:00,,
44.81602,-1.13121,352.87,0.73,0.76,2026-07-23,1138,N21,VIIRS,n,2.0NRT,297.27,23.47,D,2026-07-24 18:06:02,2026-07-23 13:38:00,,
44.81642,-1.152,367.0,0.73,0.76,2026-07-23,1138,N21,VIIRS,h,2.0NRT,304.54,53.71,D,2026-07-24 18:06:02,2026-07-23 13:38:00,,
44.82191,-1.1147,336.47,0.72,0.76,2026-07-23,1138,N21,VIIRS,n,2.0NRT,298.26,27.19,D,2026-07-24 18:06:02,2026-07-23 13:38:00,,
44.82231,-1.13547,331.09,0.73,0.76,2026-07-23,1138,N21,VIIRS,l,2.0NRT,301.24,23.47,D,2026-07-24 18:06:02,2026-07-23 13:38:00,,
44.82273,-1.1562,367.0,0.73,0.76,2026-07-23,1138,N21,VIIRS,h,2.0NRT,302.64,38.95,D,2026-07-24 18:06:02,2026-07-23 13:38:00,,
44.82486,-1.10643,367.0,0.72,0.76,2026-07-23,1138,N21,VIIRS,h,2.0NRT,304.54,37.19,D,2026-07-24 18:06:02,2026-07-23 13:38:00,,
44.82566,-1.14796,339.35,0.73,0.76,2026-07-23,1138,N21,VIIRS,n,2.0NRT,300.89,32.51,D,2026-07-24 18:06:02,2026-07-23 13:38:00,,
44.82778,-1.09823,367.0,0.72,0.76,2026-07-23,1138,N21,VIIRS,h,2.0NRT,305.4,37.19,D,2026-07-24 18:06:02,2026-07-23 13:38:00,,
44.8282,-1.11893,331.36,0.72,0.76,2026-07-23,1138,N21,VIIRS,n,2.0NRT,302.49,27.19,D,2026-07-24 18:06:02,2026-07-23 13:38:00,,
44.8307,-1.09004,353.36,0.72,0.76,2026-07-23,1138,N21,VIIRS,n,2.0NRT,301.72,30.19,D,2026-07-24 18:06:02,2026-07-23 13:38:00,,
44.83152,-1.13152,332.12,0.72,0.76,2026-07-23,1138,N21,VIIRS,l,2.0NRT,303.72,17.03,D,2026-07-24 18:06:02,2026-07-23 13:38:00,,
44.83406,-1.10249,332.46,0.72,0.76,2026-07-23,1138,N21,VIIRS,n,2.0NRT,302.21,37.19,D,2026-07-24 18:06:02,2026-07-23 13:38:00,,
44.83697,-1.09429,339.41,0.72,0.76,2026-07-23,1138,N21,VIIRS,n,2.0NRT,303.91,30.19,D,2026-07-24 18:06:02,2026-07-23 13:38:00,,
44.83989,-1.08611,349.32,0.72,0.76,2026-07-23,1138,N21,VIIRS,n,2.0NRT,303.12,30.19,D,2026-07-24 18:06:02,2026-07-23 13:38:00,,
44.84278,-1.07796,348.49,0.72,0.76,2026-07-23,1138,N21,VIIRS,n,2.0NRT,311.99,284.84,D,2026-07-24 18:06:02,2026-07-23 13:38:00,,
44.84861,-1.06157,367.0,0.72,0.75,2026-07-23,1138,N21,VIIRS,h,2.0NRT,308.26,97.53,D,2026-07-24 18:06:02,2026-07-23 13:38:00,,
44.85241,-1.09464,335.2,0.72,0.76,2026-07-23,1138,N21,VIIRS,l,2.0NRT,307.24,24.75,D,2026-07-24 18:06:02,2026-07-23 13:38:00,,
44.85778,-1.05764,338.93,0.72,0.75,2026-07-23,1138,N21,VIIRS,n,2.0NRT,310.52,30.02,D,2026-07-24 18:06:02,2026-07-23 13:38:00,,
44.8616,-1.09067,342.56,0.72,0.76,2026-07-23,1138,N21,VIIRS,n,2.0NRT,305.04,11.45,D,2026-07-24 18:06:02,2026-07-23 13:38:00,,
44.8645,-1.08249,330.38,0.72,0.76,2026-07-23,1138,N21,VIIRS,l,2.0NRT,304.37,11.45,D,2026-07-24 18:06:02,2026-07-23 13:38:00,,
44.88753,-1.01744,367.0,0.71,0.75,2026-07-23,1138,N21,VIIRS,h,2.0NRT,303.71,44.14,D,2026-07-24 18:06:02,2026-07-23 13:38:00,,
44.89231,-1.05233,351.63,0.71,0.75,2026-07-23,1138,N21,VIIRS,n,2.0NRT,311.67,19.24,D,2026-07-24 18:06:02,2026-07-23 13:38:00,,
44.89379,-1.02163,367.0,0.71,0.75,2026-07-23,1138,N21,VIIRS,h,2.0NRT,312.43,44.14,D,2026-07-24 18:06:02,2026-07-23 13:38:00,,
44.89478,-1.02381,334.8,0.71,0.75,2026-07-23,1138,N21,VIIRS,n,2.0NRT,303.56,16.53,D,2026-07-24 18:06:02,2026-07-23 13:38:00,,
44.89767,-1.05452,350.5,0.72,0.75,2026-07-23,1138,N21,VIIRS,n,2.0NRT,305.35,42.65,D,2026-07-24 18:06:02,2026-07-23 13:38:00,,
44.89857,-1.05654,342.52,0.71,0.75,2026-07-23,1138,N21,VIIRS,n,2.0NRT,301.29,34.28,D,2026-07-24 18:06:02,2026-07-23 13:38:00,,
44.90052,-1.04645,367.0,0.71,0.75,2026-07-23,1138,N21,VIIRS,h,2.0NRT,306.0,42.65,D,2026-07-24 18:06:02,2026-07-23 13:38:00,,
44.90147,-1.04849,367.0,0.71,0.75,2026-07-23,1138,N21,VIIRS,h,2.0NRT,305.92,50.77,D,2026-07-24 18:06:02,2026-07-23 13:38:00,,
44.80511,-1.15914,367.0,0.51,0.41,2026-07-23,1318,N21,VIIRS,l,2.0NRT,326.0,82.65,D,2026-07-24 18:06:02,2026-07-23 15:18:00,,
44.80554,-1.15357,350.61,0.51,0.41,2026-07-23,1318,N21,VIIRS,l,2.0NRT,326.69,62.77,D,2026-07-24 18:06:02,2026-07-23 15:18:00,,
44.80647,-1.14624,336.46,0.51,0.41,2026-07-23,1318,N21,VIIRS,n,2.0NRT,300.96,105.97,D,2026-07-24 18:06:02,2026-07-23 15:18:00,,
44.80784,-1.13334,334.11,0.51,0.41,2026-07-23,1318,N21,VIIRS,n,2.0NRT,299.39,87.79,D,2026-07-24 18:06:02,2026-07-23 15:18:00,,
44.80865,-1.16083,355.06,0.51,0.41,2026-07-23,1318,N21,VIIRS,n,2.0NRT,312.79,110.47,D,2026-07-24 18:06:02,2026-07-23 15:18:00,,
44.80887,-1.15992,355.78,0.51,0.41,2026-07-23,1318,N21,VIIRS,n,2.0NRT,318.62,82.65,D,2026-07-24 18:06:02,2026-07-23 15:18:00,,
44.80931,-1.15435,353.29,0.51,0.41,2026-07-23,1318,N21,VIIRS,l,2.0NRT,336.12,62.77,D,2026-07-24 18:06:02,2026-07-23 15:18:00,,
44.80956,-1.15346,355.31,0.51,0.41,2026-07-23,1318,N21,VIIRS,l,2.0NRT,337.54,82.65,D,2026-07-24 18:06:02,2026-07-23 15:18:00,,
44.80997,-1.14789,349.36,0.51,0.41,2026-07-23,1318,N21,VIIRS,n,2.0NRT,316.41,62.77,D,2026-07-24 18:06:02,2026-07-23 15:18:00,,
44.81024,-1.14701,352.39,0.51,0.41,2026-07-23,1318,N21,VIIRS,n,2.0NRT,313.26,105.97,D,2026-07-24 18:06:02,2026-07-23 15:18:00,,
44.81062,-1.14143,367.0,0.51,0.41,2026-07-23,1318,N21,VIIRS,h,2.0NRT,337.8,260.28,D,2026-07-24 18:06:02,2026-07-23 15:18:00,,
44.81092,-1.14057,367.0,0.51,0.41,2026-07-23,1318,N21,VIIRS,l,2.0NRT,346.89,105.97,D,2026-07-24 18:06:02,2026-07-23 15:18:00,,
44.81128,-1.13498,367.0,0.51,0.41,2026-07-23,1318,N21,VIIRS,h,2.0NRT,347.29,260.28,D,2026-07-24 18:06:02,2026-07-23 15:18:00,,
44.81161,-1.13412,367.0,0.51,0.41,2026-07-23,1318,N21,VIIRS,l,2.0NRT,338.42,87.79,D,2026-07-24 18:06:02,2026-07-23 15:18:00,,
44.81229,-1.12767,336.47,0.51,0.41,2026-07-23,1318,N21,VIIRS,n,2.0NRT,299.48,87.79,D,2026-07-24 18:06:02,2026-07-23 15:18:00,,
44.81242,-1.16162,367.0,0.51,0.41,2026-07-23,1318,N21,VIIRS,h,2.0NRT,307.5,19.03,D,2026-07-24 18:06:02,2026-07-23 15:18:00,,
44.81308,-1.15513,355.31,0.51,0.41,2026-07-23,1318,N21,VIIRS,n,2.0NRT,316.46,27.93,D,2026-07-24 18:06:02,2026-07-23 15:18:00,,
44.81374,-1.14867,354.36,0.51,0.41,2026-07-23,1318,N21,VIIRS,n,2.0NRT,313.96,27.93,D,2026-07-24 18:06:02,2026-07-23 15:18:00,,
44.81439,-1.14221,367.0,0.51,0.41,2026-07-23,1318,N21,VIIRS,l,2.0NRT,330.81,247.6,D,2026-07-24 18:06:02,2026-07-23 15:18:00,,
44.81505,-1.13576,367.0,0.51,0.41,2026-07-23,1318,N21,VIIRS,l,2.0NRT,365.59,247.6,D,2026-07-24 18:06:02,2026-07-23 15:18:00,,
44.8157,-1.1293,367.0,0.51,0.41,2026-07-23,1318,N21,VIIRS,h,2.0NRT,333.67,330.49,D,2026-07-24 18:06:02,2026-07-23 15:18:00,,
44.81684,-1.15592,367.0,0.51,0.41,2026-07-23,1318,N21,VIIRS,l,2.0NRT,331.49,27.93,D,2026-07-24 18:06:02,2026-07-23 15:18:00,,
44.8175,-1.14946,348.06,0.51,0.41,2026-07-23,1318,N21,VIIRS,n,2.0NRT,311.97,27.93,D,2026-07-24 18:06:02,2026-07-23 15:18:00,,
44.81882,-1.13654,367.0,0.51,0.41,2026-07-23,1318,N21,VIIRS,l,2.0NRT,329.0,247.6,D,2026-07-24 18:06:02,2026-07-23 15:18:00,,
44.82061,-1.15671,342.69,0.51,0.41,2026-07-23,1318,N21,VIIRS,n,2.0NRT,317.08,33.04,D,2026-07-24 18:06:02,2026-07-23 15:18:00,,
44.82127,-1.15025,350.98,0.51,0.41,2026-07-23,1318,N21,VIIRS,n,2.0NRT,318.77,33.04,D,2026-07-24 18:06:02,2026-07-23 15:18:00,,
44.82325,-1.13086,353.65,0.51,0.41,2026-07-23,1318,N21,VIIRS,n,2.0NRT,323.24,34.99,D,2026-07-24 18:06:02,2026-07-23 15:18:00,,
44.82504,-1.15104,367.0,0.51,0.41,2026-07-23,1318,N21,VIIRS,h,2.0NRT,322.96,33.04,D,2026-07-24 18:06:02,2026-07-23 15:18:00,,
44.82522,-1.11145,367.0,0.52,0.41,2026-07-23,1318,N21,VIIRS,h,2.0NRT,347.78,86.97,D,2026-07-24 18:06:02,2026-07-23 15:18:00,,
44.82587,-1.10497,367.0,0.52,0.41,2026-07-23,1318,N21,VIIRS,h,2.0NRT,365.94,113.72,D,2026-07-24 18:06:02,2026-07-23 15:18:00,,
44.82653,-1.09848,367.0,0.52,0.41,2026-07-23,1318,N21,VIIRS,h,2.0NRT,313.11,113.72,D,2026-07-24 18:06:02,2026-07-23 15:18:00,,
44.82899,-1.11223,367.0,0.52,0.41,2026-07-23,1318,N21,VIIRS,h,2.0NRT,320.78,86.97,D,2026-07-24 18:06:02,2026-07-23 15:18:00,,
44.82965,-1.10575,367.0,0.52,0.41,2026-07-23,1318,N21,VIIRS,h,2.0NRT,320.77,113.72,D,2026-07-24 18:06:02,2026-07-23 15:18:00,,
44.83031,-1.09925,354.9,0.52,0.41,2026-07-23,1318,N21,VIIRS,l,2.0NRT,332.57,113.72,D,2026-07-24 18:06:02,2026-07-23 15:18:00,,
44.83097,-1.09276,367.0,0.52,0.41,2026-07-23,1318,N21,VIIRS,h,2.0NRT,347.64,200.12,D,2026-07-24 18:06:02,2026-07-23 15:18:00,,
44.83163,-1.08626,367.0,0.52,0.41,2026-07-23,1318,N21,VIIRS,h,2.0NRT,335.76,200.12,D,2026-07-24 18:06:02,2026-07-23 15:18:00,,
44.83475,-1.09354,353.07,0.52,0.41,2026-07-23,1318,N21,VIIRS,l,2.0NRT,328.58,153.59,D,2026-07-24 18:06:02,2026-07-23 15:18:00,,
44.83541,-1.08704,367.0,0.52,0.41,2026-07-23,1318,N21,VIIRS,l,2.0NRT,361.38,153.59,D,2026-07-24 18:06:02,2026-07-23 15:18:00,,
44.83607,-1.08053,367.0,0.52,0.41,2026-07-23,1318,N21,VIIRS,h,2.0NRT,346.4,174.22,D,2026-07-24 18:06:02,2026-07-23 15:18:00,,
44.83673,-1.07402,367.0,0.52,0.41,2026-07-23,1318,N21,VIIRS,l,2.0NRT,328.02,174.22,D,2026-07-24 18:06:02,2026-07-23 15:18:00,,
44.83919,-1.08782,367.0,0.52,0.41,2026-07-23,1318,N21,VIIRS,l,2.0NRT,330.0,153.59,D,2026-07-24 18:06:02,2026-07-23 15:18:00,,
44.83985,-1.08131,367.0,0.52,0.41,2026-07-23,1318,N21,VIIRS,h,2.0NRT,359.91,174.22,D,2026-07-24 18:06:02,2026-07-23 15:18:00,,
44.84051,-1.07479,367.0,0.52,0.41,2026-07-23,1318,N21,VIIRS,h,2.0NRT,358.65,174.22,D,2026-07-24 18:06:02,2026-07-23 15:18:00,,
44.8443,-1.07557,367.0,0.52,0.41,2026-07-23,1318,N21,VIIRS,h,2.0NRT,321.24,40.2,D,2026-07-24 18:06:02,2026-07-23 15:18:00,,
44.84496,-1.06907,367.0,0.52,0.41,2026-07-23,1318,N21,VIIRS,h,2.0NRT,348.73,50.21,D,2026-07-24 18:06:02,2026-07-23 15:18:00,,
44.84874,-1.06984,352.76,0.52,0.41,2026-07-23,1318,N21,VIIRS,l,2.0NRT,334.41,50.21,D,2026-07-24 18:06:02,2026-07-23 15:18:00,,
44.8494,-1.06333,367.0,0.52,0.41,2026-07-23,1318,N21,VIIRS,l,2.0NRT,325.66,50.21,D,2026-07-24 18:06:02,2026-07-23 15:18:00,,
44.85364,-1.09742,367.0,0.52,0.41,2026-07-23,1318,N21,VIIRS,h,2.0NRT,326.07,41.07,D,2026-07-24 18:06:02,2026-07-23 15:18:00,,
44.85764,-1.05837,367.0,0.52,0.41,2026-07-23,1318,N21,VIIRS,h,2.0NRT,327.36,32.14,D,2026-07-24 18:06:02,2026-07-23 15:18:00,,
44.85808,-1.0917,352.65,0.52,0.41,2026-07-23,1318,N21,VIIRS,l,2.0NRT,326.57,44.18,D,2026-07-24 18:06:02,2026-07-23 15:18:00,,
44.88886,-1.018,347.49,0.52,0.42,2026-07-23,1318,N21,VIIRS,n,2.0NRT,319.56,86.73,D,2026-07-24 18:06:02,2026-07-23 15:18:00,,
44.89264,-1.01878,367.0,0.52,0.42,2026-07-23,1318,N21,VIIRS,h,2.0NRT,349.1,86.73,D,2026-07-24 18:06:02,2026-07-23 15:18:00,,
44.89305,-1.05226,352.26,0.52,0.41,2026-07-23,1318,N21,VIIRS,l,2.0NRT,329.48,86.68,D,2026-07-24 18:06:02,2026-07-23 15:18:00,,
44.89644,-1.01957,351.62,0.52,0.42,2026-07-23,1318,N21,VIIRS,n,2.0NRT,318.8,17.59,D,2026-07-24 18:06:02,2026-07-23 15:18:00,,
44.89684,-1.05304,367.0,0.52,0.41,2026-07-23,1318,N21,VIIRS,h,2.0NRT,338.61,86.68,D,2026-07-24 18:06:02,2026-07-23 15:18:00,,
44.90063,-1.05381,367.0,0.52,0.41,2026-07-23,1318,N21,VIIRS,h,2.0NRT,353.52,202.38,D,2026-07-24 18:06:02,2026-07-23 15:18:00,,
44.90131,-1.04726,343.65,0.52,0.41,2026-07-23,1318,N21,VIIRS,n,2.0NRT,315.77,202.38,D,2026-07-24 18:06:02,2026-07-23 15:18:00,,
44.90402,-1.02109,346.49,0.52,0.42,2026-07-23,1318,N21,VIIRS,l,2.0NRT,317.52,24.25,D,2026-07-24 18:06:02,2026-07-23 15:18:00,,
44.81464,-1.14259,307.5,0.43,0.38,2026-07-23,228,N,VIIRS,n,2.0NRT,291.3,21.45,N,2026-07-24 18:06:09,2026-07-23 04:28:00,,
44.81563,-1.14789,347.75,0.43,0.38,2026-07-23,228,N,VIIRS,n,2.0NRT,292.27,21.45,N,2026-07-24 18:06:09,2026-07-23 04:28:00,,
44.81663,-1.15318,305.83,0.43,0.38,2026-07-23,228,N,VIIRS,n,2.0NRT,289.07,3.22,N,2026-07-24 18:06:09,2026-07-23 04:28:00,,
44.81705,-1.13603,309.19,0.43,0.38,2026-07-23,228,N,VIIRS,n,2.0NRT,290.59,2.07,N,2026-07-24 18:06:09,2026-07-23 04:28:00,,
44.81805,-1.14132,319.6,0.43,0.38,2026-07-23,228,N,VIIRS,n,2.0NRT,294.46,21.45,N,2026-07-24 18:06:09,2026-07-23 04:28:00,,
44.81904,-1.14662,355.72,0.43,0.38,2026-07-23,228,N,VIIRS,n,2.0NRT,311.83,21.45,N,2026-07-24 18:06:09,2026-07-23 04:28:00,,
44.81947,-1.12947,306.55,0.43,0.38,2026-07-23,228,N,VIIRS,n,2.0NRT,291.3,17.62,N,2026-07-24 18:06:09,2026-07-23 04:28:00,,
44.82004,-1.15191,311.22,0.43,0.38,2026-07-23,228,N,VIIRS,n,2.0NRT,290.63,3.22,N,2026-07-24 18:06:09,2026-07-23 04:28:00,,
44.82016,-1.12781,307.5,0.43,0.38,2026-07-23,228,N,VIIRS,n,2.0NRT,291.51,1.72,N,2026-07-24 18:06:09,2026-07-23 04:28:00,,
44.82046,-1.13476,328.44,0.43,0.38,2026-07-23,228,N,VIIRS,n,2.0NRT,292.56,17.62,N,2026-07-24 18:06:09,2026-07-23 04:28:00,,
44.82117,-1.1331,331.26,0.43,0.38,2026-07-23,228,N,VIIRS,n,2.0NRT,293.38,39.92,N,2026-07-24 18:06:09,2026-07-23 04:28:00,,
44.82146,-1.14005,335.26,0.43,0.38,2026-07-23,228,N,VIIRS,n,2.0NRT,327.58,59.27,N,2026-07-24 18:06:09,2026-07-23 04:28:00,,
44.82188,-1.12288,305.94,0.43,0.38,2026-07-23,228,N,VIIRS,n,2.0NRT,291.04,2.25,N,2026-07-24 18:06:09,2026-07-23 04:28:00,,
44.82218,-1.13838,346.01,0.43,0.38,2026-07-23,228,N,VIIRS,n,2.0NRT,314.32,39.92,N,2026-07-24 18:06:09,2026-07-23 04:28:00,,
44.82245,-1.14534,354.07,0.43,0.38,2026-07-23,228,N,VIIRS,n,2.0NRT,307.72,59.27,N,2026-07-24 18:06:09,2026-07-23 04:28:00,,
44.82256,-1.12124,307.8,0.43,0.38,2026-07-23,228,N,VIIRS,n,2.0NRT,290.95,1.72,N,2026-07-24 18:06:09,2026-07-23 04:28:00,,
44.82288,-1.12819,317.19,0.43,0.38,2026-07-23,228,N,VIIRS,n,2.0NRT,292.0,17.62,N,2026-07-24 18:06:09,2026-07-23 04:28:00,,
44.82319,-1.14367,351.3,0.43,0.38,2026-07-23,228,N,VIIRS,n,2.0NRT,319.55,32.34,N,2026-07-24 18:06:09,2026-07-23 04:28:00,,
44.82344,-1.15064,310.45,0.43,0.38,2026-07-23,228,N,VIIRS,n,2.0NRT,290.76,1.82,N,2026-07-24 18:06:09,2026-07-23 04:28:00,,
44.82357,-1.12654,316.8,0.43,0.38,2026-07-23,228,N,VIIRS,n,2.0NRT,292.82,1.72,N,2026-07-24 18:06:09,2026-07-23 04:28:00,,
44.82387,-1.13348,367.0,0.43,0.38,2026-07-23,228,N,VIIRS,h,2.0NRT,320.33,17.62,N,2026-07-24 18:06:09,2026-07-23 04:28:00,,
44.8242,-1.14895,318.94,0.43,0.38,2026-07-23,228,N,VIIRS,n,2.0NRT,290.91,32.34,N,2026-07-24 18:06:09,2026-07-23 04:28:00,,
44.82457,-1.13182,323.86,0.43,0.38,2026-07-23,228,N,VIIRS,n,2.0NRT,305.5,39.92,N,2026-07-24 18:06:09,2026-07-23 04:28:00,,
44.82486,-1.13878,354.24,0.43,0.38,2026-07-23,228,N,VIIRS,n,2.0NRT,334.22,59.27,N,2026-07-24 18:06:09,2026-07-23 04:28:00,,
44.82496,-1.11469,310.93,0.43,0.38,2026-07-23,228,N,VIIRS,n,2.0NRT,291.33,2.95,N,2026-07-24 18:06:09,2026-07-23 04:28:00,,
44.82558,-1.13711,348.93,0.43,0.38,2026-07-23,228,N,VIIRS,n,2.0NRT,341.59,39.92,N,2026-07-24 18:06:09,2026-07-23 04:28:00,,
44.82586,-1.14407,333.0,0.43,0.38,2026-07-23,228,N,VIIRS,n,2.0NRT,314.73,59.27,N,2026-07-24 18:06:09,2026-07-23 04:28:00,,
44.82597,-1.11997,325.45,0.43,0.38,2026-07-23,228,N,VIIRS,n,2.0NRT,292.6,47.23,N,2026-07-24 18:06:09,2026-07-23 04:28:00,,
44.82634,-1.10282,305.47,0.43,0.38,2026-07-23,228,N,VIIRS,n,2.0NRT,290.47,3.06,N,2026-07-24 18:06:09,2026-07-23 04:28:00,,
44.8266,-1.1424,342.78,0.43,0.38,2026-07-23,228,N,VIIRS,n,2.0NRT,329.64,32.34,N,2026-07-24 18:06:09,2026-07-23 04:28:00,,
44.82685,-1.14937,308.9,0.43,0.38,2026-07-23,228,N,VIIRS,n,2.0NRT,290.46,1.82,N,2026-07-24 18:06:09,2026-07-23 04:28:00,,
44.82698,-1.12526,355.49,0.43,0.38,2026-07-23,228,N,VIIRS,n,2.0NRT,307.86,47.23,N,2026-07-24 18:06:09,2026-07-23 04:28:00,,
44.82736,-1.10812,313.09,0.43,0.38,2026-07-23,228,N,VIIRS,n,2.0NRT,290.86,2.95,N,2026-07-24 18:06:09,2026-07-23 04:28:00,,
44.82761,-1.14769,315.85,0.43,0.38,2026-07-23,228,N,VIIRS,n,2.0NRT,290.72,32.34,N,2026-07-24 18:06:09,2026-07-23 04:28:00,,
44.82799,-1.13055,367.0,0.43,0.38,2026-07-23,228,N,VIIRS,h,2.0NRT,310.54,38.2,N,2026-07-24 18:06:09,2026-07-23 04:28:00,,
44.82837,-1.11341,332.43,0.43,0.38,2026-07-23,228,N,VIIRS,n,2.0NRT,292.65,2.95,N,2026-07-24 18:06:09,2026-07-23 04:28:00,,
44.82874,-1.09625,307.01,0.43,0.38,2026-07-23,228,N,VIIRS,n,2.0NRT,290.32,10.76,N,2026-07-24 18:06:09,2026-07-23 04:28:00,,
44.82899,-1.13583,353.49,0.43,0.38,2026-07-23,228,N,VIIRS,n,2.0NRT,311.22,38.2,N,2026-07-24 18:06:09,2026-07-23 04:28:00,,
44.82938,-1.11871,346.13,0.43,0.38,2026-07-23,228,N,VIIRS,n,2.0NRT,312.37,47.23,N,2026-07-24 18:06:09,2026-07-23 04:28:00,,
44.82975,-1.10155,315.56,0.43,0.38,2026-07-23,228,N,VIIRS,n,2.0NRT,291.86,10.76,N,2026-07-24 18:06:09,2026-07-23 04:28:00,,
44.83001,-1.14112,348.7,0.43,0.38,2026-07-23,228,N,VIIRS,n,2.0NRT,294.43,5.0,N,2026-07-24 18:06:09,2026-07-23 04:28:00,,
44.83039,-1.12399,367.0,0.43,0.38,2026-07-23,228,N,VIIRS,h,2.0NRT,350.25,47.23,N,2026-07-24 18:06:09,2026-07-23 04:28:00,,
44.83077,-1.10684,344.51,0.43,0.38,2026-07-23,228,N,VIIRS,n,2.0NRT,295.36,79.93,N,2026-07-24 18:06:09,2026-07-23 04:28:00,,
44.83101,-1.14641,308.07,0.43,0.38,2026-07-23,228,N,VIIRS,n,2.0NRT,290.07,5.0,N,2026-07-24 18:06:09,2026-07-23 04:28:00,,
44.83115,-1.08967,306.3,0.43,0.38,2026-07-23,228,N,VIIRS,n,2.0NRT,290.02,2.66,N,2026-07-24 18:06:09,2026-07-23 04:28:00,,
44.83139,-1.12927,355.63,0.43,0.38,2026-07-23,228,N,VIIRS,n,2.0NRT,327.88,38.2,N,2026-07-24 18:06:09,2026-07-23 04:28:00,,
44.83178,-1.11214,367.0,0.43,0.38,2026-07-23,228,N,VIIRS,h,2.0NRT,330.32,79.93,N,2026-07-24 18:06:09,2026-07-23 04:28:00,,
44.83216,-1.09497,316.03,0.43,0.38,2026-07-23,228,N,VIIRS,n,2.0NRT,291.26,10.76,N,2026-07-24 18:06:09,2026-07-23 04:28:00,,
44.83241,-1.13456,344.0,0.43,0.38,2026-07-23,228,N,VIIRS,n,2.0NRT,321.13,38.2,N,2026-07-24 18:06:09,2026-07-23 04:28:00,,
44.83279,-1.11743,349.23,0.43,0.38,2026-07-23,228,N,VIIRS,n,2.0NRT,344.49,44.89,N,2026-07-24 18:06:09,2026-07-23 04:28:00,,
44.83317,-1.10027,336.54,0.43,0.38,2026-07-23,228,N,VIIRS,n,2.0NRT,295.86,10.76,N,2026-07-24 18:06:09,2026-07-23 04:28:00,,
44.83341,-1.13985,314.36,0.43,0.38,2026-07-23,228,N,VIIRS,n,2.0NRT,290.07,5.0,N,2026-07-24 18:06:09,2026-07-23 04:28:00,,
44.83355,-1.08309,304.59,0.43,0.38,2026-07-23,228,N,VIIRS,n,2.0NRT,288.89,3.99,N,2026-07-24 18:06:09,2026-07-23 04:28:00,,
44.83379,-1.12272,352.34,0.43,0.38,2026-07-23,228,N,VIIRS,n,2.0NRT,336.96,44.89,N,2026-07-24 18:06:09,2026-07-23 04:28:00,,
44.83418,-1.10557,367.0,0.43,0.38,2026-07-23,228,N,VIIRS,h,2.0NRT,345.59,79.93,N,2026-07-24 18:06:09,2026-07-23 04:28:00,,
44.83456,-1.08839,314.1,0.43,0.38,2026-07-23,228,N,VIIRS,n,2.0NRT,290.55,3.99,N,2026-07-24 18:06:09,2026-07-23 04:28:00,,
44.8348,-1.128,342.7,0.43,0.38,2026-07-23,228,N,VIIRS,n,2.0NRT,339.98,30.58,N,2026-07-24 18:06:09,2026-07-23 04:28:00,,
44.83519,-1.11086,348.69,0.43,0.38,2026-07-23,228,N,VIIRS,n,2.0NRT,343.44,79.93,N,2026-07-24 18:06:09,2026-07-23 04:28:00,,
44.83557,-1.09369,337.9,0.43,0.38,2026-07-23,228,N,VIIRS,n,2.0NRT,295.26,110.03,N,2026-07-24 18:06:09,2026-07-23 04:28:00,,
44.83582,-1.13329,346.55,0.43,0.38,2026-07-23,228,N,VIIRS,n,2.0NRT,296.38,30.58,N,2026-07-24 18:06:09,2026-07-23 04:28:00,,
44.8362,-1.11616,356.2,0.43,0.38,2026-07-23,228,N,VIIRS,n,2.0NRT,332.63,44.89,N,2026-07-24 18:06:09,2026-07-23 04:28:00,,
44.83682,-1.13857,306.72,0.43,0.38,2026-07-23,228,N,VIIRS,n,2.0NRT,288.47,1.7,N,2026-07-24 18:06:09,2026-07-23 04:28:00,,
44.83696,-1.08181,312.55,0.43,0.38,2026-07-23,228,N,VIIRS,n,2.0NRT,289.63,3.99,N,2026-07-24 18:06:09,2026-07-23 04:28:00,,
44.83721,-1.12144,356.11,0.43,0.38,2026-07-23,228,N,VIIRS,n,2.0NRT,323.15,44.89,N,2026-07-24 18:06:09,2026-07-23 04:28:00,,
44.83759,-1.10429,353.17,0.43,0.38,2026-07-23,228,N,VIIRS,n,2.0NRT,330.75,37.37,N,2026-07-24 18:06:09,2026-07-23 04:28:00,,
44.83797,-1.08711,341.4,0.43,0.38,2026-07-23,228,N,VIIRS,n,2.0NRT,292.33,3.99,N,2026-07-24 18:06:09,2026-07-23 04:28:00,,
44.83821,-1.12673,354.42,0.43,0.38,2026-07-23,228,N,VIIRS,n,2.0NRT,321.13,30.58,N,2026-07-24 18:06:09,2026-07-23 04:28:00,,
44.8386,-1.10959,367.0,0.43,0.38,2026-07-23,228,N,VIIRS,h,2.0NRT,322.57,37.37,N,2026-07-24 18:06:09,2026-07-23 04:28:00,,
44.83898,-1.09241,331.95,0.43,0.38,2026-07-23,228,N,VIIRS,n,2.0NRT,320.35,110.03,N,2026-07-24 18:06:09,2026-07-23 04:28:00,,
44.83922,-1.13202,314.71,0.43,0.38,2026-07-23,228,N,VIIRS,n,2.0NRT,288.78,30.58,N,2026-07-24 18:06:09,2026-07-23 04:28:00,,
44.83936,-1.07522,307.05,0.43,0.38,2026-07-23,228,N,VIIRS,n,2.0NRT,288.75,2.19,N,2026-07-24 18:06:09,2026-07-23 04:28:00,,
44.83961,-1.11488,356.34,0.43,0.38,2026-07-23,228,N,VIIRS,n,2.0NRT,326.75,17.02,N,2026-07-24 18:06:09,2026-07-23 04:28:00,,
44.83999,-1.09771,349.94,0.43,0.38,2026-07-23,228,N,VIIRS,n,2.0NRT,345.77,110.03,N,2026-07-24 18:06:09,2026-07-23 04:28:00,,
44.84037,-1.08052,328.99,0.43,0.38,2026-07-23,228,N,VIIRS,n,2.0NRT,292.29,71.71,N,2026-07-24 18:06:09,2026-07-23 04:28:00,,
44.84061,-1.12017,341.51,0.43,0.38,2026-07-23,228,N,VIIRS,n,2.0NRT,298.96,17.02,N,2026-07-24 18:06:09,2026-07-23 04:28:00,,
44.841,-1.10301,367.0,0.43,0.38,2026-07-23,228,N,VIIRS,h,2.0NRT,322.71,37.37,N,2026-07-24 18:06:09,2026-07-23 04:28:00,,
44.84163,-1.12546,312.25,0.43,0.38,2026-07-23,228,N,VIIRS,n,2.0NRT,289.27,2.66,N,2026-07-24 18:06:09,2026-07-23 04:28:00,,
44.84201,-1.10831,356.95,0.43,0.38,2026-07-23,228,N,VIIRS,n,2.0NRT,320.99,37.37,N,2026-07-24 18:06:09,2026-07-23 04:28:00,,
44.84239,-1.09113,356.51,0.43,0.38,2026-07-23,228,N,VIIRS,n,2.0NRT,326.44,29.62,N,2026-07-24 18:06:09,2026-07-23 04:28:00,,
44.84277,-1.07394,311.13,0.43,0.38,2026-07-23,228,N,VIIRS,n,2.0NRT,288.9,2.19,N,2026-07-24 18:06:09,2026-07-23 04:28:00,,
44.84302,-1.11361,353.23,0.43,0.38,2026-07-23,228,N,VIIRS,n,2.0NRT,310.14,17.02,N,2026-07-24 18:06:09,2026-07-23 04:28:00,,
44.8434,-1.09643,367.0,0.43,0.38,2026-07-23,228,N,VIIRS,h,2.0NRT,320.86,29.62,N,2026-07-24 18:06:09,2026-07-23 04:28:00,,
44.84378,-1.07925,348.53,0.43,0.38,2026-07-23,228,N,VIIRS,n,2.0NRT,304.6,71.71,N,2026-07-24 18:06:09,2026-07-23 04:28:00,,
44.84403,-1.11889,309.13,0.43,0.38,2026-07-23,228,N,VIIRS,n,2.0NRT,290.19,17.02,N,2026-07-24 18:06:09,2026-07-23 04:28:00,,
44.84441,-1.10173,367.0,0.43,0.38,2026-07-23,228,N,VIIRS,h,2.0NRT,316.76,24.71,N,2026-07-24 18:06:09,2026-07-23 04:28:00,,
44.84479,-1.08455,353.24,0.43,0.38,2026-07-23,228,N,VIIRS,n,2.0NRT,334.97,71.71,N,2026-07-24 18:06:09,2026-07-23 04:28:00,,
44.84517,-1.06735,305.05,0.43,0.38,2026-07-23,228,N,VIIRS,n,2.0NRT,287.62,4.76,N,2026-07-24 18:06:09,2026-07-23 04:28:00,,
44.84542,-1.10703,355.69,0.43,0.38,2026-07-23,228,N,VIIRS,n,2.0NRT,328.12,24.71,N,2026-07-24 18:06:09,2026-07-23 04:28:00,,
44.8458,-1.08985,367.0,0.43,0.38,2026-07-23,228,N,VIIRS,h,2.0NRT,317.07,29.62,N,2026-07-24 18:06:09,2026-07-23 04:28:00,,
44.84618,-1.07266,318.54,0.43,0.38,2026-07-23,228,N,VIIRS,n,2.0NRT,290.71,4.76,N,2026-07-24 18:06:09,2026-07-23 04:28:00,,
44.84643,-1.11232,347.54,0.43,0.38,2026-07-23,228,N,VIIRS,n,2.0NRT,305.18,11.27,N,2026-07-24 18:06:09,2026-07-23 04:28:00,,
44.84681,-1.09516,367.0,0.43,0.38,2026-07-23,228,N,VIIRS,h,2.0NRT,315.71,29.62,N,2026-07-24 18:06:09,2026-07-23 04:28:00,,
44.84719,-1.07797,352.79,0.43,0.38,2026-07-23,228,N,VIIRS,n,2.0NRT,315.76,20.26,N,2026-07-24 18:06:09,2026-07-23 04:28:00,,
44.84758,-1.06076,304.04,0.43,0.38,2026-07-23,228,N,VIIRS,n,2.0NRT,287.31,1.82,N,2026-07-24 18:06:09,2026-07-23 04:28:00,,
44.84782,-1.10045,367.0,0.43,0.38,2026-07-23,228,N,VIIRS,h,2.0NRT,322.61,24.71,N,2026-07-24 18:06:09,2026-07-23 04:28:00,,
44.84821,-1.08327,355.29,0.43,0.38,2026-07-23,228,N,VIIRS,n,2.0NRT,307.38,20.26,N,2026-07-24 18:06:09,2026-07-23 04:28:00,,
44.84859,-1.06607,311.17,0.43,0.38,2026-07-23,228,N,VIIRS,n,2.0NRT,288.42,4.76,N,2026-07-24 18:06:09,2026-07-23 04:28:00,,
44.84883,-1.10575,353.84,0.43,0.38,2026-07-23,228,N,VIIRS,n,2.0NRT,313.68,24.71,N,2026-07-24 18:06:09,2026-07-23 04:28:00,,
44.84922,-1.08858,367.0,0.43,0.38,2026-07-23,228,N,VIIRS,h,2.0NRT,326.06,25.57,N,2026-07-24 18:06:09,2026-07-23 04:28:00,,
44.8496,-1.07138,346.79,0.43,0.38,2026-07-23,228,N,VIIRS,n,2.0NRT,294.36,4.76,N,2026-07-24 18:06:09,2026-07-23 04:28:00,,
44.84983,-1.11105,315.31,0.43,0.38,2026-07-23,228,N,VIIRS,n,2.0NRT,291.69,11.27,N,2026-07-24 18:06:09,2026-07-23 04:28:00,,
44.84998,-1.05417,304.35,0.43,0.38,2026-07-23,228,N,VIIRS,n,2.0NRT,286.51,3.6,N,2026-07-24 18:06:09,2026-07-23 04:28:00,,
44.85023,-1.09388,356.51,0.43,0.38,2026-07-23,228,N,VIIRS,n,2.0NRT,334.22,25.57,N,2026-07-24 18:06:09,2026-07-23 04:28:00,,
44.85061,-1.07669,367.0,0.43,0.38,2026-07-23,228,N,VIIRS,h,2.0NRT,311.89,20.26,N,2026-07-24 18:06:09,2026-07-23 04:28:00,,
44.85099,-1.05949,309.75,0.43,0.38,2026-07-23,228,N,VIIRS,n,2.0NRT,288.11,3.6,N,2026-07-24 18:06:09,2026-07-23 04:28:00,,
44.85123,-1.09918,355.8,0.43,0.38,2026-07-23,228,N,VIIRS,n,2.0NRT,331.35,27.65,N,2026-07-24 18:06:09,2026-07-23 04:28:00,,
44.85162,-1.08199,367.0,0.43,0.38,2026-07-23,228,N,VIIRS,h,2.0NRT,311.9,20.26,N,2026-07-24 18:06:09,2026-07-23 04:28:00,,
44.852,-1.0648,344.49,0.43,0.38,2026-07-23,228,N,VIIRS,n,2.0NRT,296.16,35.78,N,2026-07-24 18:06:09,2026-07-23 04:28:00,,
44.85224,-1.10447,343.91,0.43,0.38,2026-07-23,228,N,VIIRS,n,2.0NRT,302.11,27.65,N,2026-07-24 18:06:09,2026-07-23 04:28:00,,
44.85238,-1.04758,301.62,0.43,0.38,2026-07-23,228,N,VIIRS,n,2.0NRT,285.58,1.42,N,2026-07-24 18:06:09,2026-07-23 04:28:00,,
44.85263,-1.08729,367.0,0.43,0.38,2026-07-23,228,N,VIIRS,h,2.0NRT,315.54,25.57,N,2026-07-24 18:06:09,2026-07-23 04:28:00,,
44.85301,-1.0701,349.34,0.43,0.38,2026-07-23,228,N,VIIRS,n,2.0NRT,312.78,35.78,N,2026-07-24 18:06:09,2026-07-23 04:28:00,,
44.85339,-1.0529,308.5,0.43,0.38,2026-07-23,228,N,VIIRS,n,2.0NRT,287.81,3.6,N,2026-07-24 18:06:09,2026-07-23 04:28:00,,
44.85364,-1.0926,367.0,0.43,0.38,2026-07-23,228,N,VIIRS,h,2.0NRT,325.76,25.57,N,2026-07-24 18:06:09,2026-07-23 04:28:00,,
44.85402,-1.07541,356.82,0.43,0.38,2026-07-23,228,N,VIIRS,n,2.0NRT,310.09,18.64,N,2026-07-24 18:06:09,2026-07-23 04:28:00,,
44.8544,-1.05821,335.79,0.43,0.38,2026-07-23,228,N,VIIRS,n,2.0NRT,290.65,3.6,N,2026-07-24 18:06:09,2026-07-23 04:28:00,,
44.85464,-1.0979,351.03,0.43,0.38,2026-07-23,228,N,VIIRS,n,2.0NRT,340.1,27.65,N,2026-07-24 18:06:09,2026-07-23 04:28:00,,
44.85503,-1.08072,367.0,0.43,0.38,2026-07-23,228,N,VIIRS,h,2.0NRT,325.97,18.64,N,2026-07-24 18:06:09,2026-07-23 04:28:00,,
44.85542,-1.06351,341.86,0.43,0.38,2026-07-23,228,N,VIIRS,n,2.0NRT,320.73,35.78,N,2026-07-24 18:06:09,2026-07-23 04:28:00,,
44.85565,-1.1032,332.85,0.43,0.38,2026-07-23,228,N,VIIRS,n,2.0NRT,293.6,27.65,N,2026-07-24 18:06:09,2026-07-23 04:28:00,,
44.85604,-1.08602,367.0,0.43,0.38,2026-07-23,228,N,VIIRS,h,2.0NRT,312.29,23.8,N,2026-07-24 18:06:09,2026-07-23 04:28:00,,
44.85642,-1.06882,367.0,0.43,0.38,2026-07-23,228,N,VIIRS,h,2.0NRT,318.68,35.78,N,2026-07-24 18:06:09,2026-07-23 04:28:00,,
44.85681,-1.05161,318.55,0.43,0.38,2026-07-23,228,N,VIIRS,n,2.0NRT,289.21,68.95,N,2026-07-24 18:06:09,2026-07-23 04:28:00,,
44.85704,-1.09132,353.39,0.43,0.38,2026-07-23,228,N,VIIRS,n,2.0NRT,322.14,23.8,N,2026-07-24 18:06:09,2026-07-23 04:28:00,,
44.85743,-1.07413,356.7,0.43,0.38,2026-07-23,228,N,VIIRS,n,2.0NRT,311.09,18.64,N,2026-07-24 18:06:09,2026-07-23 04:28:00,,
44.85782,-1.05692,367.0,0.43,0.38,2026-07-23,228,N,VIIRS,h,2.0NRT,333.65,68.95,N,2026-07-24 18:06:09,2026-07-23 04:28:00,,
44.85806,-1.09663,350.58,0.43,0.38,2026-07-23,228,N,VIIRS,n,2.0NRT,329.26,22.03,N,2026-07-24 18:06:09,2026-07-23 04:28:00,,
44.85844,-1.07944,367.0,0.43,0.38,2026-07-23,228,N,VIIRS,h,2.0NRT,317.81,18.64,N,2026-07-24 18:06:09,2026-07-23 04:28:00,,
44.85883,-1.06223,354.43,0.43,0.38,2026-07-23,228,N,VIIRS,n,2.0NRT,328.21,31.02,N,2026-07-24 18:06:09,2026-07-23 04:28:00,,
44.85906,-1.10192,306.76,0.43,0.38,2026-07-23,228,N,VIIRS,n,2.0NRT,289.81,22.03,N,2026-07-24 18:06:09,2026-07-23 04:28:00,,
44.85921,-1.04501,302.97,0.43,0.38,2026-07-23,228,N,VIIRS,n,2.0NRT,287.8,2.15,N,2026-07-24 18:06:09,2026-07-23 04:28:00,,
44.85945,-1.08475,367.0,0.43,0.38,2026-07-23,228,N,VIIRS,h,2.0NRT,312.45,23.8,N,2026-07-24 18:06:09,2026-07-23 04:28:00,,
44.85984,-1.06754,345.67,0.43,0.38,2026-07-23,228,N,VIIRS,n,2.0NRT,303.29,31.02,N,2026-07-24 18:06:09,2026-07-23 04:28:00,,
44.86022,-1.05032,328.81,0.43,0.38,2026-07-23,228,N,VIIRS,n,2.0NRT,300.92,68.95,N,2026-07-24 18:06:09,2026-07-23 04:28:00,,
44.86046,-1.09005,353.64,0.43,0.38,2026-07-23,228,N,VIIRS,n,2.0NRT,325.28,23.8,N,2026-07-24 18:06:09,2026-07-23 04:28:00,,
44.86084,-1.07285,357.29,0.43,0.38,2026-07-23,228,N,VIIRS,n,2.0NRT,312.8,20.62,N,2026-07-24 18:06:09,2026-07-23 04:28:00,,
44.86123,-1.05564,367.0,0.43,0.38,2026-07-23,228,N,VIIRS,h,2.0NRT,347.27,68.95,N,2026-07-24 18:06:09,2026-07-23 04:28:00,,
44.86147,-1.09535,345.24,0.43,0.38,2026-07-23,228,N,VIIRS,n,2.0NRT,310.54,22.03,N,2026-07-24 18:06:09,2026-07-23 04:28:00,,
44.86185,-1.07816,367.0,0.43,0.38,2026-07-23,228,N,VIIRS,h,2.0NRT,316.64,20.62,N,2026-07-24 18:06:09,2026-07-23 04:28:00,,
44.86224,-1.06095,354.72,0.43,0.38,2026-07-23,228,N,VIIRS,n,2.0NRT,307.38,31.02,N,2026-07-24 18:06:09,2026-07-23 04:28:00,,
44.86247,-1.10065,303.67,0.43,0.38,2026-07-23,228,N,VIIRS,n,2.0NRT,288.88,22.03,N,2026-07-24 18:06:09,2026-07-23 04:28:00,,
44.86263,-1.04372,304.04,0.43,0.38,2026-07-23,228,N,VIIRS,n,2.0NRT,288.03,2.29,N,2026-07-24 18:06:09,2026-07-23 04:28:00,,
44.86286,-1.08347,356.93,0.43,0.38,2026-07-23,228,N,VIIRS,n,2.0NRT,331.76,26.99,N,2026-07-24 18:06:09,2026-07-23 04:28:00,,
44.86325,-1.06626,345.55,0.43,0.38,2026-07-23,228,N,VIIRS,n,2.0NRT,302.65,31.02,N,2026-07-24 18:06:09,2026-07-23 04:28:00,,
44.86364,-1.04904,343.1,0.43,0.38,2026-07-23,228,N,VIIRS,n,2.0NRT,324.66,21.42,N,2026-07-24 18:06:09,2026-07-23 04:28:00,,
44.86387,-1.08877,357.56,0.43,0.38,2026-07-23,228,N,VIIRS,n,2.0NRT,313.98,26.99,N,2026-07-24 18:06:09,2026-07-23 04:28:00,,
44.86426,-1.07157,367.0,0.43,0.38,2026-07-23,228,N,VIIRS,h,2.0NRT,315.64,20.62,N,2026-07-24 18:06:09,2026-07-23 04:28:00,,
44.86464,-1.05435,355.33,0.43,0.38,2026-07-23,228,N,VIIRS,n,2.0NRT,313.15,21.42,N,2026-07-24 18:06:09,2026-07-23 04:28:00,,
44.86487,-1.09407,334.0,0.43,0.38,2026-07-23,228,N,VIIRS,n,2.0NRT,290.38,2.11,N,2026-07-24 18:06:09,2026-07-23 04:28:00,,
44.86526,-1.07688,367.0,0.43,0.38,2026-07-23,228,N,VIIRS,h,2.0NRT,324.56,20.62,N,2026-07-24 18:06:09,2026-07-23 04:28:00,,
44.86565,-1.05967,353.19,0.43,0.38,2026-07-23,228,N,VIIRS,n,2.0NRT,307.27,6.98,N,2026-07-24 18:06:09,2026-07-23 04:28:00,,
44.86588,-1.09937,301.15,0.43,0.38,2026-07-23,228,N,VIIRS,n,2.0NRT,286.48,2.11,N,2026-07-24 18:06:09,2026-07-23 04:28:00,,
44.86604,-1.04244,312.2,0.43,0.38,2026-07-23,228,N,VIIRS,n,2.0NRT,288.9,2.29,N,2026-07-24 18:06:09,2026-07-23 04:28:00,,
44.86627,-1.08218,356.24,0.43,0.38,2026-07-23,228,N,VIIRS,n,2.0NRT,331.02,26.99,N,2026-07-24 18:06:09,2026-07-23 04:28:00,,
44.86666,-1.06498,352.59,0.43,0.38,2026-07-23,228,N,VIIRS,n,2.0NRT,306.6,6.98,N,2026-07-24 18:06:09,2026-07-23 04:28:00,,
44.86705,-1.04776,367.0,0.43,0.38,2026-07-23,228,N,VIIRS,h,2.0NRT,318.43,21.42,N,2026-07-24 18:06:09,2026-07-23 04:28:00,,
44.86728,-1.08748,325.24,0.43,0.38,2026-07-23,228,N,VIIRS,n,2.0NRT,291.1,26.99,N,2026-07-24 18:06:09,2026-07-23 04:28:00,,
44.86767,-1.07029,367.0,0.43,0.38,2026-07-23,228,N,VIIRS,h,2.0NRT,310.77,15.68,N,2026-07-24 18:06:09,2026-07-23 04:28:00,,
44.86806,-1.05307,343.69,0.43,0.38,2026-07-23,228,N,VIIRS,n,2.0NRT,304.5,21.42,N,2026-07-24 18:06:09,2026-07-23 04:28:00,,
44.86829,-1.09279,303.71,0.43,0.38,2026-07-23,228,N,VIIRS,n,2.0NRT,287.35,2.11,N,2026-07-24 18:06:09,2026-07-23 04:28:00,,
44.86868,-1.0756,367.0,0.43,0.38,2026-07-23,228,N,VIIRS,h,2.0NRT,316.34,15.68,N,2026-07-24 18:06:09,2026-07-23 04:28:00,,
44.86907,-1.05838,331.91,0.43,0.38,2026-07-23,228,N,VIIRS,n,2.0NRT,297.65,6.98,N,2026-07-24 18:06:09,2026-07-23 04:28:00,,
44.86946,-1.04115,326.41,0.43,0.38,2026-07-23,228,N,VIIRS,n,2.0NRT,292.86,2.16,N,2026-07-24 18:06:09,2026-07-23 04:28:00,,
44.86969,-1.0809,355.08,0.43,0.38,2026-07-23,228,N,VIIRS,n,2.0NRT,320.75,13.23,N,2026-07-24 18:06:09,2026-07-23 04:28:00,,
44.87008,-1.0637,339.46,0.43,0.38,2026-07-23,228,N,VIIRS,n,2.0NRT,299.26,6.98,N,2026-07-24 18:06:09,2026-07-23 04:28:00,,
44.87046,-1.04647,341.09,0.43,0.38,2026-07-23,228,N,VIIRS,n,2.0NRT,303.94,4.39,N,2026-07-24 18:06:09,2026-07-23 04:28:00,,
44.87069,-1.0862,307.04,0.43,0.38,2026-07-23,228,N,VIIRS,n,2.0NRT,287.72,13.23,N,2026-07-24 18:06:09,2026-07-23 04:28:00,,
44.87108,-1.06901,347.36,0.43,0.38,2026-07-23,228,N,VIIRS,n,2.0NRT,302.6,15.68,N,2026-07-24 18:06:09,2026-07-23 04:28:00,,
44.87147,-1.05179,342.45,0.43,0.38,2026-07-23,228,N,VIIRS,n,2.0NRT,302.66,4.39,N,2026-07-24 18:06:09,2026-07-23 04:28:00,,
44.87209,-1.07432,367.0,0.43,0.38,2026-07-23,228,N,VIIRS,h,2.0NRT,316.22,15.68,N,2026-07-24 18:06:09,2026-07-23 04:28:00,,
44.87248,-1.0571,353.97,0.43,0.38,2026-07-23,228,N,VIIRS,n,2.0NRT,306.4,7.69,N,2026-07-24 18:06:09,2026-07-23 04:28:00,,
44.87287,-1.03986,315.2,0.43,0.38,2026-07-23,228,N,VIIRS,n,2.0NRT,293.19,2.16,N,2026-07-24 18:06:09,2026-07-23 04:28:00,,
44.87309,-1.07962,354.6,0.43,0.38,2026-07-23,228,N,VIIRS,n,2.0NRT,310.64,13.23,N,2026-07-24 18:06:09,2026-07-23 04:28:00,,
44.87349,-1.06241,350.87,0.43,0.38,2026-07-23,228,N,VIIRS,n,2.0NRT,306.76,7.69,N,2026-07-24 18:06:09,2026-07-23 04:28:00,,
44.87387,-1.04518,317.35,0.43,0.38,2026-07-23,228,N,VIIRS,n,2.0NRT,295.23,4.39,N,2026-07-24 18:06:09,2026-07-23 04:28:00,,
44.8741,-1.08492,304.15,0.43,0.38,2026-07-23,228,N,VIIRS,n,2.0NRT,286.4,13.23,N,2026-07-24 18:06:09,2026-07-23 04:28:00,,
44.87449,-1.06773,353.33,0.43,0.38,2026-07-23,228,N,VIIRS,n,2.0NRT,306.89,13.23,N,2026-07-24 18:06:09,2026-07-23 04:28:00,,
44.87489,-1.0505,326.87,0.43,0.38,2026-07-23,228,N,VIIRS,n,2.0NRT,299.04,4.39,N,2026-07-24 18:06:09,2026-07-23 04:28:00,,
44.87527,-1.03325,307.5,0.43,0.38,2026-07-23,228,N,VIIRS,n,2.0NRT,289.18,6.45,N,2026-07-24 18:06:09,2026-07-23 04:28:00,,
44.8755,-1.07303,367.0,0.43,0.38,2026-07-23,228,N,VIIRS,h,2.0NRT,305.54,13.23,N,2026-07-24 18:06:09,2026-07-23 04:28:00,,
44.87589,-1.05582,344.78,0.43,0.38,2026-07-23,228,N,VIIRS,n,2.0NRT,304.24,7.69,N,2026-07-24 18:06:09,2026-07-23 04:28:00,,
44.87628,-1.03857,319.26,0.43,0.38,2026-07-23,228,N,VIIRS,n,2.0NRT,293.9,6.45,N,2026-07-24 18:06:09,2026-07-23 04:28:00,,
44.8765,-1.07834,356.01,0.43,0.38,2026-07-23,228,N,VIIRS,n,2.0NRT,301.62,21.32,N,2026-07-24 18:06:09,2026-07-23 04:28:00,,
44.8769,-1.06113,342.24,0.43,0.38,2026-07-23,228,N,VIIRS,n,2.0NRT,302.59,7.69,N,2026-07-24 18:06:09,2026-07-23 04:28:00,,
44.87729,-1.04389,317.5,0.43,0.38,2026-07-23,228,N,VIIRS,n,2.0NRT,295.41,1.95,N,2026-07-24 18:06:09,2026-07-23 04:28:00,,
44.87768,-1.02664,301.27,0.43,0.38,2026-07-23,228,N,VIIRS,n,2.0NRT,287.28,1.27,N,2026-07-24 18:06:09,2026-07-23 04:28:00,,
44.87791,-1.06644,352.64,0.43,0.38,2026-07-23,228,N,VIIRS,n,2.0NRT,304.91,13.23,N,2026-07-24 18:06:09,2026-07-23 04:28:00,,
44.8783,-1.04921,317.52,0.43,0.38,2026-07-23,228,N,VIIRS,n,2.0NRT,296.7,1.95,N,2026-07-24 18:06:09,2026-07-23 04:28:00,,
44.87868,-1.03196,351.51,0.43,0.38,2026-07-23,228,N,VIIRS,n,2.0NRT,301.58,6.45,N,2026-07-24 18:06:09,2026-07-23 04:28:00,,
44.87891,-1.07175,354.74,0.43,0.38,2026-07-23,228,N,VIIRS,n,2.0NRT,307.29,13.23,N,2026-07-24 18:06:09,2026-07-23 04:28:00,,
44.87931,-1.05453,332.89,0.43,0.38,2026-07-23,228,N,VIIRS,n,2.0NRT,302.73,3.67,N,2026-07-24 18:06:09,2026-07-23 04:28:00,,
44.8797,-1.03729,331.75,0.43,0.38,2026-07-23,228,N,VIIRS,n,2.0NRT,298.76,6.45,N,2026-07-24 18:06:09,2026-07-23 04:28:00,,
44.87992,-1.07706,342.59,0.43,0.38,2026-07-23,228,N,VIIRS,n,2.0NRT,304.48,21.32,N,2026-07-24 18:06:09,2026-07-23 04:28:00,,
44.88031,-1.05985,335.05,0.43,0.38,2026-07-23,228,N,VIIRS,n,2.0NRT,301.34,3.67,N,2026-07-24 18:06:09,2026-07-23 04:28:00,,
44.88071,-1.0426,318.64,0.43,0.38,2026-07-23,228,N,VIIRS,n,2.0NRT,296.64,1.95,N,2026-07-24 18:06:09,2026-07-23 04:28:00,,
44.8811,-1.02535,325.84,0.43,0.38,2026-07-23,228,N,VIIRS,n,2.0NRT,289.97,2.65,N,2026-07-24 18:06:09,2026-07-23 04:28:00,,
44.88132,-1.06516,350.44,0.43,0.38,2026-07-23,228,N,VIIRS,n,2.0NRT,307.3,9.53,N,2026-07-24 18:06:09,2026-07-23 04:28:00,,
44.88171,-1.04792,311.65,0.43,0.38,2026-07-23,228,N,VIIRS,n,2.0NRT,294.62,1.95,N,2026-07-24 18:06:09,2026-07-23 04:28:00,,
44.8821,-1.03068,343.4,0.43,0.38,2026-07-23,228,N,VIIRS,n,2.0NRT,325.42,24.37,N,2026-07-24 18:06:09,2026-07-23 04:28:00,,
44.88232,-1.07047,354.35,0.43,0.38,2026-07-23,228,N,VIIRS,n,2.0NRT,311.83,9.53,N,2026-07-24 18:06:09,2026-07-23 04:28:00,,
44.88272,-1.05325,319.62,0.43,0.38,2026-07-23,228,N,VIIRS,n,2.0NRT,298.34,3.67,N,2026-07-24 18:06:09,2026-07-23 04:28:00,,
44.88311,-1.036,326.44,0.43,0.38,2026-07-23,228,N,VIIRS,n,2.0NRT,298.56,24.37,N,2026-07-24 18:06:09,2026-07-23 04:28:00,,
44.88333,-1.07579,303.45,0.43,0.38,2026-07-23,228,N,VIIRS,n,2.0NRT,287.34,4.43,N,2026-07-24 18:06:09,2026-07-23 04:28:00,,
44.88372,-1.05856,327.15,0.43,0.38,2026-07-23,228,N,VIIRS,n,2.0NRT,300.73,3.67,N,2026-07-24 18:06:09,2026-07-23 04:28:00,,
44.88412,-1.04132,318.94,0.43,0.38,2026-07-23,228,N,VIIRS,n,2.0NRT,297.01,2.87,N,2026-07-24 18:06:09,2026-07-23 04:28:00,,
44.88451,-1.02407,302.86,0.43,0.38,2026-07-23,228,N,VIIRS,n,2.0NRT,288.36,2.65,N,2026-07-24 18:06:09,2026-07-23 04:28:00,,
44.88473,-1.06388,326.54,0.43,0.38,2026-07-23,228,N,VIIRS,n,2.0NRT,296.08,9.53,N,2026-07-24 18:06:09,2026-07-23 04:28:00,,
44.88513,-1.04664,320.07,0.43,0.38,2026-07-23,228,N,VIIRS,n,2.0NRT,296.58,2.87,N,2026-07-24 18:06:09,2026-07-23 04:28:00,,
44.88552,-1.02939,345.29,0.43,0.38,2026-07-23,228,N,VIIRS,n,2.0NRT,302.42,24.37,N,2026-07-24 18:06:09,2026-07-23 04:28:00,,
44.88573,-1.0692,301.19,0.43,0.38,2026-07-23,228,N,VIIRS,n,2.0NRT,286.95,9.53,N,2026-07-24 18:06:09,2026-07-23 04:28:00,,
44.88613,-1.05196,311.95,0.43,0.38,2026-07-23,228,N,VIIRS,n,2.0NRT,294.06,2.23,N,2026-07-24 18:06:09,2026-07-23 04:28:00,,
44.88652,-1.03472,330.81,0.43,0.38,2026-07-23,228,N,VIIRS,n,2.0NRT,299.23,24.37,N,2026-07-24 18:06:09,2026-07-23 04:28:00,,
44.88713,-1.05727,315.75,0.43,0.38,2026-07-23,228,N,VIIRS,n,2.0NRT,294.77,2.23,N,2026-07-24 18:06:09,2026-07-23 04:28:00,,
44.88753,-1.04004,326.25,0.43,0.38,2026-07-23,228,N,VIIRS,n,2.0NRT,298.98,2.87,N,2026-07-24 18:06:09,2026-07-23 04:28:00,,
44.88792,-1.02278,330.06,0.43,0.38,2026-07-23,228,N,VIIRS,n,2.0NRT,289.95,6.84,N,2026-07-24 18:06:09,2026-07-23 04:28:00,,
44.88853,-1.04535,327.5,0.43,0.38,2026-07-23,228,N,VIIRS,n,2.0NRT,298.02,2.87,N,2026-07-24 18:06:09,2026-07-23 04:28:00,,
44.88893,-1.0281,351.29,0.43,0.38,2026-07-23,228,N,VIIRS,n,2.0NRT,322.39,15.55,N,2026-07-24 18:06:09,2026-07-23 04:28:00,,
44.88954,-1.05067,317.66,0.43,0.38,2026-07-23,228,N,VIIRS,n,2.0NRT,293.85,2.23,N,2026-07-24 18:06:09,2026-07-23 04:28:00,,
44.88993,-1.03343,324.52,0.43,0.38,2026-07-23,228,N,VIIRS,n,2.0NRT,296.39,15.55,N,2026-07-24 18:06:09,2026-07-23 04:28:00,,
44.89095,-1.03875,316.56,0.43,0.38,2026-07-23,228,N,VIIRS,n,2.0NRT,293.89,2.09,N,2026-07-24 18:06:09,2026-07-23 04:28:00,,
44.89134,-1.0215,331.42,0.43,0.38,2026-07-23,228,N,VIIRS,n,2.0NRT,288.97,6.84,N,2026-07-24 18:06:09,2026-07-23 04:28:00,,
44.89195,-1.04407,326.66,0.43,0.38,2026-07-23,228,N,VIIRS,n,2.0NRT,296.68,2.09,N,2026-07-24 18:06:09,2026-07-23 04:28:00,,
44.89235,-1.02682,340.07,0.43,0.38,2026-07-23,228,N,VIIRS,n,2.0NRT,300.5,15.55,N,2026-07-24 18:06:09,2026-07-23 04:28:00,,
44.89296,-1.04939,326.54,0.43,0.38,2026-07-23,228,N,VIIRS,n,2.0NRT,295.42,7.09,N,2026-07-24 18:06:09,2026-07-23 04:28:00,,
44.89335,-1.03214,314.49,0.43,0.38,2026-07-23,228,N,VIIRS,n,2.0NRT,292.29,15.55,N,2026-07-24 18:06:09,2026-07-23 04:28:00,,
44.89396,-1.05471,342.59,0.43,0.38,2026-07-23,228,N,VIIRS,n,2.0NRT,295.9,7.09,N,2026-07-24 18:06:09,2026-07-23 04:28:00,,
44.89436,-1.03746,307.95,0.43,0.38,2026-07-23,228,N,VIIRS,n,2.0NRT,291.08,2.09,N,2026-07-24 18:06:09,2026-07-23 04:28:00,,
44.89476,-1.02022,338.63,0.43,0.38,2026-07-23,228,N,VIIRS,n,2.0NRT,296.37,10.76,N,2026-07-24 18:06:09,2026-07-23 04:28:00,,
44.89536,-1.04278,318.52,0.43,0.38,2026-07-23,228,N,VIIRS,n,2.0NRT,294.47,2.09,N,2026-07-24 18:06:09,2026-07-23 04:28:00,,
44.89576,-1.02554,346.8,0.43,0.38,2026-07-23,228,N,VIIRS,n,2.0NRT,300.41,4.35,N,2026-07-24 18:06:09,2026-07-23 04:28:00,,
44.89637,-1.0481,331.11,0.43,0.38,2026-07-23,228,N,VIIRS,n,2.0NRT,295.49,7.09,N,2026-07-24 18:06:09,2026-07-23 04:28:00,,
44.89677,-1.03086,312.99,0.43,0.38,2026-07-23,228,N,VIIRS,n,2.0NRT,293.23,4.35,N,2026-07-24 18:06:09,2026-07-23 04:28:00,,
44.89737,-1.05343,330.42,0.43,0.38,2026-07-23,228,N,VIIRS,n,2.0NRT,290.5,7.09,N,2026-07-24 18:06:09,2026-07-23 04:28:00,,
44.89777,-1.03617,312.84,0.43,0.38,2026-07-23,228,N,VIIRS,n,2.0NRT,292.96,2.47,N,2026-07-24 18:06:09,2026-07-23 04:28:00,,
44.89817,-1.01893,344.58,0.43,0.38,2026-07-23,228,N,VIIRS,n,2.0NRT,300.04,10.76,N,2026-07-24 18:06:09,2026-07-23 04:28:00,,
44.89878,-1.04149,318.42,0.43,0.38,2026-07-23,228,N,VIIRS,n,2.0NRT,294.03,2.47,N,2026-07-24 18:06:09,2026-07-23 04:28:00,,
44.89918,-1.02425,330.41,0.43,0.38,2026-07-23,228,N,VIIRS,n,2.0NRT,297.89,4.35,N,2026-07-24 18:06:09,2026-07-23 04:28:00,,
44.89978,-1.04681,341.71,0.43,0.38,2026-07-23,228,N,VIIRS,n,2.0NRT,301.02,6.89,N,2026-07-24 18:06:09,2026-07-23 04:28:00,,
44.90018,-1.02957,307.51,0.43,0.38,2026-07-23,228,N,VIIRS,n,2.0NRT,293.12,4.35,N,2026-07-24 18:06:09,2026-07-23 04:28:00,,
44.90079,-1.05214,328.45,0.43,0.38,2026-07-23,228,N,VIIRS,n,2.0NRT,286.76,6.89,N,2026-07-24 18:06:09,2026-07-23 04:28:00,,
44.90118,-1.03489,316.98,0.43,0.38,2026-07-23,228,N,VIIRS,n,2.0NRT,295.22,2.47,N,2026-07-24 18:06:09,2026-07-23 04:28:00,,
44.90159,-1.01764,312.22,0.43,0.38,2026-07-23,228,N,VIIRS,n,2.0NRT,291.35,1.7,N,2026-07-24 18:06:09,2026-07-23 04:28:00,,
44.90219,-1.04021,329.99,0.43,0.38,2026-07-23,228,N,VIIRS,n,2.0NRT,295.37,2.47,N,2026-07-24 18:06:09,2026-07-23 04:28:00,,
44.90259,-1.02296,314.82,0.43,0.38,2026-07-23,228,N,VIIRS,n,2.0NRT,293.31,1.69,N,2026-07-24 18:06:09,2026-07-23 04:28:00,,
44.90319,-1.04553,332.02,0.43,0.38,2026-07-23,228,N,VIIRS,n,2.0NRT,293.77,6.89,N,2026-07-24 18:06:09,2026-07-23 04:28:00,,
44.90359,-1.02828,315.74,0.43,0.38,2026-07-23,228,N,VIIRS,n,2.0NRT,294.15,1.69,N,2026-07-24 18:06:09,2026-07-23 04:28:00,,
44.9046,-1.0336,315.49,0.43,0.38,2026-07-23,228,N,VIIRS,n,2.0NRT,292.34,2.23,N,2026-07-24 18:06:09,2026-07-23 04:28:00,,
44.90601,-1.02167,309.62,0.43,0.38,2026-07-23,228,N,VIIRS,n,2.0NRT,287.4,1.69,N,2026-07-24 18:06:09,2026-07-23 04:28:00,,
44.80457,-1.15253,367.0,0.36,0.57,2026-07-23,1214,N,VIIRS,h,2.0NRT,306.24,33.58,D,2026-07-24 18:06:09,2026-07-23 14:14:00,,
44.80581,-1.1482,367.0,0.36,0.57,2026-07-23,1214,N,VIIRS,h,2.0NRT,307.0,29.98,D,2026-07-24 18:06:09,2026-07-23 14:14:00,,
44.80835,-1.15959,342.42,0.36,0.57,2026-07-23,1214,N,VIIRS,n,2.0NRT,306.42,33.58,D,2026-07-24 18:06:09,2026-07-23 14:14:00,,
44.80957,-1.15528,355.7,0.36,0.57,2026-07-23,1214,N,VIIRS,n,2.0NRT,319.6,33.58,D,2026-07-24 18:06:09,2026-07-23 14:14:00,,
44.81079,-1.15097,367.0,0.36,0.57,2026-07-23,1214,N,VIIRS,h,2.0NRT,317.45,29.98,D,2026-07-24 18:06:09,2026-07-23 14:14:00,,
44.81202,-1.14664,349.9,0.36,0.57,2026-07-23,1214,N,VIIRS,n,2.0NRT,304.07,29.98,D,2026-07-24 18:06:09,2026-07-23 14:14:00,,
44.81326,-1.1423,367.0,0.36,0.57,2026-07-23,1214,N,VIIRS,h,2.0NRT,305.79,23.03,D,2026-07-24 18:06:09,2026-07-23 14:14:00,,
44.81449,-1.13795,367.0,0.36,0.57,2026-07-23,1214,N,VIIRS,h,2.0NRT,312.66,23.03,D,2026-07-24 18:06:09,2026-07-23 14:14:00,,
44.81457,-1.15801,350.98,0.36,0.57,2026-07-23,1214,N,VIIRS,n,2.0NRT,302.71,13.11,D,2026-07-24 18:06:09,2026-07-23 14:14:00,,
44.81573,-1.13361,367.0,0.36,0.57,2026-07-23,1214,N,VIIRS,h,2.0NRT,305.93,14.96,D,2026-07-24 18:06:09,2026-07-23 14:14:00,,
44.81579,-1.15371,350.58,0.36,0.57,2026-07-23,1214,N,VIIRS,n,2.0NRT,317.65,24.68,D,2026-07-24 18:06:09,2026-07-23 14:14:00,,
44.81696,-1.12927,342.95,0.36,0.57,2026-07-23,1214,N,VIIRS,n,2.0NRT,302.13,14.96,D,2026-07-24 18:06:09,2026-07-23 14:14:00,,
44.81702,-1.14938,367.0,0.36,0.57,2026-07-23,1214,N,VIIRS,h,2.0NRT,315.58,24.68,D,2026-07-24 18:06:09,2026-07-23 14:14:00,,
44.81812,-1.10486,340.4,0.36,0.57,2026-07-23,1214,N,VIIRS,n,2.0NRT,299.85,61.58,D,2026-07-24 18:06:09,2026-07-23 14:14:00,,
44.81825,-1.14505,343.51,0.36,0.57,2026-07-23,1214,N,VIIRS,n,2.0NRT,304.09,25.82,D,2026-07-24 18:06:09,2026-07-23 14:14:00,,
44.82064,-1.11629,332.85,0.36,0.57,2026-07-23,1214,N,VIIRS,n,2.0NRT,300.19,15.92,D,2026-07-24 18:06:09,2026-07-23 14:14:00,,
44.82079,-1.15644,342.42,0.36,0.57,2026-07-23,1214,N,VIIRS,n,2.0NRT,301.08,24.68,D,2026-07-24 18:06:09,2026-07-23 14:14:00,,
44.82188,-1.11194,367.0,0.36,0.57,2026-07-23,1214,N,VIIRS,h,2.0NRT,303.22,15.92,D,2026-07-24 18:06:09,2026-07-23 14:14:00,,
44.82194,-1.13203,349.56,0.36,0.57,2026-07-23,1214,N,VIIRS,n,2.0NRT,312.3,8.61,D,2026-07-24 18:06:09,2026-07-23 14:14:00,,
44.82201,-1.15212,355.5,0.36,0.57,2026-07-23,1214,N,VIIRS,n,2.0NRT,315.35,24.68,D,2026-07-24 18:06:09,2026-07-23 14:14:00,,
44.8231,-1.1076,367.0,0.36,0.57,2026-07-23,1214,N,VIIRS,h,2.0NRT,326.65,61.58,D,2026-07-24 18:06:09,2026-07-23 14:14:00,,
44.82317,-1.12771,352.35,0.36,0.57,2026-07-23,1214,N,VIIRS,n,2.0NRT,311.1,17.85,D,2026-07-24 18:06:09,2026-07-23 14:14:00,,
44.82324,-1.14778,367.0,0.36,0.57,2026-07-23,1214,N,VIIRS,h,2.0NRT,320.83,25.82,D,2026-07-24 18:06:09,2026-07-23 14:14:00,,
44.82433,-1.10329,367.0,0.36,0.57,2026-07-23,1214,N,VIIRS,l,2.0NRT,327.33,61.58,D,2026-07-24 18:06:09,2026-07-23 14:14:00,,
44.82447,-1.14345,339.27,0.36,0.57,2026-07-23,1214,N,VIIRS,n,2.0NRT,306.39,25.82,D,2026-07-24 18:06:09,2026-07-23 14:14:00,,
44.82555,-1.09899,367.0,0.36,0.57,2026-07-23,1214,N,VIIRS,h,2.0NRT,306.91,61.16,D,2026-07-24 18:06:09,2026-07-23 14:14:00,,
44.82563,-1.11905,331.42,0.36,0.57,2026-07-23,1214,N,VIIRS,n,2.0NRT,302.75,7.78,D,2026-07-24 18:06:09,2026-07-23 14:14:00,,
44.8257,-1.13913,336.31,0.36,0.57,2026-07-23,1214,N,VIIRS,l,2.0NRT,308.97,8.61,D,2026-07-24 18:06:09,2026-07-23 14:14:00,,
44.82677,-1.09469,346.67,0.36,0.57,2026-07-23,1214,N,VIIRS,n,2.0NRT,316.13,61.16,D,2026-07-24 18:06:09,2026-07-23 14:14:00,,
44.82685,-1.11469,353.9,0.36,0.57,2026-07-23,1214,N,VIIRS,n,2.0NRT,309.59,7.78,D,2026-07-24 18:06:09,2026-07-23 14:14:00,,
44.82799,-1.09039,367.0,0.35,0.57,2026-07-23,1214,N,VIIRS,h,2.0NRT,309.15,23.02,D,2026-07-24 18:06:09,2026-07-23 14:14:00,,
44.82808,-1.11037,355.38,0.36,0.57,2026-07-23,1214,N,VIIRS,n,2.0NRT,313.18,25.66,D,2026-07-24 18:06:09,2026-07-23 14:14:00,,
44.82921,-1.0861,340.49,0.35,0.57,2026-07-23,1214,N,VIIRS,n,2.0NRT,301.07,23.02,D,2026-07-24 18:06:09,2026-07-23 14:14:00,,
44.82931,-1.10605,367.0,0.36,0.57,2026-07-23,1214,N,VIIRS,h,2.0NRT,310.66,25.66,D,2026-07-24 18:06:09,2026-07-23 14:14:00,,
44.83053,-1.10175,367.0,0.36,0.57,2026-07-23,1214,N,VIIRS,h,2.0NRT,310.78,16.48,D,2026-07-24 18:06:09,2026-07-23 14:14:00,,
44.83174,-1.09745,367.0,0.36,0.57,2026-07-23,1214,N,VIIRS,h,2.0NRT,316.64,16.48,D,2026-07-24 18:06:09,2026-07-23 14:14:00,,
44.83184,-1.11745,335.89,0.36,0.57,2026-07-23,1214,N,VIIRS,l,2.0NRT,310.29,7.78,D,2026-07-24 18:06:09,2026-07-23 14:14:00,,
44.83306,-1.11313,336.86,0.36,0.57,2026-07-23,1214,N,VIIRS,n,2.0NRT,309.45,25.66,D,2026-07-24 18:06:09,2026-07-23 14:14:00,,
44.83418,-1.08884,349.43,0.35,0.57,2026-07-23,1214,N,VIIRS,n,2.0NRT,321.51,41.02,D,2026-07-24 18:06:09,2026-07-23 14:14:00,,
44.83436,-1.12891,351.44,0.36,0.57,2026-07-23,1214,N,VIIRS,n,2.0NRT,312.14,7.8,D,2026-07-24 18:06:09,2026-07-23 14:14:00,,
44.8354,-1.08455,367.0,0.35,0.57,2026-07-23,1214,N,VIIRS,h,2.0NRT,304.67,58.57,D,2026-07-24 18:06:09,2026-07-23 14:14:00,,
44.83558,-1.12458,336.96,0.36,0.57,2026-07-23,1214,N,VIIRS,l,2.0NRT,308.28,5.28,D,2026-07-24 18:06:09,2026-07-23 14:14:00,,
44.83661,-1.08026,277.27,0.35,0.57,2026-07-23,1214,N,VIIRS,l,2.0NRT,320.91,58.57,D,2026-07-24 18:06:09,2026-07-23 14:14:00,,
44.83672,-1.1002,333.54,0.36,0.57,2026-07-23,1214,N,VIIRS,n,2.0NRT,307.73,16.48,D,2026-07-24 18:06:09,2026-07-23 14:14:00,,
44.83681,-1.12023,336.57,0.36,0.57,2026-07-23,1214,N,VIIRS,l,2.0NRT,308.36,5.28,D,2026-07-24 18:06:09,2026-07-23 14:14:00,,
44.83782,-1.07597,367.0,0.35,0.57,2026-07-23,1214,N,VIIRS,l,2.0NRT,329.45,57.6,D,2026-07-24 18:06:09,2026-07-23 14:14:00,,
44.83794,-1.0959,333.48,0.35,0.57,2026-07-23,1214,N,VIIRS,n,2.0NRT,307.5,41.02,D,2026-07-24 18:06:09,2026-07-23 14:14:00,,
44.83904,-1.07168,353.42,0.35,0.57,2026-07-23,1214,N,VIIRS,n,2.0NRT,319.66,57.6,D,2026-07-24 18:06:09,2026-07-23 14:14:00,,
44.83915,-1.0916,341.91,0.35,0.57,2026-07-23,1214,N,VIIRS,n,2.0NRT,309.01,41.02,D,2026-07-24 18:06:09,2026-07-23 14:14:00,,
44.84026,-1.06738,367.0,0.35,0.57,2026-07-23,1214,N,VIIRS,h,2.0NRT,315.19,42.69,D,2026-07-24 18:06:09,2026-07-23 14:14:00,,
44.84037,-1.08729,348.94,0.35,0.57,2026-07-23,1214,N,VIIRS,n,2.0NRT,309.36,58.57,D,2026-07-24 18:06:09,2026-07-23 14:14:00,,
44.84147,-1.06308,351.23,0.35,0.57,2026-07-23,1214,N,VIIRS,n,2.0NRT,308.71,42.69,D,2026-07-24 18:06:09,2026-07-23 14:14:00,,
44.84279,-1.07873,356.04,0.35,0.57,2026-07-23,1214,N,VIIRS,n,2.0NRT,316.69,57.6,D,2026-07-24 18:06:09,2026-07-23 14:14:00,,
44.84401,-1.07443,367.0,0.35,0.57,2026-07-23,1214,N,VIIRS,h,2.0NRT,316.69,57.6,D,2026-07-24 18:06:09,2026-07-23 14:14:00,,
44.84523,-1.07013,345.31,0.35,0.57,2026-07-23,1214,N,VIIRS,n,2.0NRT,319.19,42.69,D,2026-07-24 18:06:09,2026-07-23 14:14:00,,
44.84544,-1.11004,331.34,0.36,0.57,2026-07-23,1214,N,VIIRS,l,2.0NRT,306.22,5.43,D,2026-07-24 18:06:09,2026-07-23 14:14:00,,
44.84644,-1.06583,367.0,0.35,0.57,2026-07-23,1214,N,VIIRS,h,2.0NRT,350.57,42.69,D,2026-07-24 18:06:09,2026-07-23 14:14:00,,
44.84666,-1.10574,334.76,0.36,0.57,2026-07-23,1214,N,VIIRS,l,2.0NRT,308.61,5.43,D,2026-07-24 18:06:09,2026-07-23 14:14:00,,
44.84765,-1.06154,367.0,0.35,0.57,2026-07-23,1214,N,VIIRS,h,2.0NRT,328.62,100.76,D,2026-07-24 18:06:09,2026-07-23 14:14:00,,
44.84909,-1.09712,336.79,0.35,0.57,2026-07-23,1214,N,VIIRS,l,2.0NRT,310.6,12.18,D,2026-07-24 18:06:09,2026-07-23 14:14:00,,
44.85031,-1.09282,338.9,0.35,0.57,2026-07-23,1214,N,VIIRS,l,2.0NRT,312.87,6.98,D,2026-07-24 18:06:09,2026-07-23 14:14:00,,
44.8514,-1.06858,343.01,0.35,0.57,2026-07-23,1214,N,VIIRS,n,2.0NRT,312.64,13.63,D,2026-07-24 18:06:09,2026-07-23 14:14:00,,
44.85152,-1.08852,344.6,0.35,0.57,2026-07-23,1214,N,VIIRS,l,2.0NRT,315.0,6.98,D,2026-07-24 18:06:09,2026-07-23 14:14:00,,
44.85262,-1.06428,334.68,0.35,0.57,2026-07-23,1214,N,VIIRS,n,2.0NRT,309.02,8.23,D,2026-07-24 18:06:09,2026-07-23 14:14:00,,
44.85383,-1.05998,347.26,0.35,0.57,2026-07-23,1214,N,VIIRS,n,2.0NRT,314.82,8.23,D,2026-07-24 18:06:09,2026-07-23 14:14:00,,
44.85504,-1.05569,367.0,0.35,0.57,2026-07-23,1214,N,VIIRS,h,2.0NRT,321.56,8.24,D,2026-07-24 18:06:09,2026-07-23 14:14:00,,
44.85529,-1.09555,345.0,0.35,0.57,2026-07-23,1214,N,VIIRS,n,2.0NRT,311.85,7.59,D,2026-07-24 18:06:09,2026-07-23 14:14:00,,
44.85625,-1.05141,338.05,0.35,0.57,2026-07-23,1214,N,VIIRS,n,2.0NRT,312.5,8.24,D,2026-07-24 18:06:09,2026-07-23 14:14:00,,
44.85649,-1.09126,355.22,0.35,0.57,2026-07-23,1214,N,VIIRS,n,2.0NRT,317.34,7.59,D,2026-07-24 18:06:09,2026-07-23 14:14:00,,
44.85771,-1.08696,339.97,0.35,0.57,2026-07-23,1214,N,VIIRS,l,2.0NRT,312.59,5.61,D,2026-07-24 18:06:09,2026-07-23 14:14:00,,
44.85892,-1.08265,337.76,0.35,0.57,2026-07-23,1214,N,VIIRS,l,2.0NRT,312.75,5.61,D,2026-07-24 18:06:09,2026-07-23 14:14:00,,
44.86014,-1.07835,343.84,0.35,0.57,2026-07-23,1214,N,VIIRS,l,2.0NRT,316.04,5.23,D,2026-07-24 18:06:09,2026-07-23 14:14:00,,
44.86134,-1.07406,342.07,0.35,0.57,2026-07-23,1214,N,VIIRS,l,2.0NRT,315.4,5.23,D,2026-07-24 18:06:09,2026-07-23 14:14:00,,
44.86268,-1.0897,353.09,0.35,0.57,2026-07-23,1214,N,VIIRS,n,2.0NRT,309.49,5.61,D,2026-07-24 18:06:09,2026-07-23 14:14:00,,
44.86389,-1.0854,338.54,0.35,0.57,2026-07-23,1214,N,VIIRS,n,2.0NRT,308.52,5.61,D,2026-07-24 18:06:09,2026-07-23 14:14:00,,
44.8651,-1.0811,342.6,0.35,0.57,2026-07-23,1214,N,VIIRS,n,2.0NRT,312.96,5.23,D,2026-07-24 18:06:09,2026-07-23 14:14:00,,
44.86631,-1.07681,345.27,0.35,0.57,2026-07-23,1214,N,VIIRS,l,2.0NRT,315.7,5.23,D,2026-07-24 18:06:09,2026-07-23 14:14:00,,
44.86752,-1.07252,340.79,0.35,0.57,2026-07-23,1214,N,VIIRS,l,2.0NRT,313.9,17.2,D,2026-07-24 18:06:09,2026-07-23 14:14:00,,
44.87247,-1.07529,352.34,0.35,0.57,2026-07-23,1214,N,VIIRS,n,2.0NRT,314.46,9.69,D,2026-07-24 18:06:09,2026-07-23 14:14:00,,
44.87864,-1.07375,367.0,0.35,0.57,2026-07-23,1214,N,VIIRS,h,2.0NRT,308.19,9.69,D,2026-07-24 18:06:09,2026-07-23 14:14:00,,
44.87985,-1.06945,352.65,0.35,0.57,2026-07-23,1214,N,VIIRS,n,2.0NRT,307.63,18.32,D,2026-07-24 18:06:09,2026-07-23 14:14:00,,
44.88808,-1.0197,356.8,0.35,0.57,2026-07-23,1214,N,VIIRS,n,2.0NRT,312.01,14.64,D,2026-07-24 18:06:09,2026-07-23 14:14:00,,
44.88927,-1.01545,367.0,0.35,0.57,2026-07-23,1214,N,VIIRS,l,2.0NRT,331.12,28.77,D,2026-07-24 18:06:09,2026-07-23 14:14:00,,
44.89046,-1.0112,367.0,0.35,0.57,2026-07-23,1214,N,VIIRS,h,2.0NRT,306.11,28.77,D,2026-07-24 18:06:09,2026-07-23 14:14:00,,
44.89303,-1.02242,346.32,0.35,0.57,2026-07-23,1214,N,VIIRS,n,2.0NRT,308.15,14.64,D,2026-07-24 18:06:09,2026-07-23 14:14:00,,
44.89423,-1.01815,367.0,0.35,0.57,2026-07-23,1214,N,VIIRS,h,2.0NRT,310.7,28.77,D,2026-07-24 18:06:09,2026-07-23 14:14:00,,
44.89542,-1.01391,367.0,0.35,0.57,2026-07-23,1214,N,VIIRS,h,2.0NRT,308.32,28.77,D,2026-07-24 18:06:09,2026-07-23 14:14:00,,
44.89577,-1.05355,356.63,0.35,0.57,2026-07-23,1214,N,VIIRS,n,2.0NRT,310.33,30.88,D,2026-07-24 18:06:09,2026-07-23 14:14:00,,
44.89695,-1.0493,367.0,0.35,0.57,2026-07-23,1214,N,VIIRS,l,2.0NRT,349.68,108.91,D,2026-07-24 18:06:09,2026-07-23 14:14:00,,
44.89815,-1.04504,367.0,0.35,0.57,2026-07-23,1214,N,VIIRS,h,2.0NRT,327.01,108.91,D,2026-07-24 18:06:09,2026-07-23 14:14:00,,
44.90054,-1.03649,338.5,0.35,0.57,2026-07-23,1214,N,VIIRS,l,2.0NRT,312.28,26.68,D,2026-07-24 18:06:09,2026-07-23 14:14:00,,
44.9031,-1.04778,367.0,0.35,0.57,2026-07-23,1214,N,VIIRS,h,2.0NRT,305.66,80.78,D,2026-07-24 18:06:09,2026-07-23 14:14:00,,
44.90531,-1.0194,339.02,0.35,0.57,2026-07-23,1214,N,VIIRS,n,2.0NRT,304.36,6.8,D,2026-07-24 18:06:09,2026-07-23 14:14:00,,
44.43797,-1.12415,367.0,0.34,0.56,2026-07-23,1355,N,VIIRS,h,2.0NRT,307.12,12.18,D,2026-07-24 18:06:09,2026-07-23 15:55:00,,
44.80366,-1.15874,355.62,0.34,0.56,2026-07-23,1355,N,VIIRS,n,2.0NRT,304.36,21.76,D,2026-07-24 18:06:09,2026-07-23 15:55:00,,
44.80388,-1.15426,367.0,0.34,0.56,2026-07-23,1355,N,VIIRS,h,2.0NRT,316.07,44.66,D,2026-07-24 18:06:09,2026-07-23 15:55:00,,
44.8041,-1.1498,352.07,0.34,0.56,2026-07-23,1355,N,VIIRS,n,2.0NRT,315.09,44.66,D,2026-07-24 18:06:09,2026-07-23 15:55:00,,
44.80433,-1.14532,367.0,0.34,0.56,2026-07-23,1355,N,VIIRS,h,2.0NRT,301.68,30.32,D,2026-07-24 18:06:09,2026-07-23 15:55:00,,
44.80746,-1.16132,354.8,0.34,0.56,2026-07-23,1355,N,VIIRS,n,2.0NRT,300.03,8.85,D,2026-07-24 18:06:09,2026-07-23 15:55:00,,
44.80766,-1.15681,367.0,0.34,0.56,2026-07-23,1355,N,VIIRS,h,2.0NRT,308.24,8.85,D,2026-07-24 18:06:09,2026-07-23 15:55:00,,
44.80786,-1.15232,367.0,0.34,0.56,2026-07-23,1355,N,VIIRS,h,2.0NRT,318.16,33.0,D,2026-07-24 18:06:09,2026-07-23 15:55:00,,
44.80846,-1.13889,353.16,0.35,0.56,2026-07-23,1355,N,VIIRS,n,2.0NRT,306.94,50.51,D,2026-07-24 18:06:09,2026-07-23 15:55:00,,
44.80866,-1.13443,367.0,0.35,0.56,2026-07-23,1355,N,VIIRS,l,2.0NRT,331.66,144.69,D,2026-07-24 18:06:09,2026-07-23 15:55:00,,
44.80886,-1.12996,367.0,0.35,0.56,2026-07-23,1355,N,VIIRS,h,2.0NRT,303.68,144.69,D,2026-07-24 18:06:09,2026-07-23 15:55:00,,
44.80892,-1.15923,347.81,0.34,0.56,2026-07-23,1355,N,VIIRS,n,2.0NRT,301.84,6.31,D,2026-07-24 18:06:09,2026-07-23 15:55:00,,
44.80915,-1.15473,367.0,0.34,0.56,2026-07-23,1355,N,VIIRS,h,2.0NRT,312.54,18.5,D,2026-07-24 18:06:09,2026-07-23 15:55:00,,
44.80937,-1.15025,351.21,0.34,0.56,2026-07-23,1355,N,VIIRS,n,2.0NRT,315.64,18.5,D,2026-07-24 18:06:09,2026-07-23 15:55:00,,
44.8096,-1.14578,367.0,0.34,0.56,2026-07-23,1355,N,VIIRS,h,2.0NRT,310.1,22.98,D,2026-07-24 18:06:09,2026-07-23 15:55:00,,
44.80982,-1.14131,367.0,0.34,0.56,2026-07-23,1355,N,VIIRS,h,2.0NRT,305.58,22.98,D,2026-07-24 18:06:09,2026-07-23 15:55:00,,
44.81004,-1.13686,289.02,0.34,0.56,2026-07-23,1355,N,VIIRS,l,2.0NRT,322.16,128.62,D,2026-07-24 18:06:09,2026-07-23 15:55:00,,
44.81026,-1.13241,367.0,0.35,0.56,2026-07-23,1355,N,VIIRS,h,2.0NRT,343.18,128.62,D,2026-07-24 18:06:09,2026-07-23 15:55:00,,
44.81049,-1.12793,367.0,0.35,0.56,2026-07-23,1355,N,VIIRS,h,2.0NRT,301.54,118.29,D,2026-07-24 18:06:09,2026-07-23 15:55:00,,
44.81071,-1.12345,367.0,0.35,0.56,2026-07-23,1355,N,VIIRS,h,2.0NRT,300.2,118.29,D,2026-07-24 18:06:09,2026-07-23 15:55:00,,
44.81293,-1.15729,342.34,0.34,0.56,2026-07-23,1355,N,VIIRS,n,2.0NRT,303.1,8.85,D,2026-07-24 18:06:09,2026-07-23 15:55:00,,
44.81313,-1.15278,350.46,0.34,0.56,2026-07-23,1355,N,VIIRS,n,2.0NRT,306.72,33.0,D,2026-07-24 18:06:09,2026-07-23 15:55:00,,
44.81333,-1.14831,339.66,0.34,0.56,2026-07-23,1355,N,VIIRS,n,2.0NRT,304.74,33.0,D,2026-07-24 18:06:09,2026-07-23 15:55:00,,
44.81353,-1.14384,355.9,0.34,0.56,2026-07-23,1355,N,VIIRS,n,2.0NRT,308.01,50.51,D,2026-07-24 18:06:09,2026-07-23 15:55:00,,
44.81374,-1.13938,346.7,0.35,0.56,2026-07-23,1355,N,VIIRS,l,2.0NRT,319.78,50.51,D,2026-07-24 18:06:09,2026-07-23 15:55:00,,
44.81393,-1.13492,367.0,0.35,0.56,2026-07-23,1355,N,VIIRS,l,2.0NRT,369.3,144.69,D,2026-07-24 18:06:09,2026-07-23 15:55:00,,
44.81414,-1.13045,367.0,0.35,0.56,2026-07-23,1355,N,VIIRS,l,2.0NRT,344.31,144.69,D,2026-07-24 18:06:09,2026-07-23 15:55:00,,
44.81419,-1.15971,333.7,0.34,0.56,2026-07-23,1355,N,VIIRS,n,2.0NRT,299.32,6.31,D,2026-07-24 18:06:09,2026-07-23 15:55:00,,
44.81433,-1.12597,367.0,0.35,0.56,2026-07-23,1355,N,VIIRS,l,2.0NRT,331.39,85.15,D,2026-07-24 18:06:09,2026-07-23 15:55:00,,
44.81441,-1.15518,367.0,0.34,0.56,2026-07-23,1355,N,VIIRS,h,2.0NRT,307.45,18.5,D,2026-07-24 18:06:09,2026-07-23 15:55:00,,
44.81453,-1.12147,367.0,0.35,0.56,2026-07-23,1355,N,VIIRS,h,2.0NRT,300.82,85.15,D,2026-07-24 18:06:09,2026-07-23 15:55:00,,
44.81464,-1.15071,352.02,0.34,0.56,2026-07-23,1355,N,VIIRS,n,2.0NRT,307.17,18.5,D,2026-07-24 18:06:09,2026-07-23 15:55:00,,
44.81486,-1.14625,340.08,0.34,0.56,2026-07-23,1355,N,VIIRS,n,2.0NRT,305.41,22.98,D,2026-07-24 18:06:09,2026-07-23 15:55:00,,
44.81509,-1.14179,356.62,0.34,0.56,2026-07-23,1355,N,VIIRS,n,2.0NRT,307.46,22.98,D,2026-07-24 18:06:09,2026-07-23 15:55:00,,
44.81531,-1.13732,208.0,0.34,0.56,2026-07-23,1355,N,VIIRS,l,2.0NRT,321.86,128.62,D,2026-07-24 18:06:09,2026-07-23 15:55:00,,
44.81554,-1.13287,367.0,0.35,0.56,2026-07-23,1355,N,VIIRS,l,2.0NRT,375.57,128.62,D,2026-07-24 18:06:09,2026-07-23 15:55:00,,
44.81599,-1.12391,367.0,0.35,0.56,2026-07-23,1355,N,VIIRS,h,2.0NRT,325.75,118.29,D,2026-07-24 18:06:09,2026-07-23 15:55:00,,
44.81621,-1.11944,334.22,0.35,0.56,2026-07-23,1355,N,VIIRS,n,2.0NRT,299.15,30.15,D,2026-07-24 18:06:09,2026-07-23 15:55:00,,
44.8182,-1.15778,355.9,0.34,0.56,2026-07-23,1355,N,VIIRS,n,2.0NRT,301.89,12.41,D,2026-07-24 18:06:09,2026-07-23 15:55:00,,
44.8184,-1.15329,367.0,0.34,0.56,2026-07-23,1355,N,VIIRS,h,2.0NRT,317.48,11.84,D,2026-07-24 18:06:09,2026-07-23 15:55:00,,
44.8186,-1.1488,342.17,0.34,0.56,2026-07-23,1355,N,VIIRS,n,2.0NRT,305.47,11.84,D,2026-07-24 18:06:09,2026-07-23 15:55:00,,
44.81921,-1.1354,356.91,0.35,0.56,2026-07-23,1355,N,VIIRS,n,2.0NRT,306.85,22.94,D,2026-07-24 18:06:09,2026-07-23 15:55:00,,
44.81941,-1.13094,367.0,0.35,0.56,2026-07-23,1355,N,VIIRS,h,2.0NRT,312.38,22.94,D,2026-07-24 18:06:09,2026-07-23 15:55:00,,
44.81961,-1.12644,367.0,0.35,0.56,2026-07-23,1355,N,VIIRS,h,2.0NRT,309.33,24.2,D,2026-07-24 18:06:09,2026-07-23 15:55:00,,
44.81968,-1.15567,367.0,0.34,0.56,2026-07-23,1355,N,VIIRS,h,2.0NRT,304.18,12.27,D,2026-07-24 18:06:09,2026-07-23 15:55:00,,
44.81981,-1.12196,354.65,0.35,0.56,2026-07-23,1355,N,VIIRS,n,2.0NRT,301.64,24.2,D,2026-07-24 18:06:09,2026-07-23 15:55:00,,
44.8199,-1.1512,367.0,0.34,0.56,2026-07-23,1355,N,VIIRS,h,2.0NRT,314.58,12.27,D,2026-07-24 18:06:09,2026-07-23 15:55:00,,
44.82013,-1.14673,334.12,0.34,0.56,2026-07-23,1355,N,VIIRS,n,2.0NRT,303.78,9.01,D,2026-07-24 18:06:09,2026-07-23 15:55:00,,
44.82041,-1.10856,367.0,0.35,0.56,2026-07-23,1355,N,VIIRS,h,2.0NRT,308.85,32.98,D,2026-07-24 18:06:09,2026-07-23 15:55:00,,
44.82061,-1.10407,355.62,0.35,0.56,2026-07-23,1355,N,VIIRS,l,2.0NRT,313.84,32.98,D,2026-07-24 18:06:09,2026-07-23 15:55:00,,
44.82081,-1.13333,353.46,0.35,0.56,2026-07-23,1355,N,VIIRS,n,2.0NRT,310.19,16.96,D,2026-07-24 18:06:09,2026-07-23 15:55:00,,
44.82082,-1.09957,367.0,0.35,0.56,2026-07-23,1355,N,VIIRS,h,2.0NRT,314.63,35.86,D,2026-07-24 18:06:09,2026-07-23 15:55:00,,
44.82104,-1.12887,367.0,0.35,0.56,2026-07-23,1355,N,VIIRS,h,2.0NRT,310.38,11.96,D,2026-07-24 18:06:09,2026-07-23 15:55:00,,
44.82126,-1.12437,357.19,0.35,0.56,2026-07-23,1355,N,VIIRS,n,2.0NRT,302.59,11.96,D,2026-07-24 18:06:09,2026-07-23 15:55:00,,
44.82148,-1.1199,330.18,0.35,0.56,2026-07-23,1355,N,VIIRS,n,2.0NRT,301.97,9.49,D,2026-07-24 18:06:09,2026-07-23 15:55:00,,
44.82193,-1.11099,367.0,0.35,0.56,2026-07-23,1355,N,VIIRS,h,2.0NRT,309.0,24.51,D,2026-07-24 18:06:09,2026-07-23 15:55:00,,
44.82216,-1.10651,348.42,0.35,0.56,2026-07-23,1355,N,VIIRS,n,2.0NRT,323.35,24.51,D,2026-07-24 18:06:09,2026-07-23 15:55:00,,
44.82239,-1.10202,350.31,0.35,0.56,2026-07-23,1355,N,VIIRS,l,2.0NRT,329.21,33.66,D,2026-07-24 18:06:09,2026-07-23 15:55:00,,
44.82261,-1.09751,367.0,0.35,0.56,2026-07-23,1355,N,VIIRS,h,2.0NRT,308.89,33.66,D,2026-07-24 18:06:09,2026-07-23 15:55:00,,
44.82284,-1.09302,367.0,0.35,0.56,2026-07-23,1355,N,VIIRS,h,2.0NRT,301.78,23.72,D,2026-07-24 18:06:09,2026-07-23 15:55:00,,
44.82367,-1.15379,367.0,0.34,0.56,2026-07-23,1355,N,VIIRS,h,2.0NRT,304.14,11.84,D,2026-07-24 18:06:09,2026-07-23 15:55:00,,
44.82387,-1.14931,367.0,0.34,0.56,2026-07-23,1355,N,VIIRS,h,2.0NRT,312.79,11.84,D,2026-07-24 18:06:09,2026-07-23 15:55:00,,
44.82407,-1.14483,336.33,0.34,0.56,2026-07-23,1355,N,VIIRS,n,2.0NRT,304.05,17.81,D,2026-07-24 18:06:09,2026-07-23 15:55:00,,
44.82517,-1.15168,367.0,0.34,0.56,2026-07-23,1355,N,VIIRS,h,2.0NRT,306.66,12.27,D,2026-07-24 18:06:09,2026-07-23 15:55:00,,
44.8254,-1.14721,367.0,0.34,0.56,2026-07-23,1355,N,VIIRS,h,2.0NRT,307.87,9.01,D,2026-07-24 18:06:09,2026-07-23 15:55:00,,
44.82549,-1.1135,355.2,0.35,0.56,2026-07-23,1355,N,VIIRS,n,2.0NRT,312.4,25.78,D,2026-07-24 18:06:09,2026-07-23 15:55:00,,
44.82563,-1.14273,331.55,0.34,0.56,2026-07-23,1355,N,VIIRS,n,2.0NRT,305.77,9.01,D,2026-07-24 18:06:09,2026-07-23 15:55:00,,
44.82569,-1.10902,350.52,0.35,0.56,2026-07-23,1355,N,VIIRS,l,2.0NRT,326.27,32.98,D,2026-07-24 18:06:09,2026-07-23 15:55:00,,
44.8259,-1.10453,350.06,0.35,0.56,2026-07-23,1355,N,VIIRS,l,2.0NRT,329.19,32.98,D,2026-07-24 18:06:09,2026-07-23 15:55:00,,
44.8261,-1.10004,367.0,0.35,0.56,2026-07-23,1355,N,VIIRS,h,2.0NRT,311.37,35.86,D,2026-07-24 18:06:09,2026-07-23 15:55:00,,
44.8263,-1.09553,367.0,0.35,0.56,2026-07-23,1355,N,VIIRS,h,2.0NRT,307.16,35.86,D,2026-07-24 18:06:09,2026-07-23 15:55:00,,
44.8265,-1.09104,367.0,0.35,0.56,2026-07-23,1355,N,VIIRS,h,2.0NRT,307.14,22.89,D,2026-07-24 18:06:09,2026-07-23 15:55:00,,
44.82698,-1.11591,345.13,0.35,0.56,2026-07-23,1355,N,VIIRS,n,2.0NRT,311.57,9.49,D,2026-07-24 18:06:09,2026-07-23 15:55:00,,
44.82721,-1.11143,367.0,0.35,0.56,2026-07-23,1355,N,VIIRS,h,2.0NRT,313.81,24.51,D,2026-07-24 18:06:09,2026-07-23 15:55:00,,
44.82744,-1.10695,367.0,0.35,0.56,2026-07-23,1355,N,VIIRS,h,2.0NRT,319.17,24.51,D,2026-07-24 18:06:09,2026-07-23 15:55:00,,
44.82767,-1.10246,367.0,0.35,0.56,2026-07-23,1355,N,VIIRS,h,2.0NRT,316.42,33.66,D,2026-07-24 18:06:09,2026-07-23 15:55:00,,
44.82789,-1.09796,367.0,0.35,0.56,2026-07-23,1355,N,VIIRS,h,2.0NRT,310.17,33.66,D,2026-07-24 18:06:09,2026-07-23 15:55:00,,
44.82812,-1.09346,367.0,0.35,0.56,2026-07-23,1355,N,VIIRS,h,2.0NRT,311.41,23.72,D,2026-07-24 18:06:09,2026-07-23 15:55:00,,
44.82835,-1.08896,353.63,0.35,0.56,2026-07-23,1355,N,VIIRS,n,2.0NRT,314.8,23.72,D,2026-07-24 18:06:09,2026-07-23 15:55:00,,
44.82858,-1.08445,354.41,0.35,0.56,2026-07-23,1355,N,VIIRS,n,2.0NRT,307.16,34.79,D,2026-07-24 18:06:09,2026-07-23 15:55:00,,
44.8288,-1.07993,367.0,0.35,0.57,2026-07-23,1355,N,VIIRS,h,2.0NRT,301.1,34.79,D,2026-07-24 18:06:09,2026-07-23 15:55:00,,
44.82903,-1.07543,332.61,0.35,0.57,2026-07-23,1355,N,VIIRS,n,2.0NRT,296.93,8.64,D,2026-07-24 18:06:09,2026-07-23 15:55:00,,
44.83158,-1.096,367.0,0.35,0.56,2026-07-23,1355,N,VIIRS,h,2.0NRT,312.97,24.49,D,2026-07-24 18:06:09,2026-07-23 15:55:00,,
44.83179,-1.0915,354.37,0.35,0.56,2026-07-23,1355,N,VIIRS,n,2.0NRT,322.16,59.31,D,2026-07-24 18:06:09,2026-07-23 15:55:00,,
44.83199,-1.08699,367.0,0.35,0.57,2026-07-23,1355,N,VIIRS,l,2.0NRT,344.08,59.31,D,2026-07-24 18:06:09,2026-07-23 15:55:00,,
44.8322,-1.08248,367.0,0.35,0.57,2026-07-23,1355,N,VIIRS,h,2.0NRT,343.11,72.69,D,2026-07-24 18:06:09,2026-07-23 15:55:00,,
44.83239,-1.07796,367.0,0.35,0.57,2026-07-23,1355,N,VIIRS,h,2.0NRT,316.77,72.69,D,2026-07-24 18:06:09,2026-07-23 15:55:00,,
44.83543,-1.12784,340.58,0.35,0.56,2026-07-23,1355,N,VIIRS,n,2.0NRT,307.97,12.14,D,2026-07-24 18:06:09,2026-07-23 15:55:00,,
44.83728,-1.08746,351.41,0.35,0.57,2026-07-23,1355,N,VIIRS,n,2.0NRT,314.49,59.31,D,2026-07-24 18:06:09,2026-07-23 15:55:00,,
44.83748,-1.08294,355.94,0.35,0.57,2026-07-23,1355,N,VIIRS,n,2.0NRT,329.92,72.69,D,2026-07-24 18:06:09,2026-07-23 15:55:00,,
44.83768,-1.07842,351.09,0.35,0.57,2026-07-23,1355,N,VIIRS,l,2.0NRT,330.31,72.69,D,2026-07-24 18:06:09,2026-07-23 15:55:00,,
44.83789,-1.07391,356.61,0.35,0.57,2026-07-23,1355,N,VIIRS,n,2.0NRT,330.12,54.1,D,2026-07-24 18:06:09,2026-07-23 15:55:00,,
44.8381,-1.0694,367.0,0.35,0.57,2026-07-23,1355,N,VIIRS,h,2.0NRT,311.22,54.1,D,2026-07-24 18:06:09,2026-07-23 15:55:00,,
44.84277,-1.08339,355.7,0.35,0.57,2026-07-23,1355,N,VIIRS,n,2.0NRT,311.91,18.27,D,2026-07-24 18:06:09,2026-07-23 15:55:00,,
44.84298,-1.07888,367.0,0.35,0.57,2026-07-23,1355,N,VIIRS,h,2.0NRT,315.07,18.27,D,2026-07-24 18:06:09,2026-07-23 15:55:00,,
44.84318,-1.07437,367.0,0.35,0.57,2026-07-23,1355,N,VIIRS,h,2.0NRT,314.24,20.67,D,2026-07-24 18:06:09,2026-07-23 15:55:00,,
44.84339,-1.06986,367.0,0.35,0.57,2026-07-23,1355,N,VIIRS,h,2.0NRT,318.96,20.67,D,2026-07-24 18:06:09,2026-07-23 15:55:00,,
44.84359,-1.06535,367.0,0.35,0.57,2026-07-23,1355,N,VIIRS,h,2.0NRT,315.91,16.82,D,2026-07-24 18:06:09,2026-07-23 15:55:00,,
44.84888,-1.06581,367.0,0.35,0.57,2026-07-23,1355,N,VIIRS,h,2.0NRT,315.69,16.82,D,2026-07-24 18:06:09,2026-07-23 15:55:00,,
44.85272,-1.09783,347.54,0.35,0.56,2026-07-23,1355,N,VIIRS,n,2.0NRT,314.18,7.31,D,2026-07-24 18:06:09,2026-07-23 15:55:00,,
44.85439,-1.06177,345.65,0.35,0.57,2026-07-23,1355,N,VIIRS,n,2.0NRT,313.86,13.11,D,2026-07-24 18:06:09,2026-07-23 15:55:00,,
44.8546,-1.05725,351.55,0.35,0.57,2026-07-23,1355,N,VIIRS,n,2.0NRT,318.85,13.73,D,2026-07-24 18:06:09,2026-07-23 15:55:00,,
44.85822,-1.09382,354.6,0.35,0.56,2026-07-23,1355,N,VIIRS,n,2.0NRT,315.25,10.81,D,2026-07-24 18:06:09,2026-07-23 15:55:00,,
44.85843,-1.08931,346.52,0.35,0.57,2026-07-23,1355,N,VIIRS,n,2.0NRT,315.34,10.81,D,2026-07-24 18:06:09,2026-07-23 15:55:00,,
44.86371,-1.08976,352.81,0.35,0.57,2026-07-23,1355,N,VIIRS,n,2.0NRT,312.51,6.06,D,2026-07-24 18:06:09,2026-07-23 15:55:00,,
44.86413,-1.08075,344.12,0.35,0.57,2026-07-23,1355,N,VIIRS,l,2.0NRT,316.02,12.14,D,2026-07-24 18:06:09,2026-07-23 15:55:00,,
44.86434,-1.07624,345.9,0.35,0.57,2026-07-23,1355,N,VIIRS,l,2.0NRT,317.07,9.54,D,2026-07-24 18:06:09,2026-07-23 15:55:00,,
44.86963,-1.07669,350.99,0.35,0.57,2026-07-23,1355,N,VIIRS,n,2.0NRT,316.74,9.54,D,2026-07-24 18:06:09,2026-07-23 15:55:00,,
44.88043,-1.07308,351.88,0.35,0.57,2026-07-23,1355,N,VIIRS,n,2.0NRT,310.7,9.92,D,2026-07-24 18:06:09,2026-07-23 15:55:00,,
44.88278,-1.0231,347.05,0.35,0.57,2026-07-23,1355,N,VIIRS,n,2.0NRT,303.9,2.91,D,2026-07-24 18:06:09,2026-07-23 15:55:00,,
44.8883,-1.01903,367.0,0.35,0.57,2026-07-23,1355,N,VIIRS,l,2.0NRT,325.21,21.63,D,2026-07-24 18:06:09,2026-07-23 15:55:00,,
44.88852,-1.01444,367.0,0.35,0.57,2026-07-23,1355,N,VIIRS,h,2.0NRT,312.76,31.73,D,2026-07-24 18:06:09,2026-07-23 15:55:00,,
44.89209,-1.05129,367.0,0.35,0.57,2026-07-23,1355,N,VIIRS,h,2.0NRT,320.13,20.13,D,2026-07-24 18:06:09,2026-07-23 15:55:00,,
44.8936,-1.0195,355.96,0.35,0.57,2026-07-23,1355,N,VIIRS,n,2.0NRT,311.54,21.63,D,2026-07-24 18:06:09,2026-07-23 15:55:00,,
44.89382,-1.01492,351.55,0.35,0.57,2026-07-23,1355,N,VIIRS,n,2.0NRT,324.88,31.73,D,2026-07-24 18:06:09,2026-07-23 15:55:00,,
44.89404,-1.01035,337.06,0.35,0.57,2026-07-23,1355,N,VIIRS,n,2.0NRT,304.48,31.73,D,2026-07-24 18:06:09,2026-07-23 15:55:00,,
44.89739,-1.05174,367.0,0.35,0.57,2026-07-23,1355,N,VIIRS,h,2.0NRT,338.87,48.48,D,2026-07-24 18:06:09,2026-07-23 15:55:00,,
44.89761,-1.04718,367.0,0.35,0.57,2026-07-23,1355,N,VIIRS,h,2.0NRT,320.6,48.48,D,2026-07-24 18:06:09,2026-07-23 15:55:00,,
44.90269,-1.05218,279.27,0.35,0.57,2026-07-23,1355,N,VIIRS,l,2.0NRT,321.56,48.48,D,2026-07-24 18:06:09,2026-07-23 15:55:00,,
44.90291,-1.04763,367.0,0.35,0.57,2026-07-23,1355,N,VIIRS,h,2.0NRT,309.15,48.48,D,2026-07-24 18:06:09,2026-07-23 15:55:00,,
44.90422,-1.02036,333.19,0.35,0.57,2026-07-23,1355,N,VIIRS,n,2.0NRT,307.58,8.59,D,2026-07-24 18:06:09,2026-07-23 15:55:00,,
44.90444,-1.01581,367.0,0.35,0.57,2026-07-23,1355,N,VIIRS,h,2.0NRT,309.16,12.24,D,2026-07-24 18:06:09,2026-07-23 15:55:00,,
44.36511,-1.15372,347.93,0.49,0.4,2026-07-24,228,N20,VIIRS,n,2.0NRT,306.49,32.49,N,2026-07-24 18:06:10,2026-07-24 04:28:00,,
44.36631,-1.15963,352.85,0.49,0.4,2026-07-24,228,N20,VIIRS,n,2.0NRT,317.45,32.49,N,2026-07-24 18:06:10,2026-07-24 04:28:00,,
44.36749,-1.14639,323.32,0.49,0.4,2026-07-24,228,N20,VIIRS,n,2.0NRT,300.03,16.47,N,2026-07-24 18:06:10,2026-07-24 04:28:00,,
44.36751,-1.16554,338.83,0.49,0.4,2026-07-24,228,N20,VIIRS,n,2.0NRT,298.67,11.53,N,2026-07-24 18:06:10,2026-07-24 04:28:00,,
44.36869,-1.15232,367.0,0.49,0.4,2026-07-24,228,N20,VIIRS,h,2.0NRT,357.63,47.3,N,2026-07-24 18:06:10,2026-07-24 04:28:00,,
44.36987,-1.13905,339.25,0.49,0.4,2026-07-24,228,N20,VIIRS,n,2.0NRT,296.71,16.47,N,2026-07-24 18:06:10,2026-07-24 04:28:00,,
44.36989,-1.15822,351.29,0.49,0.4,2026-07-24,228,N20,VIIRS,n,2.0NRT,332.31,47.3,N,2026-07-24 18:06:10,2026-07-24 04:28:00,,
44.37007,-1.14402,355.63,0.49,0.4,2026-07-24,228,N20,VIIRS,n,2.0NRT,306.98,23.73,N,2026-07-24 18:06:10,2026-07-24 04:28:00,,
44.37107,-1.14498,355.69,0.49,0.4,2026-07-24,228,N20,VIIRS,n,2.0NRT,317.26,16.47,N,2026-07-24 18:06:10,2026-07-24 04:28:00,,
44.37109,-1.16412,353.17,0.49,0.4,2026-07-24,228,N20,VIIRS,n,2.0NRT,315.5,37.21,N,2026-07-24 18:06:10,2026-07-24 04:28:00,,
44.3713,-1.14992,356.17,0.49,0.4,2026-07-24,228,N20,VIIRS,n,2.0NRT,315.32,23.73,N,2026-07-24 18:06:10,2026-07-24 04:28:00,,
44.37225,-1.13172,308.01,0.49,0.4,2026-07-24,228,N20,VIIRS,n,2.0NRT,292.95,14.87,N,2026-07-24 18:06:10,2026-07-24 04:28:00,,
44.37227,-1.1509,353.89,0.49,0.4,2026-07-24,228,N20,VIIRS,n,2.0NRT,310.42,47.3,N,2026-07-24 18:06:10,2026-07-24 04:28:00,,
44.37228,-1.17001,332.74,0.49,0.4,2026-07-24,228,N20,VIIRS,n,2.0NRT,298.62,37.21,N,2026-07-24 18:06:10,2026-07-24 04:28:00,,
44.37243,-1.13669,347.99,0.49,0.4,2026-07-24,228,N20,VIIRS,n,2.0NRT,311.23,20.19,N,2026-07-24 18:06:10,2026-07-24 04:28:00,,
44.37252,-1.15582,367.0,0.49,0.4,2026-07-24,228,N20,VIIRS,h,2.0NRT,308.03,38.54,N,2026-07-24 18:06:10,2026-07-24 04:28:00,,
44.37345,-1.13763,355.67,0.49,0.4,2026-07-24,228,N20,VIIRS,n,2.0NRT,324.03,23.64,N,2026-07-24 18:06:10,2026-07-24 04:28:00,,
44.37347,-1.15681,351.91,0.49,0.4,2026-07-24,228,N20,VIIRS,n,2.0NRT,308.91,47.3,N,2026-07-24 18:06:10,2026-07-24 04:28:00,,
44.37356,-1.12347,302.84,0.49,0.4,2026-07-24,228,N20,VIIRS,n,2.0NRT,291.55,27.68,N,2026-07-24 18:06:10,2026-07-24 04:28:00,,
44.37366,-1.1426,356.69,0.49,0.4,2026-07-24,228,N20,VIIRS,n,2.0NRT,326.25,23.73,N,2026-07-24 18:06:10,2026-07-24 04:28:00,,
44.37375,-1.16171,344.34,0.49,0.4,2026-07-24,228,N20,VIIRS,n,2.0NRT,341.4,38.54,N,2026-07-24 18:06:10,2026-07-24 04:28:00,,
44.37463,-1.12438,318.66,0.49,0.4,2026-07-24,228,N20,VIIRS,n,2.0NRT,299.83,14.87,N,2026-07-24 18:06:10,2026-07-24 04:28:00,,
44.37465,-1.14356,367.0,0.49,0.4,2026-07-24,228,N20,VIIRS,h,2.0NRT,319.88,23.64,N,2026-07-24 18:06:10,2026-07-24 04:28:00,,
44.37467,-1.16271,344.55,0.49,0.4,2026-07-24,228,N20,VIIRS,n,2.0NRT,342.69,37.21,N,2026-07-24 18:06:10,2026-07-24 04:28:00,,
44.37479,-1.12938,336.64,0.49,0.4,2026-07-24,228,N20,VIIRS,n,2.0NRT,298.44,24.6,N,2026-07-24 18:06:10,2026-07-24 04:28:00,,
44.37488,-1.14851,355.66,0.49,0.4,2026-07-24,228,N20,VIIRS,n,2.0NRT,326.61,23.73,N,2026-07-24 18:06:10,2026-07-24 04:28:00,,
44.37497,-1.16759,354.92,0.49,0.4,2026-07-24,228,N20,VIIRS,n,2.0NRT,311.09,22.35,N,2026-07-24 18:06:10,2026-07-24 04:28:00,,
44.37584,-1.1303,346.23,0.49,0.4,2026-07-24,228,N20,VIIRS,n,2.0NRT,299.3,14.87,N,2026-07-24 18:06:10,2026-07-24 04:28:00,,
44.37585,-1.14948,355.94,0.49,0.4,2026-07-24,228,N20,VIIRS,n,2.0NRT,320.32,44.07,N,2026-07-24 18:06:10,2026-07-24 04:28:00,,
44.37587,-1.16861,350.25,0.49,0.4,2026-07-24,228,N20,VIIRS,n,2.0NRT,314.51,37.21,N,2026-07-24 18:06:10,2026-07-24 04:28:00,,
44.37601,-1.13528,353.98,0.49,0.4,2026-07-24,228,N20,VIIRS,n,2.0NRT,309.13,24.6,N,2026-07-24 18:06:10,2026-07-24 04:28:00,,
44.37611,-1.15441,355.07,0.49,0.4,2026-07-24,228,N20,VIIRS,n,2.0NRT,310.38,38.54,N,2026-07-24 18:06:10,2026-07-24 04:28:00,,
44.37619,-1.17347,342.78,0.48,0.4,2026-07-24,228,N20,VIIRS,n,2.0NRT,299.6,22.35,N,2026-07-24 18:06:10,2026-07-24 04:28:00,,
44.37703,-1.13621,352.72,0.49,0.4,2026-07-24,228,N20,VIIRS,n,2.0NRT,309.2,23.64,N,2026-07-24 18:06:10,2026-07-24 04:28:00,,
44.37705,-1.15539,353.23,0.49,0.4,2026-07-24,228,N20,VIIRS,n,2.0NRT,316.64,44.07,N,2026-07-24 18:06:10,2026-07-24 04:28:00,,
44.37706,-1.1745,329.79,0.49,0.4,2026-07-24,228,N20,VIIRS,n,2.0NRT,295.74,9.87,N,2026-07-24 18:06:10,2026-07-24 04:28:00,,
44.37715,-1.12206,333.4,0.49,0.4,2026-07-24,228,N20,VIIRS,n,2.0NRT,319.8,27.68,N,2026-07-24 18:06:10,2026-07-24 04:28:00,,
44.37724,-1.14118,367.0,0.49,0.4,2026-07-24,228,N20,VIIRS,h,2.0NRT,323.42,21.58,N,2026-07-24 18:06:10,2026-07-24 04:28:00,,
44.37732,-1.16029,350.97,0.49,0.4,2026-07-24,228,N20,VIIRS,n,2.0NRT,323.91,38.54,N,2026-07-24 18:06:10,2026-07-24 04:28:00,,
44.37823,-1.14214,367.0,0.49,0.4,2026-07-24,228,N20,VIIRS,h,2.0NRT,324.89,23.64,N,2026-07-24 18:06:10,2026-07-24 04:28:00,,
44.37825,-1.16129,345.97,0.49,0.4,2026-07-24,228,N20,VIIRS,n,2.0NRT,307.8,27.77,N,2026-07-24 18:06:10,2026-07-24 04:28:00,,
44.37837,-1.12797,349.95,0.49,0.4,2026-07-24,228,N20,VIIRS,n,2.0NRT,311.09,24.6,N,2026-07-24 18:06:10,2026-07-24 04:28:00,,
44.37846,-1.14709,354.39,0.49,0.4,2026-07-24,228,N20,VIIRS,n,2.0NRT,310.36,21.58,N,2026-07-24 18:06:10,2026-07-24 04:28:00,,
44.37854,-1.16618,348.97,0.49,0.4,2026-07-24,228,N20,VIIRS,n,2.0NRT,310.05,22.35,N,2026-07-24 18:06:10,2026-07-24 04:28:00,,
44.37943,-1.14806,356.16,0.49,0.4,2026-07-24,228,N20,VIIRS,n,2.0NRT,314.96,44.07,N,2026-07-24 18:06:10,2026-07-24 04:28:00,,
44.37944,-1.16719,344.97,0.49,0.4,2026-07-24,228,N20,VIIRS,n,2.0NRT,301.61,27.77,N,2026-07-24 18:06:10,2026-07-24 04:28:00,,
44.37959,-1.13387,349.06,0.49,0.4,2026-07-24,228,N20,VIIRS,n,2.0NRT,327.66,24.6,N,2026-07-24 18:06:10,2026-07-24 04:28:00,,
44.37968,-1.15299,351.14,0.49,0.4,2026-07-24,228,N20,VIIRS,n,2.0NRT,327.96,55.01,N,2026-07-24 18:06:10,2026-07-24 04:28:00,,
44.37976,-1.17206,322.84,0.48,0.4,2026-07-24,228,N20,VIIRS,n,2.0NRT,295.17,22.35,N,2026-07-24 18:06:10,2026-07-24 04:28:00,,
44.38063,-1.15397,367.0,0.49,0.4,2026-07-24,228,N20,VIIRS,h,2.0NRT,344.76,44.07,N,2026-07-24 18:06:10,2026-07-24 04:28:00,,
44.38073,-1.12064,355.1,0.49,0.4,2026-07-24,228,N20,VIIRS,n,2.0NRT,317.09,35.42,N,2026-07-24 18:06:10,2026-07-24 04:28:00,,
44.38082,-1.13977,350.21,0.49,0.4,2026-07-24,228,N20,VIIRS,n,2.0NRT,305.86,21.58,N,2026-07-24 18:06:10,2026-07-24 04:28:00,,
44.3809,-1.15888,346.91,0.49,0.4,2026-07-24,228,N20,VIIRS,n,2.0NRT,318.38,55.01,N,2026-07-24 18:06:10,2026-07-24 04:28:00,,
44.38182,-1.15987,341.49,0.49,0.4,2026-07-24,228,N20,VIIRS,n,2.0NRT,308.33,27.77,N,2026-07-24 18:06:10,2026-07-24 04:28:00,,
44.38195,-1.12655,356.05,0.49,0.4,2026-07-24,228,N20,VIIRS,n,2.0NRT,311.51,14.25,N,2026-07-24 18:06:10,2026-07-24 04:28:00,,
44.38204,-1.14568,347.43,0.49,0.4,2026-07-24,228,N20,VIIRS,n,2.0NRT,322.95,21.58,N,2026-07-24 18:06:10,2026-07-24 04:28:00,,
44.38309,-1.1133,314.11,0.49,0.4,2026-07-24,228,N20,VIIRS,n,2.0NRT,297.14,35.42,N,2026-07-24 18:06:10,2026-07-24 04:28:00,,
44.38318,-1.13245,351.97,0.49,0.4,2026-07-24,228,N20,VIIRS,n,2.0NRT,317.06,14.25,N,2026-07-24 18:06:10,2026-07-24 04:28:00,,
44.38326,-1.15157,367.0,0.49,0.4,2026-07-24,228,N20,VIIRS,h,2.0NRT,341.75,55.01,N,2026-07-24 18:06:10,2026-07-24 04:28:00,,
44.38432,-1.11922,353.12,0.49,0.4,2026-07-24,228,N20,VIIRS,n,2.0NRT,336.42,35.42,N,2026-07-24 18:06:10,2026-07-24 04:28:00,,
44.3844,-1.13835,352.16,0.49,0.4,2026-07-24,228,N20,VIIRS,n,2.0NRT,310.17,21.65,N,2026-07-24 18:06:10,2026-07-24 04:28:00,,
44.38448,-1.15746,333.5,0.49,0.4,2026-07-24,228,N20,VIIRS,n,2.0NRT,296.92,55.01,N,2026-07-24 18:06:10,2026-07-24 04:28:00,,
44.38545,-1.10597,303.78,0.49,0.4,2026-07-24,228,N20,VIIRS,n,2.0NRT,290.4,3.57,N,2026-07-24 18:06:10,2026-07-24 04:28:00,,
44.38554,-1.12513,355.53,0.49,0.4,2026-07-24,228,N20,VIIRS,n,2.0NRT,313.8,14.25,N,2026-07-24 18:06:10,2026-07-24 04:28:00,,
44.38562,-1.14426,353.06,0.49,0.4,2026-07-24,228,N20,VIIRS,n,2.0NRT,305.16,21.65,N,2026-07-24 18:06:10,2026-07-24 04:28:00,,
44.38667,-1.11188,354.41,0.49,0.4,2026-07-24,228,N20,VIIRS,n,2.0NRT,317.33,22.33,N,2026-07-24 18:06:10,2026-07-24 04:28:00,,
44.38676,-1.13103,343.56,0.49,0.4,2026-07-24,228,N20,VIIRS,n,2.0NRT,307.22,14.25,N,2026-07-24 18:06:10,2026-07-24 04:28:00,,
44.38684,-1.15015,325.45,0.49,0.4,2026-07-24,228,N20,VIIRS,n,2.0NRT,296.44,21.44,N,2026-07-24 18:06:10,2026-07-24 04:28:00,,
44.3879,-1.11779,355.92,0.49,0.4,2026-07-24,228,N20,VIIRS,n,2.0NRT,327.98,22.33,N,2026-07-24 18:06:10,2026-07-24 04:28:00,,
44.38798,-1.13694,356.48,0.49,0.4,2026-07-24,228,N20,VIIRS,n,2.0NRT,325.63,21.65,N,2026-07-24 18:06:10,2026-07-24 04:28:00,,
44.38903,-1.10455,317.59,0.49,0.4,2026-07-24,228,N20,VIIRS,n,2.0NRT,290.48,3.57,N,2026-07-24 18:06:10,2026-07-24 04:28:00,,
44.38912,-1.12371,367.0,0.49,0.4,2026-07-24,228,N20,VIIRS,h,2.0NRT,325.93,24.88,N,2026-07-24 18:06:10,2026-07-24 04:28:00,,
44.3892,-1.14284,352.58,0.49,0.4,2026-07-24,228,N20,VIIRS,n,2.0NRT,328.02,21.65,N,2026-07-24 18:06:10,2026-07-24 04:28:00,,
44.39025,-1.11046,349.68,0.49,0.4,2026-07-24,228,N20,VIIRS,n,2.0NRT,303.25,22.33,N,2026-07-24 18:06:10,2026-07-24 04:28:00,,
44.39034,-1.12962,355.85,0.49,0.4,2026-07-24,228,N20,VIIRS,n,2.0NRT,320.86,24.88,N,2026-07-24 18:06:10,2026-07-24 04:28:00,,
44.39042,-1.14873,340.94,0.49,0.4,2026-07-24,228,N20,VIIRS,n,2.0NRT,323.4,21.44,N,2026-07-24 18:06:10,2026-07-24 04:28:00,,
44.39148,-1.11637,350.71,0.49,0.4,2026-07-24,228,N20,VIIRS,n,2.0NRT,318.89,22.33,N,2026-07-24 18:06:10,2026-07-24 04:28:00,,
44.39156,-1.13552,356.32,0.49,0.4,2026-07-24,228,N20,VIIRS,n,2.0NRT,325.46,21.5,N,2026-07-24 18:06:10,2026-07-24 04:28:00,,
44.39262,-1.10313,309.52,0.49,0.4,2026-07-24,228,N20,VIIRS,n,2.0NRT,291.77,5.59,N,2026-07-24 18:06:10,2026-07-24 04:28:00,,
44.3927,-1.12229,355.36,0.49,0.4,2026-07-24,228,N20,VIIRS,n,2.0NRT,326.46,24.88,N,2026-07-24 18:06:10,2026-07-24 04:28:00,,
44.39278,-1.14142,355.83,0.49,0.4,2026-07-24,228,N20,VIIRS,n,2.0NRT,321.03,21.5,N,2026-07-24 18:06:10,2026-07-24 04:28:00,,
44.39384,-1.10904,352.73,0.49,0.4,2026-07-24,228,N20,VIIRS,n,2.0NRT,312.77,9.28,N,2026-07-24 18:06:10,2026-07-24 04:28:00,,
44.39392,-1.1282,367.0,0.49,0.4,2026-07-24,228,N20,VIIRS,h,2.0NRT,325.77,24.88,N,2026-07-24 18:06:10,2026-07-24 04:28:00,,
44.394,-1.14732,350.56,0.49,0.4,2026-07-24,228,N20,VIIRS,n,2.0NRT,316.98,12.68,N,2026-07-24 18:06:10,2026-07-24 04:28:00,,
44.39506,-1.11495,353.44,0.49,0.4,2026-07-24,228,N20,VIIRS,n,2.0NRT,310.56,9.28,N,2026-07-24 18:06:10,2026-07-24 04:28:00,,
44.39515,-1.13411,367.0,0.49,0.4,2026-07-24,228,N20,VIIRS,h,2.0NRT,318.46,21.5,N,2026-07-24 18:06:10,2026-07-24 04:28:00,,
44.39521,-1.1532,317.74,0.49,0.4,2026-07-24,228,N20,VIIRS,n,2.0NRT,295.63,12.68,N,2026-07-24 18:06:10,2026-07-24 04:28:00,,
44.3962,-1.1017,343.9,0.49,0.4,2026-07-24,228,N20,VIIRS,n,2.0NRT,298.52,5.59,N,2026-07-24 18:06:10,2026-07-24 04:28:00,,
44.39629,-1.12087,367.0,0.49,0.4,2026-07-24,228,N20,VIIRS,h,2.0NRT,319.78,11.17,N,2026-07-24 18:06:10,2026-07-24 04:28:00,,
44.39636,-1.14001,367.0,0.49,0.4,2026-07-24,228,N20,VIIRS,h,2.0NRT,322.66,21.5,N,2026-07-24 18:06:10,2026-07-24 04:28:00,,
44.39743,-1.10761,338.4,0.49,0.4,2026-07-24,228,N20,VIIRS,n,2.0NRT,302.22,9.28,N,2026-07-24 18:06:10,2026-07-24 04:28:00,,
44.3975,-1.12678,347.75,0.49,0.4,2026-07-24,228,N20,VIIRS,n,2.0NRT,306.59,11.17,N,2026-07-24 18:06:10,2026-07-24 04:28:00,,
44.39758,-1.1459,367.0,0.49,0.4,2026-07-24,228,N20,VIIRS,h,2.0NRT,321.46,12.68,N,2026-07-24 18:06:10,2026-07-24 04:28:00,,
44.39865,-1.11353,345.77,0.49,0.4,2026-07-24,228,N20,VIIRS,n,2.0NRT,305.19,9.28,N,2026-07-24 18:06:10,2026-07-24 04:28:00,,
44.39873,-1.13268,352.56,0.49,0.4,2026-07-24,228,N20,VIIRS,n,2.0NRT,315.17,19.74,N,2026-07-24 18:06:10,2026-07-24 04:28:00,,
44.39879,-1.15178,328.19,0.49,0.4,2026-07-24,228,N20,VIIRS,n,2.0NRT,297.93,12.68,N,2026-07-24 18:06:10,2026-07-24 04:28:00,,
44.39986,-1.11944,332.6,0.49,0.4,2026-07-24,228,N20,VIIRS,n,2.0NRT,303.73,11.17,N,2026-07-24 18:06:10,2026-07-24 04:28:00,,
44.39994,-1.13859,367.0,0.49,0.4,2026-07-24,228,N20,VIIRS,h,2.0NRT,322.91,19.74,N,2026-07-24 18:06:10,2026-07-24 04:28:00,,
44.40101,-1.10618,304.39,0.49,0.4,2026-07-24,228,N20,VIIRS,n,2.0NRT,291.76,8.13,N,2026-07-24 18:06:10,2026-07-24 04:28:00,,
44.40108,-1.12535,351.88,0.49,0.4,2026-07-24,228,N20,VIIRS,n,2.0NRT,314.07,11.17,N,2026-07-24 18:06:10,2026-07-24 04:28:00,,
44.40115,-1.14448,354.46,0.49,0.4,2026-07-24,228,N20,VIIRS,n,2.0NRT,333.82,21.75,N,2026-07-24 18:06:10,2026-07-24 04:28:00,,
44.40223,-1.1121,345.78,0.49,0.4,2026-07-24,228,N20,VIIRS,n,2.0NRT,306.75,8.13,N,2026-07-24 18:06:10,2026-07-24 04:28:00,,
44.40231,-1.13126,367.0,0.49,0.4,2026-07-24,228,N20,VIIRS,h,2.0NRT,320.65,19.74,N,2026-07-24 18:06:10,2026-07-24 04:28:00,,
44.40237,-1.15036,346.35,0.49,0.4,2026-07-24,228,N20,VIIRS,n,2.0NRT,301.46,21.75,N,2026-07-24 18:06:10,2026-07-24 04:28:00,,
44.40345,-1.11802,335.59,0.49,0.4,2026-07-24,228,N20,VIIRS,n,2.0NRT,304.9,7.83,N,2026-07-24 18:06:10,2026-07-24 04:28:00,,
44.40352,-1.13716,367.0,0.49,0.4,2026-07-24,228,N20,VIIRS,h,2.0NRT,322.81,19.74,N,2026-07-24 18:06:10,2026-07-24 04:28:00,,
44.40459,-1.10475,336.15,0.49,0.4,2026-07-24,228,N20,VIIRS,n,2.0NRT,302.45,8.13,N,2026-07-24 18:06:10,2026-07-24 04:28:00,,
44.40466,-1.12393,346.03,0.49,0.4,2026-07-24,228,N20,VIIRS,n,2.0NRT,309.14,7.83,N,2026-07-24 18:06:10,2026-07-24 04:28:00,,
44.40473,-1.14305,355.36,0.49,0.4,2026-07-24,228,N20,VIIRS,n,2.0NRT,330.08,21.75,N,2026-07-24 18:06:10,2026-07-24 04:28:00,,
44.40581,-1.11067,353.82,0.49,0.4,2026-07-24,228,N20,VIIRS,n,2.0NRT,313.21,8.13,N,2026-07-24 18:06:10,2026-07-24 04:28:00,,
44.40588,-1.12983,351.18,0.49,0.4,2026-07-24,228,N20,VIIRS,n,2.0NRT,312.41,19.61,N,2026-07-24 18:06:10,2026-07-24 04:28:00,,
44.40594,-1.14894,338.17,0.49,0.4,2026-07-24,228,N20,VIIRS,n,2.0NRT,300.63,21.75,N,2026-07-24 18:06:10,2026-07-24 04:28:00,,
44.40703,-1.11659,336.48,0.49,0.4,2026-07-24,228,N20,VIIRS,n,2.0NRT,304.57,7.83,N,2026-07-24 18:06:10,2026-07-24 04:28:00,,
44.4071,-1.13573,367.0,0.49,0.4,2026-07-24,228,N20,VIIRS,h,2.0NRT,326.53,19.61,N,2026-07-24 18:06:10,2026-07-24 04:28:00,,
44.40817,-1.10331,344.22,0.49,0.4,2026-07-24,228,N20,VIIRS,n,2.0NRT,304.87,40.33,N,2026-07-24 18:06:10,2026-07-24 04:28:00,,
44.40825,-1.1225,351.38,0.49,0.4,2026-07-24,228,N20,VIIRS,n,2.0NRT,312.31,7.83,N,2026-07-24 18:06:10,2026-07-24 04:28:00,,
44.40831,-1.14162,367.0,0.49,0.4,2026-07-24,228,N20,VIIRS,h,2.0NRT,312.3,16.4,N,2026-07-24 18:06:10,2026-07-24 04:28:00,,
44.40939,-1.10924,353.3,0.49,0.4,2026-07-24,228,N20,VIIRS,n,2.0NRT,328.99,40.33,N,2026-07-24 18:06:10,2026-07-24 04:28:00,,
44.40946,-1.1284,367.0,0.49,0.4,2026-07-24,228,N20,VIIRS,h,2.0NRT,317.16,19.61,N,2026-07-24 18:06:10,2026-07-24 04:28:00,,
44.40952,-1.14751,331.66,0.49,0.4,2026-07-24,228,N20,VIIRS,n,2.0NRT,295.59,16.4,N,2026-07-24 18:06:10,2026-07-24 04:28:00,,
44.41061,-1.11516,354.92,0.49,0.4,2026-07-24,228,N20,VIIRS,n,2.0NRT,313.0,26.51,N,2026-07-24 18:06:10,2026-07-24 04:28:00,,
44.41067,-1.1343,367.0,0.49,0.4,2026-07-24,228,N20,VIIRS,h,2.0NRT,320.5,19.61,N,2026-07-24 18:06:10,2026-07-24 04:28:00,,
44.41175,-1.10188,335.55,0.49,0.4,2026-07-24,228,N20,VIIRS,n,2.0NRT,317.42,40.33,N,2026-07-24 18:06:10,2026-07-24 04:28:00,,
44.41183,-1.12107,345.72,0.49,0.4,2026-07-24,228,N20,VIIRS,n,2.0NRT,306.63,26.51,N,2026-07-24 18:06:10,2026-07-24 04:28:00,,
44.41189,-1.14019,367.0,0.49,0.4,2026-07-24,228,N20,VIIRS,h,2.0NRT,314.84,16.4,N,2026-07-24 18:06:10,2026-07-24 04:28:00,,
44.41297,-1.10781,342.25,0.49,0.4,2026-07-24,228,N20,VIIRS,n,2.0NRT,330.41,40.33,N,2026-07-24 18:06:10,2026-07-24 04:28:00,,
44.41304,-1.12697,353.05,0.49,0.4,2026-07-24,228,N20,VIIRS,n,2.0NRT,312.63,17.12,N,2026-07-24 18:06:10,2026-07-24 04:28:00,,
44.4131,-1.14608,354.25,0.49,0.4,2026-07-24,228,N20,VIIRS,n,2.0NRT,303.18,16.4,N,2026-07-24 18:06:10,2026-07-24 04:28:00,,
44.41419,-1.11373,343.0,0.49,0.4,2026-07-24,228,N20,VIIRS,n,2.0NRT,320.58,26.51,N,2026-07-24 18:06:10,2026-07-24 04:28:00,,
44.41425,-1.13287,367.0,0.49,0.4,2026-07-24,228,N20,VIIRS,h,2.0NRT,321.16,17.12,N,2026-07-24 18:06:10,2026-07-24 04:28:00,,
44.41431,-1.15198,329.49,0.49,0.4,2026-07-24,228,N20,VIIRS,n,2.0NRT,294.31,7.03,N,2026-07-24 18:06:10,2026-07-24 04:28:00,,
44.41533,-1.10045,335.64,0.49,0.4,2026-07-24,228,N20,VIIRS,n,2.0NRT,303.04,29.24,N,2026-07-24 18:06:10,2026-07-24 04:28:00,,
44.41541,-1.11964,355.97,0.49,0.4,2026-07-24,228,N20,VIIRS,n,2.0NRT,313.01,26.51,N,2026-07-24 18:06:10,2026-07-24 04:28:00,,
44.41546,-1.13876,367.0,0.49,0.4,2026-07-24,228,N20,VIIRS,h,2.0NRT,313.18,18.36,N,2026-07-24 18:06:10,2026-07-24 04:28:00,,
44.41655,-1.10638,355.86,0.49,0.4,2026-07-24,228,N20,VIIRS,n,2.0NRT,307.03,29.24,N,2026-07-24 18:06:10,2026-07-24 04:28:00,,
44.41662,-1.12554,347.41,0.49,0.4,2026-07-24,228,N20,VIIRS,n,2.0NRT,307.43,17.12,N,2026-07-24 18:06:10,2026-07-24 04:28:00,,
44.41668,-1.14466,354.12,0.49,0.4,2026-07-24,228,N20,VIIRS,n,2.0NRT,310.43,18.36,N,2026-07-24 18:06:10,2026-07-24 04:28:00,,
44.41777,-1.1123,350.77,0.49,0.4,2026-07-24,228,N20,VIIRS,n,2.0NRT,309.3,12.19,N,2026-07-24 18:06:10,2026-07-24 04:28:00,,
44.41783,-1.13144,367.0,0.49,0.4,2026-07-24,228,N20,VIIRS,h,2.0NRT,316.86,17.12,N,2026-07-24 18:06:10,2026-07-24 04:28:00,,
44.41898,-1.11821,346.43,0.49,0.4,2026-07-24,228,N20,VIIRS,n,2.0NRT,305.46,12.19,N,2026-07-24 18:06:10,2026-07-24 04:28:00,,
44.41904,-1.13733,347.03,0.49,0.4,2026-07-24,228,N20,VIIRS,n,2.0NRT,301.11,18.36,N,2026-07-24 18:06:10,2026-07-24 04:28:00,,
44.4202,-1.12411,321.64,0.49,0.4,2026-07-24,228,N20,VIIRS,n,2.0NRT,297.76,15.98,N,2026-07-24 18:06:10,2026-07-24 04:28:00,,
44.42025,-1.14322,319.52,0.49,0.4,2026-07-24,228,N20,VIIRS,n,2.0NRT,294.25,18.36,N,2026-07-24 18:06:10,2026-07-24 04:28:00,,
44.42135,-1.11087,355.76,0.49,0.4,2026-07-24,228,N20,VIIRS,n,2.0NRT,313.8,12.19,N,2026-07-24 18:06:10,2026-07-24 04:28:00,,
44.42141,-1.13,352.82,0.49,0.4,2026-07-24,228,N20,VIIRS,n,2.0NRT,316.03,15.98,N,2026-07-24 18:06:10,2026-07-24 04:28:00,,
44.42256,-1.11677,336.74,0.49,0.4,2026-07-24,228,N20,VIIRS,n,2.0NRT,301.72,12.19,N,2026-07-24 18:06:10,2026-07-24 04:28:00,,
44.42262,-1.1359,337.71,0.49,0.4,2026-07-24,228,N20,VIIRS,n,2.0NRT,301.31,20.15,N,2026-07-24 18:06:10,2026-07-24 04:28:00,,
44.42377,-1.12267,341.09,0.49,0.4,2026-07-24,228,N20,VIIRS,n,2.0NRT,310.7,15.98,N,2026-07-24 18:06:10,2026-07-24 04:28:00,,
44.42383,-1.1418,313.58,0.49,0.4,2026-07-24,228,N20,VIIRS,n,2.0NRT,294.88,20.15,N,2026-07-24 18:06:10,2026-07-24 04:28:00,,
44.42493,-1.10943,332.87,0.49,0.4,2026-07-24,228,N20,VIIRS,n,2.0NRT,304.35,20.65,N,2026-07-24 18:06:10,2026-07-24 04:28:00,,
44.42498,-1.12857,367.0,0.49,0.4,2026-07-24,228,N20,VIIRS,h,2.0NRT,317.62,15.98,N,2026-07-24 18:06:10,2026-07-24 04:28:00,,
44.42504,-1.1477,326.82,0.49,0.4,2026-07-24,228,N20,VIIRS,n,2.0NRT,305.03,50.59,N,2026-07-24 18:06:10,2026-07-24 04:28:00,,
44.42614,-1.11533,354.38,0.49,0.4,2026-07-24,228,N20,VIIRS,n,2.0NRT,319.23,20.65,N,2026-07-24 18:06:10,2026-07-24 04:28:00,,
44.42619,-1.13447,331.17,0.49,0.4,2026-07-24,228,N20,VIIRS,n,2.0NRT,296.22,20.15,N,2026-07-24 18:06:10,2026-07-24 04:28:00,,
44.42735,-1.12123,344.88,0.49,0.4,2026-07-24,228,N20,VIIRS,n,2.0NRT,308.82,22.31,N,2026-07-24 18:06:10,2026-07-24 04:28:00,,
44.42741,-1.14037,321.36,0.49,0.4,2026-07-24,228,N20,VIIRS,n,2.0NRT,313.21,20.15,N,2026-07-24 18:06:10,2026-07-24 04:28:00,,
44.42856,-1.12714,355.27,0.49,0.4,2026-07-24,228,N20,VIIRS,n,2.0NRT,328.45,22.31,N,2026-07-24 18:06:10,2026-07-24 04:28:00,,
44.42862,-1.14627,337.2,0.49,0.4,2026-07-24,228,N20,VIIRS,n,2.0NRT,298.2,50.59,N,2026-07-24 18:06:10,2026-07-24 04:28:00,,
44.42972,-1.1139,352.23,0.49,0.4,2026-07-24,228,N20,VIIRS,n,2.0NRT,317.63,20.65,N,2026-07-24 18:06:10,2026-07-24 04:28:00,,
44.42977,-1.13304,353.14,0.49,0.4,2026-07-24,228,N20,VIIRS,n,2.0NRT,314.5,47.03,N,2026-07-24 18:06:10,2026-07-24 04:28:00,,
44.43093,-1.1198,342.39,0.49,0.4,2026-07-24,228,N20,VIIRS,n,2.0NRT,306.98,22.31,N,2026-07-24 18:06:10,2026-07-24 04:28:00,,
44.43098,-1.13894,335.87,0.49,0.4,2026-07-24,228,N20,VIIRS,n,2.0NRT,316.3,47.03,N,2026-07-24 18:06:10,2026-07-24 04:28:00,,
44.43214,-1.12571,353.71,0.49,0.4,2026-07-24,228,N20,VIIRS,n,2.0NRT,328.44,22.31,N,2026-07-24 18:06:10,2026-07-24 04:28:00,,
44.43219,-1.14485,302.76,0.49,0.4,2026-07-24,228,N20,VIIRS,n,2.0NRT,290.54,2.49,N,2026-07-24 18:06:10,2026-07-24 04:28:00,,
44.4333,-1.11247,328.96,0.49,0.4,2026-07-24,228,N20,VIIRS,n,2.0NRT,295.77,4.81,N,2026-07-24 18:06:10,2026-07-24 04:28:00,,
44.43335,-1.13161,344.56,0.49,0.4,2026-07-24,228,N20,VIIRS,n,2.0NRT,306.14,47.03,N,2026-07-24 18:06:10,2026-07-24 04:28:00,,
44.43451,-1.11838,354.08,0.49,0.4,2026-07-24,228,N20,VIIRS,n,2.0NRT,307.94,9.57,N,2026-07-24 18:06:10,2026-07-24 04:28:00,,
44.43572,-1.12428,348.77,0.49,0.4,2026-07-24,228,N20,VIIRS,n,2.0NRT,308.12,9.57,N,2026-07-24 18:06:10,2026-07-24 04:28:00,,
44.43692,-1.13018,330.5,0.49,0.4,2026-07-24,228,N20,VIIRS,n,2.0NRT,294.75,7.09,N,2026-07-24 18:06:10,2026-07-24 04:28:00,,
44.43809,-1.11695,343.55,0.49,0.4,2026-07-24,228,N20,VIIRS,n,2.0NRT,301.84,9.57,N,2026-07-24 18:06:10,2026-07-24 04:28:00,,
44.43929,-1.12285,347.7,0.49,0.4,2026-07-24,228,N20,VIIRS,n,2.0NRT,304.93,9.57,N,2026-07-24 18:06:10,2026-07-24 04:28:00,,
44.44167,-1.11552,303.19,0.49,0.4,2026-07-24,228,N20,VIIRS,n,2.0NRT,291.13,6.1,N,2026-07-24 18:06:10,2026-07-24 04:28:00,,
44.44287,-1.12141,345.97,0.49,0.4,2026-07-24,228,N20,VIIRS,n,2.0NRT,301.77,6.1,N,2026-07-24 18:06:10,2026-07-24 04:28:00,,
44.78246,-1.22477,307.73,0.48,0.4,2026-07-24,228,N20,VIIRS,n,2.0NRT,294.25,25.72,N,2026-07-24 18:06:10,2026-07-24 04:28:00,,
44.78359,-1.13579,329.0,0.48,0.4,2026-07-24,228,N20,VIIRS,n,2.0NRT,292.61,10.35,N,2026-07-24 18:06:10,2026-07-24 04:28:00,,
44.78363,-1.23058,308.71,0.48,0.4,2026-07-24,228,N20,VIIRS,n,2.0NRT,294.24,25.72,N,2026-07-24 18:06:10,2026-07-24 04:28:00,,
44.78365,-1.21175,306.51,0.48,0.4,2026-07-24,228,N20,VIIRS,n,2.0NRT,294.4,3.02,N,2026-07-24 18:06:10,2026-07-24 04:28:00,,
44.78477,-1.14165,346.17,0.48,0.4,2026-07-24,228,N20,VIIRS,n,2.0NRT,296.03,10.35,N,2026-07-24 18:06:10,2026-07-24 04:28:00,,
44.78481,-1.23636,303.32,0.48,0.4,2026-07-24,228,N20,VIIRS,n,2.0NRT,291.81,6.02,N,2026-07-24 18:06:10,2026-07-24 04:28:00,,
44.78482,-1.21756,323.28,0.48,0.4,2026-07-24,228,N20,VIIRS,n,2.0NRT,295.54,3.02,N,2026-07-24 18:06:10,2026-07-24 04:28:00,,
44.78595,-1.12851,308.89,0.48,0.4,2026-07-24,228,N20,VIIRS,n,2.0NRT,292.2,65.8,N,2026-07-24 18:06:10,2026-07-24 04:28:00,,
44.78596,-1.1475,313.03,0.48,0.4,2026-07-24,228,N20,VIIRS,n,2.0NRT,294.6,2.73,N,2026-07-24 18:06:10,2026-07-24 04:28:00,,
44.786,-1.22336,347.88,0.48,0.4,2026-07-24,228,N20,VIIRS,n,2.0NRT,303.51,25.72,N,2026-07-24 18:06:10,2026-07-24 04:28:00,,
44.78601,-1.2045,309.6,0.48,0.4,2026-07-24,228,N20,VIIRS,n,2.0NRT,295.0,6.52,N,2026-07-24 18:06:10,2026-07-24 04:28:00,,
44.78714,-1.13437,367.0,0.48,0.4,2026-07-24,228,N20,VIIRS,h,2.0NRT,337.34,51.45,N,2026-07-24 18:06:10,2026-07-24 04:28:00,,
44.78717,-1.22917,344.96,0.48,0.4,2026-07-24,228,N20,VIIRS,n,2.0NRT,319.28,25.72,N,2026-07-24 18:06:10,2026-07-24 04:28:00,,
44.78719,-1.21034,355.88,0.48,0.4,2026-07-24,228,N20,VIIRS,n,2.0NRT,310.15,43.31,N,2026-07-24 18:06:10,2026-07-24 04:28:00,,
44.78833,-1.14022,343.33,0.48,0.4,2026-07-24,228,N20,VIIRS,n,2.0NRT,313.55,51.45,N,2026-07-24 18:06:10,2026-07-24 04:28:00,,
44.78835,-1.23495,338.58,0.48,0.4,2026-07-24,228,N20,VIIRS,n,2.0NRT,296.86,6.02,N,2026-07-24 18:06:10,2026-07-24 04:28:00,,
44.78837,-1.21615,347.38,0.48,0.4,2026-07-24,228,N20,VIIRS,n,2.0NRT,329.97,43.31,N,2026-07-24 18:06:10,2026-07-24 04:28:00,,
44.78837,-1.19722,325.46,0.48,0.4,2026-07-24,228,N20,VIIRS,n,2.0NRT,296.45,6.52,N,2026-07-24 18:06:10,2026-07-24 04:28:00,,
44.78951,-1.12708,367.0,0.48,0.4,2026-07-24,228,N20,VIIRS,h,2.0NRT,336.8,65.8,N,2026-07-24 18:06:10,2026-07-24 04:28:00,,
44.78952,-1.24075,304.09,0.47,0.4,2026-07-24,228,N20,VIIRS,n,2.0NRT,291.17,6.02,N,2026-07-24 18:06:10,2026-07-24 04:28:00,,
44.78955,-1.22195,367.0,0.48,0.4,2026-07-24,228,N20,VIIRS,h,2.0NRT,345.19,285.64,N,2026-07-24 18:06:10,2026-07-24 04:28:00,,
44.78955,-1.20307,354.64,0.48,0.4,2026-07-24,228,N20,VIIRS,n,2.0NRT,306.26,6.52,N,2026-07-24 18:06:10,2026-07-24 04:28:00,,
44.78955,-1.18411,307.79,0.48,0.4,2026-07-24,228,N20,VIIRS,n,2.0NRT,295.09,19.29,N,2026-07-24 18:06:10,2026-07-24 04:28:00,,
44.7907,-1.13295,354.4,0.48,0.4,2026-07-24,228,N20,VIIRS,n,2.0NRT,320.28,51.45,N,2026-07-24 18:06:10,2026-07-24 04:28:00,,
44.79072,-1.22775,367.0,0.48,0.4,2026-07-24,228,N20,VIIRS,h,2.0NRT,361.18,285.64,N,2026-07-24 18:06:10,2026-07-24 04:28:00,,
44.79073,-1.20891,355.68,0.48,0.4,2026-07-24,228,N20,VIIRS,n,2.0NRT,321.41,43.31,N,2026-07-24 18:06:10,2026-07-24 04:28:00,,
44.79073,-1.18995,354.0,0.48,0.4,2026-07-24,228,N20,VIIRS,n,2.0NRT,308.71,19.29,N,2026-07-24 18:06:10,2026-07-24 04:28:00,,
44.79188,-1.11979,340.02,0.48,0.4,2026-07-24,228,N20,VIIRS,n,2.0NRT,308.13,28.23,N,2026-07-24 18:06:10,2026-07-24 04:28:00,,
44.79189,-1.1388,335.03,0.48,0.4,2026-07-24,228,N20,VIIRS,n,2.0NRT,299.39,51.45,N,2026-07-24 18:06:10,2026-07-24 04:28:00,,
44.79191,-1.19578,354.7,0.48,0.4,2026-07-24,228,N20,VIIRS,n,2.0NRT,310.29,23.94,N,2026-07-24 18:06:10,2026-07-24 04:28:00,,
44.79192,-1.21474,346.33,0.48,0.4,2026-07-24,228,N20,VIIRS,n,2.0NRT,335.0,43.31,N,2026-07-24 18:06:10,2026-07-24 04:28:00,,
44.79307,-1.12566,355.96,0.48,0.4,2026-07-24,228,N20,VIIRS,n,2.0NRT,320.68,28.23,N,2026-07-24 18:06:10,2026-07-24 04:28:00,,
44.79309,-1.18269,354.6,0.48,0.4,2026-07-24,228,N20,VIIRS,n,2.0NRT,314.43,19.29,N,2026-07-24 18:06:10,2026-07-24 04:28:00,,
44.7931,-1.20165,354.58,0.48,0.4,2026-07-24,228,N20,VIIRS,n,2.0NRT,312.34,23.94,N,2026-07-24 18:06:10,2026-07-24 04:28:00,,
44.79425,-1.13152,367.0,0.48,0.4,2026-07-24,228,N20,VIIRS,h,2.0NRT,316.99,10.25,N,2026-07-24 18:06:10,2026-07-24 04:28:00,,
44.79425,-1.11249,330.39,0.48,0.4,2026-07-24,228,N20,VIIRS,n,2.0NRT,302.02,21.18,N,2026-07-24 18:06:10,2026-07-24 04:28:00,,
44.79427,-1.22634,331.37,0.48,0.4,2026-07-24,228,N20,VIIRS,n,2.0NRT,328.94,285.64,N,2026-07-24 18:06:10,2026-07-24 04:28:00,,
44.79428,-1.2075,343.77,0.48,0.4,2026-07-24,228,N20,VIIRS,n,2.0NRT,332.07,451.97,N,2026-07-24 18:06:10,2026-07-24 04:28:00,,
44.79428,-1.18853,353.15,0.48,0.4,2026-07-24,228,N20,VIIRS,n,2.0NRT,310.48,19.29,N,2026-07-24 18:06:10,2026-07-24 04:28:00,,
44.79543,-1.11836,356.12,0.48,0.4,2026-07-24,228,N20,VIIRS,n,2.0NRT,322.54,28.23,N,2026-07-24 18:06:10,2026-07-24 04:28:00,,
44.79544,-1.23213,341.73,0.48,0.4,2026-07-24,228,N20,VIIRS,n,2.0NRT,295.39,138.83,N,2026-07-24 18:06:10,2026-07-24 04:28:00,,
44.79544,-1.13738,335.78,0.48,0.4,2026-07-24,228,N20,VIIRS,n,2.0NRT,298.28,10.25,N,2026-07-24 18:06:10,2026-07-24 04:28:00,,
44.79546,-1.19435,367.0,0.48,0.4,2026-07-24,228,N20,VIIRS,h,2.0NRT,313.01,23.94,N,2026-07-24 18:06:10,2026-07-24 04:28:00,,
44.79546,-1.17541,344.13,0.48,0.4,2026-07-24,228,N20,VIIRS,n,2.0NRT,300.9,11.47,N,2026-07-24 18:06:10,2026-07-24 04:28:00,,
44.79662,-1.12423,367.0,0.48,0.4,2026-07-24,228,N20,VIIRS,h,2.0NRT,319.57,28.23,N,2026-07-24 18:06:10,2026-07-24 04:28:00,,
44.79664,-1.20021,351.43,0.48,0.4,2026-07-24,228,N20,VIIRS,n,2.0NRT,325.78,23.94,N,2026-07-24 18:06:10,2026-07-24 04:28:00,,
44.79665,-1.18127,352.07,0.48,0.4,2026-07-24,228,N20,VIIRS,n,2.0NRT,309.9,23.12,N,2026-07-24 18:06:10,2026-07-24 04:28:00,,
44.7978,-1.11106,337.24,0.48,0.4,2026-07-24,228,N20,VIIRS,n,2.0NRT,315.84,20.18,N,2026-07-24 18:06:10,2026-07-24 04:28:00,,
44.79781,-1.22493,352.65,0.48,0.4,2026-07-24,228,N20,VIIRS,n,2.0NRT,296.86,127.44,N,2026-07-24 18:06:10,2026-07-24 04:28:00,,
44.79781,-1.14909,318.18,0.48,0.4,2026-07-24,228,N20,VIIRS,n,2.0NRT,297.61,4.67,N,2026-07-24 18:06:10,2026-07-24 04:28:00,,
44.79781,-1.13009,351.17,0.48,0.4,2026-07-24,228,N20,VIIRS,n,2.0NRT,303.45,10.25,N,2026-07-24 18:06:10,2026-07-24 04:28:00,,
44.79782,-1.16813,344.83,0.48,0.4,2026-07-24,228,N20,VIIRS,n,2.0NRT,304.6,11.47,N,2026-07-24 18:06:10,2026-07-24 04:28:00,,
44.79783,-1.20608,367.0,0.48,0.4,2026-07-24,228,N20,VIIRS,h,2.0NRT,365.9,451.97,N,2026-07-24 18:06:10,2026-07-24 04:28:00,,
44.79783,-1.18712,350.43,0.48,0.4,2026-07-24,228,N20,VIIRS,n,2.0NRT,308.12,23.12,N,2026-07-24 18:06:10,2026-07-24 04:28:00,,
44.79898,-1.23072,324.75,0.48,0.4,2026-07-24,228,N20,VIIRS,n,2.0NRT,293.28,1.92,N,2026-07-24 18:06:10,2026-07-24 04:28:00,,
44.79899,-1.11693,367.0,0.48,0.4,2026-07-24,228,N20,VIIRS,h,2.0NRT,320.13,19.48,N,2026-07-24 18:06:10,2026-07-24 04:28:00,,
44.799,-1.15495,316.41,0.48,0.4,2026-07-24,228,N20,VIIRS,n,2.0NRT,297.83,3.03,N,2026-07-24 18:06:10,2026-07-24 04:28:00,,
44.799,-1.13595,307.11,0.48,0.4,2026-07-24,228,N20,VIIRS,n,2.0NRT,293.39,10.25,N,2026-07-24 18:06:10,2026-07-24 04:28:00,,
44.79901,-1.21192,367.0,0.48,0.4,2026-07-24,228,N20,VIIRS,h,2.0NRT,348.69,451.97,N,2026-07-24 18:06:10,2026-07-24 04:28:00,,
44.79901,-1.19294,367.0,0.48,0.4,2026-07-24,228,N20,VIIRS,h,2.0NRT,347.65,284.6,N,2026-07-24 18:06:10,2026-07-24 04:28:00,,
44.79901,-1.174,343.01,0.48,0.4,2026-07-24,228,N20,VIIRS,n,2.0NRT,305.65,11.47,N,2026-07-24 18:06:10,2026-07-24 04:28:00,,
44.80015,-1.2365,306.12,0.47,0.4,2026-07-24,228,N20,VIIRS,n,2.0NRT,291.02,1.92,N,2026-07-24 18:06:10,2026-07-24 04:28:00,,
44.80018,-1.21773,352.01,0.48,0.4,2026-07-24,228,N20,VIIRS,n,2.0NRT,296.9,127.44,N,2026-07-24 18:06:10,2026-07-24 04:28:00,,
44.80018,-1.16082,313.26,0.48,0.4,2026-07-24,228,N20,VIIRS,n,2.0NRT,295.93,3.03,N,2026-07-24 18:06:10,2026-07-24 04:28:00,,
44.80018,-1.14181,338.09,0.48,0.4,2026-07-24,228,N20,VIIRS,n,2.0NRT,300.01,4.67,N,2026-07-24 18:06:10,2026-07-24 04:28:00,,
44.80018,-1.1228,367.0,0.48,0.4,2026-07-24,228,N20,VIIRS,h,2.0NRT,316.82,19.48,N,2026-07-24 18:06:10,2026-07-24 04:28:00,,
44.80019,-1.1988,367.0,0.48,0.4,2026-07-24,228,N20,VIIRS,h,2.0NRT,359.73,284.6,N,2026-07-24 18:06:10,2026-07-24 04:28:00,,
44.80019,-1.17986,337.92,0.48,0.4,2026-07-24,228,N20,VIIRS,n,2.0NRT,304.91,23.12,N,2026-07-24 18:06:10,2026-07-24 04:28:00,,
44.80135,-1.22352,330.06,0.48,0.4,2026-07-24,228,N20,VIIRS,n,2.0NRT,294.35,127.44,N,2026-07-24 18:06:10,2026-07-24 04:28:00,,
44.80136,-1.14767,329.46,0.48,0.4,2026-07-24,228,N20,VIIRS,n,2.0NRT,301.61,4.67,N,2026-07-24 18:06:10,2026-07-24 04:28:00,,
44.80136,-1.12867,349.72,0.48,0.4,2026-07-24,228,N20,VIIRS,n,2.0NRT,307.21,11.31,N,2026-07-24 18:06:10,2026-07-24 04:28:00,,
44.80136,-1.10963,333.76,0.48,0.4,2026-07-24,228,N20,VIIRS,n,2.0NRT,300.67,20.18,N,2026-07-24 18:06:10,2026-07-24 04:28:00,,
44.80137,-1.16671,321.42,0.48,0.4,2026-07-24,228,N20,VIIRS,n,2.0NRT,299.48,6.14,N,2026-07-24 18:06:10,2026-07-24 04:28:00,,
44.80138,-1.18571,346.64,0.48,0.4,2026-07-24,228,N20,VIIRS,n,2.0NRT,324.83,23.12,N,2026-07-24 18:06:10,2026-07-24 04:28:00,,
44.80253,-1.22931,310.93,0.48,0.4,2026-07-24,228,N20,VIIRS,n,2.0NRT,293.63,1.92,N,2026-07-24 18:06:10,2026-07-24 04:28:00,,
44.80255,-1.15353,324.94,0.48,0.4,2026-07-24,228,N20,VIIRS,n,2.0NRT,303.46,3.03,N,2026-07-24 18:06:10,2026-07-24 04:28:00,,
44.80255,-1.13452,327.94,0.48,0.4,2026-07-24,228,N20,VIIRS,n,2.0NRT,294.42,11.31,N,2026-07-24 18:06:10,2026-07-24 04:28:00,,
44.80255,-1.11551,348.95,0.48,0.4,2026-07-24,228,N20,VIIRS,n,2.0NRT,316.32,19.48,N,2026-07-24 18:06:10,2026-07-24 04:28:00,,
44.80256,-1.2105,351.41,0.48,0.4,2026-07-24,228,N20,VIIRS,n,2.0NRT,302.98,164.06,N,2026-07-24 18:06:10,2026-07-24 04:28:00,,
44.80256,-1.17259,338.44,0.48,0.4,2026-07-24,228,N20,VIIRS,n,2.0NRT,305.22,6.14,N,2026-07-24 18:06:10,2026-07-24 04:28:00,,
44.80373,-1.21631,334.1,0.48,0.4,2026-07-24,228,N20,VIIRS,n,2.0NRT,294.49,2.72,N,2026-07-24 18:06:10,2026-07-24 04:28:00,,
44.80373,-1.1594,313.7,0.48,0.4,2026-07-24,228,N20,VIIRS,n,2.0NRT,298.62,3.03,N,2026-07-24 18:06:10,2026-07-24 04:28:00,,
44.80373,-1.12138,352.38,0.48,0.4,2026-07-24,228,N20,VIIRS,n,2.0NRT,312.87,19.48,N,2026-07-24 18:06:10,2026-07-24 04:28:00,,
44.80374,-1.19739,367.0,0.48,0.4,2026-07-24,228,N20,VIIRS,h,2.0NRT,351.67,284.6,N,2026-07-24 18:06:10,2026-07-24 04:28:00,,
44.80374,-1.14039,346.6,0.48,0.4,2026-07-24,228,N20,VIIRS,n,2.0NRT,302.43,7.58,N,2026-07-24 18:06:10,2026-07-24 04:28:00,,
44.80375,-1.17844,350.62,0.48,0.4,2026-07-24,228,N20,VIIRS,n,2.0NRT,327.75,151.71,N,2026-07-24 18:06:10,2026-07-24 04:28:00,,
44.8049,-1.22211,312.49,0.48,0.4,2026-07-24,228,N20,VIIRS,n,2.0NRT,293.66,2.72,N,2026-07-24 18:06:10,2026-07-24 04:28:00,,
44.80492,-1.20324,349.49,0.48,0.4,2026-07-24,228,N20,VIIRS,n,2.0NRT,297.93,164.06,N,2026-07-24 18:06:10,2026-07-24 04:28:00,,
44.80492,-1.16527,323.2,0.48,0.4,2026-07-24,228,N20,VIIRS,n,2.0NRT,298.34,6.14,N,2026-07-24 18:06:10,2026-07-24 04:28:00,,
44.80492,-1.14625,343.24,0.48,0.4,2026-07-24,228,N20,VIIRS,n,2.0NRT,307.22,7.58,N,2026-07-24 18:06:10,2026-07-24 04:28:00,,
44.80492,-1.12724,367.0,0.48,0.4,2026-07-24,228,N20,VIIRS,h,2.0NRT,313.45,11.31,N,2026-07-24 18:06:10,2026-07-24 04:28:00,,
44.80492,-1.1082,333.1,0.48,0.4,2026-07-24,228,N20,VIIRS,n,2.0NRT,298.47,50.62,N,2026-07-24 18:06:10,2026-07-24 04:28:00,,
44.80493,-1.1843,367.0,0.48,0.4,2026-07-24,228,N20,VIIRS,h,2.0NRT,362.98,151.71,N,2026-07-24 18:06:10,2026-07-24 04:28:00,,
44.80569,-1.09377,316.47,0.48,0.4,2026-07-24,228,N20,VIIRS,n,2.0NRT,292.49,23.65,N,2026-07-24 18:06:10,2026-07-24 04:28:00,,
44.8061,-1.20909,330.7,0.48,0.4,2026-07-24,228,N20,VIIRS,n,2.0NRT,294.9,164.06,N,2026-07-24 18:06:10,2026-07-24 04:28:00,,
44.8061,-1.15211,316.27,0.48,0.4,2026-07-24,228,N20,VIIRS,n,2.0NRT,299.42,2.78,N,2026-07-24 18:06:10,2026-07-24 04:28:00,,
44.8061,-1.1331,353.75,0.48,0.4,2026-07-24,228,N20,VIIRS,n,2.0NRT,313.25,11.31,N,2026-07-24 18:06:10,2026-07-24 04:28:00,,
44.8061,-1.09501,335.97,0.48,0.4,2026-07-24,228,N20,VIIRS,n,2.0NRT,294.89,13.7,N,2026-07-24 18:06:10,2026-07-24 04:28:00,,
44.80611,-1.19014,367.0,0.48,0.4,2026-07-24,228,N20,VIIRS,h,2.0NRT,353.13,96.01,N,2026-07-24 18:06:10,2026-07-24 04:28:00,,
44.80611,-1.17116,340.17,0.48,0.4,2026-07-24,228,N20,VIIRS,n,2.0NRT,303.65,6.14,N,2026-07-24 18:06:10,2026-07-24 04:28:00,,
44.80611,-1.11408,337.91,0.48,0.4,2026-07-24,228,N20,VIIRS,n,2.0NRT,306.63,10.24,N,2026-07-24 18:06:10,2026-07-24 04:28:00,,
44.8069,-1.09964,340.33,0.48,0.4,2026-07-24,228,N20,VIIRS,n,2.0NRT,324.36,23.65,N,2026-07-24 18:06:10,2026-07-24 04:28:00,,
44.80727,-1.21491,315.27,0.48,0.4,2026-07-24,228,N20,VIIRS,n,2.0NRT,294.41,2.72,N,2026-07-24 18:06:10,2026-07-24 04:28:00,,
44.80729,-1.19598,332.28,0.48,0.4,2026-07-24,228,N20,VIIRS,n,2.0NRT,295.7,96.01,N,2026-07-24 18:06:10,2026-07-24 04:28:00,,
44.80729,-1.17702,339.84,0.48,0.4,2026-07-24,228,N20,VIIRS,n,2.0NRT,327.76,151.71,N,2026-07-24 18:06:10,2026-07-24 04:28:00,,
44.80729,-1.15797,309.74,0.48,0.4,2026-07-24,228,N20,VIIRS,n,2.0NRT,296.87,2.78,N,2026-07-24 18:06:10,2026-07-24 04:28:00,,
44.80729,-1.13897,318.0,0.48,0.4,2026-07-24,228,N20,VIIRS,n,2.0NRT,295.39,7.58,N,2026-07-24 18:06:10,2026-07-24 04:28:00,,
44.80729,-1.11995,367.0,0.48,0.4,2026-07-24,228,N20,VIIRS,h,2.0NRT,320.11,10.24,N,2026-07-24 18:06:10,2026-07-24 04:28:00,,
44.80729,-1.1009,340.14,0.48,0.4,2026-07-24,228,N20,VIIRS,n,2.0NRT,324.51,50.62,N,2026-07-24 18:06:10,2026-07-24 04:28:00,,
44.80811,-1.10551,337.93,0.48,0.4,2026-07-24,228,N20,VIIRS,n,2.0NRT,302.5,6.16,N,2026-07-24 18:06:10,2026-07-24 04:28:00,,
44.80846,-1.20183,325.62,0.48,0.4,2026-07-24,228,N20,VIIRS,n,2.0NRT,294.22,1.41,N,2026-07-24 18:06:10,2026-07-24 04:28:00,,
44.80847,-1.18288,337.13,0.48,0.4,2026-07-24,228,N20,VIIRS,n,2.0NRT,333.65,151.71,N,2026-07-24 18:06:10,2026-07-24 04:28:00,,
44.80847,-1.16385,322.43,0.48,0.4,2026-07-24,228,N20,VIIRS,n,2.0NRT,299.47,9.32,N,2026-07-24 18:06:10,2026-07-24 04:28:00,,
44.80847,-1.14483,339.43,0.48,0.4,2026-07-24,228,N20,VIIRS,n,2.0NRT,302.55,7.58,N,2026-07-24 18:06:10,2026-07-24 04:28:00,,
44.80848,-1.12582,346.47,0.48,0.4,2026-07-24,228,N20,VIIRS,n,2.0NRT,308.86,11.51,N,2026-07-24 18:06:10,2026-07-24 04:28:00,,
44.80848,-1.10678,322.6,0.48,0.4,2026-07-24,228,N20,VIIRS,n,2.0NRT,300.25,50.62,N,2026-07-24 18:06:10,2026-07-24 04:28:00,,
44.80925,-1.09235,338.31,0.48,0.4,2026-07-24,228,N20,VIIRS,n,2.0NRT,302.46,23.65,N,2026-07-24 18:06:10,2026-07-24 04:28:00,,
44.80933,-1.11137,308.73,0.48,0.4,2026-07-24,228,N20,VIIRS,n,2.0NRT,295.8,6.16,N,2026-07-24 18:06:10,2026-07-24 04:28:00,,
44.80964,-1.20767,313.95,0.48,0.4,2026-07-24,228,N20,VIIRS,n,2.0NRT,293.91,1.41,N,2026-07-24 18:06:10,2026-07-24 04:28:00,,
44.80965,-1.18872,325.31,0.48,0.4,2026-07-24,228,N20,VIIRS,n,2.0NRT,295.03,96.01,N,2026-07-24 18:06:10,2026-07-24 04:28:00,,
44.80965,-1.15068,315.02,0.48,0.4,2026-07-24,228,N20,VIIRS,n,2.0NRT,298.01,2.78,N,2026-07-24 18:06:10,2026-07-24 04:28:00,,
44.80966,-1.16974,353.37,0.48,0.4,2026-07-24,228,N20,VIIRS,n,2.0NRT,307.01,9.32,N,2026-07-24 18:06:10,2026-07-24 04:28:00,,
44.80966,-1.13168,350.04,0.48,0.4,2026-07-24,228,N20,VIIRS,n,2.0NRT,315.05,11.51,N,2026-07-24 18:06:10,2026-07-24 04:28:00,,
44.80966,-1.11266,311.16,0.48,0.4,2026-07-24,228,N20,VIIRS,n,2.0NRT,296.87,10.24,N,2026-07-24 18:06:10,2026-07-24 04:28:00,,
44.80966,-1.09358,345.4,0.48,0.4,2026-07-24,228,N20,VIIRS,n,2.0NRT,302.5,34.15,N,2026-07-24 18:06:10,2026-07-24 04:28:00,,
44.81046,-1.09822,320.26,0.48,0.4,2026-07-24,228,N20,VIIRS,n,2.0NRT,295.37,23.65,N,2026-07-24 18:06:10,2026-07-24 04:28:00,,
44.81053,-1.11723,348.85,0.48,0.4,2026-07-24,228,N20,VIIRS,n,2.0NRT,310.82,5.78,N,2026-07-24 18:06:10,2026-07-24 04:28:00,,
44.81084,-1.19457,314.68,0.48,0.4,2026-07-24,228,N20,VIIRS,n,2.0NRT,293.88,96.01,N,2026-07-24 18:06:10,2026-07-24 04:28:00,,
44.81084,-1.1756,353.35,0.48,0.4,2026-07-24,228,N20,VIIRS,n,2.0NRT,306.84,9.91,N,2026-07-24 18:06:10,2026-07-24 04:28:00,,
44.81084,-1.13754,353.1,0.48,0.4,2026-07-24,228,N20,VIIRS,n,2.0NRT,306.68,4.88,N,2026-07-24 18:06:10,2026-07-24 04:28:00,,
44.81084,-1.11852,352.59,0.48,0.4,2026-07-24,228,N20,VIIRS,n,2.0NRT,313.32,10.24,N,2026-07-24 18:06:10,2026-07-24 04:28:00,,
44.81084,-1.09947,311.05,0.48,0.4,2026-07-24,228,N20,VIIRS,n,2.0NRT,294.48,2.23,N,2026-07-24 18:06:10,2026-07-24 04:28:00,,
44.81174,-1.12308,347.23,0.48,0.4,2026-07-24,228,N20,VIIRS,n,2.0NRT,307.15,5.78,N,2026-07-24 18:06:10,2026-07-24 04:28:00,,
44.81202,-1.2004,311.88,0.48,0.4,2026-07-24,228,N20,VIIRS,n,2.0NRT,293.64,1.41,N,2026-07-24 18:06:10,2026-07-24 04:28:00,,
44.81202,-1.18145,328.5,0.48,0.4,2026-07-24,228,N20,VIIRS,n,2.0NRT,294.46,9.91,N,2026-07-24 18:06:10,2026-07-24 04:28:00,,
44.81202,-1.1434,315.12,0.48,0.4,2026-07-24,228,N20,VIIRS,n,2.0NRT,297.28,4.88,N,2026-07-24 18:06:10,2026-07-24 04:28:00,,
44.81203,-1.12439,349.79,0.48,0.4,2026-07-24,228,N20,VIIRS,n,2.0NRT,310.71,11.51,N,2026-07-24 18:06:10,2026-07-24 04:28:00,,
44.81281,-1.09093,337.1,0.48,0.4,2026-07-24,228,N20,VIIRS,n,2.0NRT,306.86,14.56,N,2026-07-24 18:06:10,2026-07-24 04:28:00,,
44.81295,-1.12893,354.92,0.48,0.4,2026-07-24,228,N20,VIIRS,n,2.0NRT,318.07,9.33,N,2026-07-24 18:06:10,2026-07-24 04:28:00,,
44.8132,-1.1873,316.63,0.48,0.4,2026-07-24,228,N20,VIIRS,n,2.0NRT,293.84,0.87,N,2026-07-24 18:06:10,2026-07-24 04:28:00,,
44.8132,-1.14925,310.56,0.48,0.4,2026-07-24,228,N20,VIIRS,n,2.0NRT,296.67,3.88,N,2026-07-24 18:06:10,2026-07-24 04:28:00,,
44.81321,-1.16831,345.73,0.48,0.4,2026-07-24,228,N20,VIIRS,n,2.0NRT,300.44,9.32,N,2026-07-24 18:06:10,2026-07-24 04:28:00,,
44.81321,-1.13026,349.07,0.48,0.4,2026-07-24,228,N20,VIIRS,n,2.0NRT,313.02,11.51,N,2026-07-24 18:06:10,2026-07-24 04:28:00,,
44.81322,-1.09216,345.52,0.48,0.4,2026-07-24,228,N20,VIIRS,n,2.0NRT,308.45,34.15,N,2026-07-24 18:06:10,2026-07-24 04:28:00,,
44.81402,-1.0968,316.91,0.48,0.4,2026-07-24,228,N20,VIIRS,n,2.0NRT,294.88,14.56,N,2026-07-24 18:06:10,2026-07-24 04:28:00,,
44.81409,-1.1158,310.92,0.48,0.4,2026-07-24,228,N20,VIIRS,n,2.0NRT,297.22,5.78,N,2026-07-24 18:06:10,2026-07-24 04:28:00,,
44.81416,-1.13478,339.2,0.48,0.4,2026-07-24,228,N20,VIIRS,n,2.0NRT,301.72,9.33,N,2026-07-24 18:06:10,2026-07-24 04:28:00,,
44.81438,-1.19315,306.12,0.48,0.4,2026-07-24,228,N20,VIIRS,n,2.0NRT,292.66,0.87,N,2026-07-24 18:06:10,2026-07-24 04:28:00,,
44.81439,-1.17417,317.95,0.48,0.4,2026-07-24,228,N20,VIIRS,n,2.0NRT,294.38,9.91,N,2026-07-24 18:06:10,2026-07-24 04:28:00,,
44.8144,-1.13612,336.67,0.48,0.4,2026-07-24,228,N20,VIIRS,n,2.0NRT,303.15,4.88,N,2026-07-24 18:06:10,2026-07-24 04:28:00,,
44.8144,-1.1171,320.36,0.48,0.4,2026-07-24,228,N20,VIIRS,n,2.0NRT,300.21,5.79,N,2026-07-24 18:06:10,2026-07-24 04:28:00,,
44.81441,-1.09805,309.04,0.48,0.4,2026-07-24,228,N20,VIIRS,n,2.0NRT,295.38,2.23,N,2026-07-24 18:06:10,2026-07-24 04:28:00,,
44.8153,-1.12165,330.02,0.48,0.4,2026-07-24,228,N20,VIIRS,n,2.0NRT,303.02,5.78,N,2026-07-24 18:06:10,2026-07-24 04:28:00,,
44.81536,-1.14062,319.03,0.48,0.4,2026-07-24,228,N20,VIIRS,n,2.0NRT,298.91,2.29,N,2026-07-24 18:06:10,2026-07-24 04:28:00,,
44.81557,-1.18001,311.5,0.48,0.4,2026-07-24,228,N20,VIIRS,n,2.0NRT,293.92,9.91,N,2026-07-24 18:06:10,2026-07-24 04:28:00,,
44.81557,-1.16099,310.02,0.48,0.4,2026-07-24,228,N20,VIIRS,n,2.0NRT,295.74,3.8,N,2026-07-24 18:06:10,2026-07-24 04:28:00,,
44.81557,-1.14197,315.96,0.48,0.4,2026-07-24,228,N20,VIIRS,n,2.0NRT,297.89,4.88,N,2026-07-24 18:06:10,2026-07-24 04:28:00,,
44.81558,-1.12296,327.85,0.48,0.4,2026-07-24,228,N20,VIIRS,n,2.0NRT,303.43,5.17,N,2026-07-24 18:06:10,2026-07-24 04:28:00,,
44.81637,-1.08951,353.95,0.48,0.4,2026-07-24,228,N20,VIIRS,n,2.0NRT,303.3,14.56,N,2026-07-24 18:06:10,2026-07-24 04:28:00,,
44.81651,-1.12751,349.02,0.48,0.4,2026-07-24,228,N20,VIIRS,n,2.0NRT,311.0,9.33,N,2026-07-24 18:06:10,2026-07-24 04:28:00,,
44.81675,-1.18587,309.77,0.48,0.4,2026-07-24,228,N20,VIIRS,n,2.0NRT,293.4,0.87,N,2026-07-24 18:06:10,2026-07-24 04:28:00,,
44.81677,-1.12883,355.16,0.48,0.4,2026-07-24,228,N20,VIIRS,n,2.0NRT,312.19,5.17,N,2026-07-24 18:06:10,2026-07-24 04:28:00,,
44.81758,-1.09538,314.77,0.48,0.4,2026-07-24,228,N20,VIIRS,n,2.0NRT,295.53,14.56,N,2026-07-24 18:06:10,2026-07-24 04:28:00,,
44.81771,-1.13336,338.07,0.48,0.4,2026-07-24,228,N20,VIIRS,n,2.0NRT,303.06,9.33,N,2026-07-24 18:06:10,2026-07-24 04:28:00,,
44.81793,-1.17272,306.32,0.48,0.4,2026-07-24,228,N20,VIIRS,n,2.0NRT,294.0,0.63,N,2026-07-24 18:06:10,2026-07-24 04:28:00,,
44.81794,-1.15369,322.47,0.48,0.4,2026-07-24,228,N20,VIIRS,n,2.0NRT,299.83,3.88,N,2026-07-24 18:06:10,2026-07-24 04:28:00,,
44.81795,-1.1347,326.47,0.48,0.4,2026-07-24,228,N20,VIIRS,n,2.0NRT,299.29,4.34,N,2026-07-24 18:06:10,2026-07-24 04:28:00,,
44.81872,-1.0822,329.6,0.48,0.4,2026-07-24,228,N20,VIIRS,n,2.0NRT,299.25,15.51,N,2026-07-24 18:06:10,2026-07-24 04:28:00,,
44.81885,-1.12023,310.4,0.48,0.4,2026-07-24,228,N20,VIIRS,n,2.0NRT,296.04,2.33,N,2026-07-24 18:06:10,2026-07-24 04:28:00,,
44.81891,-1.1392,310.44,0.48,0.4,2026-07-24,228,N20,VIIRS,n,2.0NRT,297.48,2.29,N,2026-07-24 18:06:10,2026-07-24 04:28:00,,
44.81897,-1.15816,325.88,0.48,0.4,2026-07-24,228,N20,VIIRS,n,2.0NRT,300.21,4.22,N,2026-07-24 18:06:10,2026-07-24 04:28:00,,
44.81911,-1.17856,305.4,0.48,0.4,2026-07-24,228,N20,VIIRS,n,2.0NRT,293.1,0.63,N,2026-07-24 18:06:10,2026-07-24 04:28:00,,
44.81912,-1.15956,326.34,0.48,0.4,2026-07-24,228,N20,VIIRS,n,2.0NRT,299.77,3.8,N,2026-07-24 18:06:10,2026-07-24 04:28:00,,
44.81914,-1.12153,309.47,0.48,0.4,2026-07-24,228,N20,VIIRS,n,2.0NRT,296.33,5.17,N,2026-07-24 18:06:10,2026-07-24 04:28:00,,
44.81993,-1.08808,338.73,0.48,0.4,2026-07-24,228,N20,VIIRS,n,2.0NRT,303.37,5.42,N,2026-07-24 18:06:10,2026-07-24 04:28:00,,
44.82006,-1.12609,319.21,0.48,0.4,2026-07-24,228,N20,VIIRS,n,2.0NRT,299.31,2.71,N,2026-07-24 18:06:10,2026-07-24 04:28:00,,
44.82018,-1.16401,340.39,0.48,0.4,2026-07-24,228,N20,VIIRS,n,2.0NRT,297.78,3.52,N,2026-07-24 18:06:10,2026-07-24 04:28:00,,
44.8203,-1.16542,329.87,0.48,0.4,2026-07-24,228,N20,VIIRS,n,2.0NRT,296.4,3.8,N,2026-07-24 18:06:10,2026-07-24 04:28:00,,
44.82032,-1.12741,318.28,0.48,0.4,2026-07-24,228,N20,VIIRS,n,2.0NRT,299.62,5.17,N,2026-07-24 18:06:10,2026-07-24 04:28:00,,
44.82107,-1.07489,322.84,0.48,0.4,2026-07-24,228,N20,VIIRS,n,2.0NRT,293.0,15.51,N,2026-07-24 18:06:10,2026-07-24 04:28:00,,
44.82114,-1.09395,312.27,0.48,0.4,2026-07-24,228,N20,VIIRS,n,2.0NRT,297.34,5.42,N,2026-07-24 18:06:10,2026-07-24 04:28:00,,
44.82127,-1.13194,312.21,0.48,0.4,2026-07-24,228,N20,VIIRS,n,2.0NRT,298.07,2.71,N,2026-07-24 18:06:10,2026-07-24 04:28:00,,
44.82149,-1.15227,310.44,0.48,0.4,2026-07-24,228,N20,VIIRS,n,2.0NRT,298.01,2.43,N,2026-07-24 18:06:10,2026-07-24 04:28:00,,
44.8215,-1.13327,313.63,0.48,0.4,2026-07-24,228,N20,VIIRS,n,2.0NRT,299.31,4.34,N,2026-07-24 18:06:10,2026-07-24 04:28:00,,
44.82228,-1.08077,348.73,0.48,0.4,2026-07-24,228,N20,VIIRS,n,2.0NRT,306.14,15.51,N,2026-07-24 18:06:10,2026-07-24 04:28:00,,
44.82241,-1.11881,317.08,0.48,0.4,2026-07-24,228,N20,VIIRS,n,2.0NRT,295.75,2.33,N,2026-07-24 18:06:10,2026-07-24 04:28:00,,
44.82252,-1.15674,319.62,0.48,0.4,2026-07-24,228,N20,VIIRS,n,2.0NRT,299.27,4.22,N,2026-07-24 18:06:10,2026-07-24 04:28:00,,
44.82267,-1.15814,325.41,0.48,0.4,2026-07-24,228,N20,VIIRS,n,2.0NRT,298.23,3.24,N,2026-07-24 18:06:10,2026-07-24 04:28:00,,
44.82349,-1.08666,324.57,0.48,0.4,2026-07-24,228,N20,VIIRS,n,2.0NRT,299.93,5.42,N,2026-07-24 18:06:10,2026-07-24 04:28:00,,
44.82372,-1.16259,311.48,0.48,0.4,2026-07-24,228,N20,VIIRS,n,2.0NRT,293.98,3.52,N,2026-07-24 18:06:10,2026-07-24 04:28:00,,
44.82463,-1.07346,332.15,0.48,0.4,2026-07-24,228,N20,VIIRS,n,2.0NRT,315.86,27.75,N,2026-07-24 18:06:10,2026-07-24 04:28:00,,
44.8247,-1.09252,311.23,0.48,0.4,2026-07-24,228,N20,VIIRS,n,2.0NRT,296.46,5.42,N,2026-07-24 18:06:10,2026-07-24 04:28:00,,
44.82476,-1.11154,310.96,0.48,0.4,2026-07-24,228,N20,VIIRS,n,2.0NRT,297.29,5.27,N,2026-07-24 18:06:10,2026-07-24 04:28:00,,
44.82504,-1.15085,312.57,0.48,0.4,2026-07-24,228,N20,VIIRS,n,2.0NRT,298.92,2.43,N,2026-07-24 18:06:10,2026-07-24 04:28:00,,
44.82584,-1.07934,332.47,0.48,0.4,2026-07-24,228,N20,VIIRS,n,2.0NRT,298.82,27.75,N,2026-07-24 18:06:10,2026-07-24 04:28:00,,
44.82607,-1.15532,328.47,0.48,0.4,2026-07-24,228,N20,VIIRS,n,2.0NRT,298.86,4.5,N,2026-07-24 18:06:10,2026-07-24 04:28:00,,
44.82622,-1.15672,324.35,0.48,0.4,2026-07-24,228,N20,VIIRS,n,2.0NRT,297.43,3.24,N,2026-07-24 18:06:10,2026-07-24 04:28:00,,
44.82705,-1.08522,311.82,0.48,0.4,2026-07-24,228,N20,VIIRS,n,2.0NRT,295.61,2.27,N,2026-07-24 18:06:10,2026-07-24 04:28:00,,
44.82722,-1.14221,326.58,0.48,0.4,2026-07-24,228,N20,VIIRS,n,2.0NRT,295.97,5.54,N,2026-07-24 18:06:10,2026-07-24 04:28:00,,
44.82819,-1.07203,350.83,0.48,0.4,2026-07-24,228,N20,VIIRS,n,2.0NRT,318.84,27.75,N,2026-07-24 18:06:10,2026-07-24 04:28:00,,
44.82842,-1.14806,338.89,0.48,0.4,2026-07-24,228,N20,VIIRS,n,2.0NRT,300.61,4.5,N,2026-07-24 18:06:10,2026-07-24 04:28:00,,
44.8294,-1.0779,333.05,0.48,0.4,2026-07-24,228,N20,VIIRS,n,2.0NRT,303.35,27.75,N,2026-07-24 18:06:10,2026-07-24 04:28:00,,
44.82962,-1.15391,321.48,0.48,0.4,2026-07-24,228,N20,VIIRS,n,2.0NRT,296.41,4.5,N,2026-07-24 18:06:10,2026-07-24 04:28:00,,
44.8306,-1.08378,313.43,0.48,0.4,2026-07-24,228,N20,VIIRS,n,2.0NRT,298.76,2.27,N,2026-07-24 18:06:10,2026-07-24 04:28:00,,
44.83175,-1.0706,341.53,0.48,0.4,2026-07-24,228,N20,VIIRS,n,2.0NRT,321.92,17.78,N,2026-07-24 18:06:10,2026-07-24 04:28:00,,
44.83181,-1.08966,317.94,0.48,0.4,2026-07-24,228,N20,VIIRS,n,2.0NRT,301.54,2.27,N,2026-07-24 18:06:10,2026-07-24 04:28:00,,
44.83295,-1.07647,317.26,0.48,0.4,2026-07-24,228,N20,VIIRS,n,2.0NRT,298.18,17.78,N,2026-07-24 18:06:10,2026-07-24 04:28:00,,
44.83416,-1.08235,322.47,0.48,0.4,2026-07-24,228,N20,VIIRS,n,2.0NRT,300.13,2.38,N,2026-07-24 18:06:10,2026-07-24 04:28:00,,
44.83531,-1.06917,339.59,0.48,0.4,2026-07-24,228,N20,VIIRS,n,2.0NRT,296.06,17.78,N,2026-07-24 18:06:10,2026-07-24 04:28:00,,
44.83537,-1.08823,313.48,0.48,0.4,2026-07-24,228,N20,VIIRS,n,2.0NRT,299.07,2.38,N,2026-07-24 18:06:10,2026-07-24 04:28:00,,
44.83651,-1.07504,321.32,0.48,0.4,2026-07-24,228,N20,VIIRS,n,2.0NRT,300.33,17.78,N,2026-07-24 18:06:10,2026-07-24 04:28:00,,
44.83667,-1.13208,328.56,0.48,0.4,2026-07-24,228,N20,VIIRS,n,2.0NRT,295.78,3.01,N,2026-07-24 18:06:10,2026-07-24 04:28:00,,
44.83772,-1.08092,318.15,0.48,0.4,2026-07-24,228,N20,VIIRS,n,2.0NRT,300.23,2.38,N,2026-07-24 18:06:10,2026-07-24 04:28:00,,
44.83887,-1.06773,347.79,0.48,0.4,2026-07-24,228,N20,VIIRS,n,2.0NRT,317.38,31.17,N,2026-07-24 18:06:10,2026-07-24 04:28:00,,
44.83893,-1.0868,314.86,0.48,0.4,2026-07-24,228,N20,VIIRS,n,2.0NRT,299.17,2.38,N,2026-07-24 18:06:10,2026-07-24 04:28:00,,
44.84007,-1.07361,335.67,0.48,0.4,2026-07-24,228,N20,VIIRS,n,2.0NRT,300.53,31.17,N,2026-07-24 18:06:10,2026-07-24 04:28:00,,
44.84013,-1.09267,312.02,0.48,0.4,2026-07-24,228,N20,VIIRS,n,2.0NRT,297.33,5.26,N,2026-07-24 18:06:10,2026-07-24 04:28:00,,
44.84122,-1.06042,321.97,0.48,0.4,2026-07-24,228,N20,VIIRS,n,2.0NRT,294.24,24.2,N,2026-07-24 18:06:10,2026-07-24 04:28:00,,
44.84128,-1.07948,317.47,0.48,0.4,2026-07-24,228,N20,VIIRS,n,2.0NRT,300.02,5.58,N,2026-07-24 18:06:10,2026-07-24 04:28:00,,
44.84243,-1.0663,339.59,0.48,0.4,2026-07-24,228,N20,VIIRS,n,2.0NRT,326.24,31.17,N,2026-07-24 18:06:10,2026-07-24 04:28:00,,
44.84363,-1.07218,311.81,0.48,0.4,2026-07-24,228,N20,VIIRS,n,2.0NRT,297.52,31.17,N,2026-07-24 18:06:10,2026-07-24 04:28:00,,
44.84374,-1.11026,309.56,0.48,0.4,2026-07-24,228,N20,VIIRS,n,2.0NRT,296.56,3.68,N,2026-07-24 18:06:10,2026-07-24 04:28:00,,
44.84478,-1.05898,344.35,0.48,0.4,2026-07-24,228,N20,VIIRS,n,2.0NRT,322.44,33.06,N,2026-07-24 18:06:10,2026-07-24 04:28:00,,
44.84599,-1.06486,342.51,0.48,0.4,2026-07-24,228,N20,VIIRS,n,2.0NRT,306.0,6.72,N,2026-07-24 18:06:10,2026-07-24 04:28:00,,
44.84714,-1.05167,352.64,0.48,0.4,2026-07-24,228,N20,VIIRS,n,2.0NRT,305.91,33.06,N,2026-07-24 18:06:10,2026-07-24 04:28:00,,
44.84834,-1.05755,344.32,0.48,0.4,2026-07-24,228,N20,VIIRS,n,2.0NRT,306.33,33.06,N,2026-07-24 18:06:10,2026-07-24 04:28:00,,
44.84954,-1.06343,314.61,0.48,0.4,2026-07-24,228,N20,VIIRS,n,2.0NRT,296.86,6.72,N,2026-07-24 18:06:10,2026-07-24 04:28:00,,
44.8507,-1.05023,353.94,0.48,0.4,2026-07-24,228,N20,VIIRS,n,2.0NRT,311.11,19.05,N,2026-07-24 18:06:10,2026-07-24 04:28:00,,
44.85075,-1.06931,308.73,0.48,0.4,2026-07-24,228,N20,VIIRS,n,2.0NRT,296.34,6.72,N,2026-07-24 18:06:10,2026-07-24 04:28:00,,
44.8519,-1.05612,343.21,0.48,0.4,2026-07-24,228,N20,VIIRS,n,2.0NRT,302.76,19.05,N,2026-07-24 18:06:10,2026-07-24 04:28:00,,
44.85426,-1.0488,353.03,0.48,0.4,2026-07-24,228,N20,VIIRS,n,2.0NRT,308.04,19.05,N,2026-07-24 18:06:10,2026-07-24 04:28:00,,
44.85546,-1.05468,331.42,0.48,0.4,2026-07-24,228,N20,VIIRS,n,2.0NRT,300.55,19.05,N,2026-07-24 18:06:10,2026-07-24 04:28:00,,
44.85556,-1.09282,312.09,0.48,0.4,2026-07-24,228,N20,VIIRS,n,2.0NRT,296.8,5.78,N,2026-07-24 18:06:10,2026-07-24 04:28:00,,
44.85564,-1.13083,330.98,0.48,0.4,2026-07-24,228,N20,VIIRS,n,2.0NRT,298.65,10.63,N,2026-07-24 18:06:10,2026-07-24 04:28:00,,
44.85567,-1.14979,331.01,0.48,0.4,2026-07-24,228,N20,VIIRS,n,2.0NRT,296.92,18.8,N,2026-07-24 18:06:10,2026-07-24 04:28:00,,
44.85662,-1.04146,320.14,0.48,0.4,2026-07-24,228,N20,VIIRS,n,2.0NRT,294.92,2.94,N,2026-07-24 18:06:10,2026-07-24 04:28:00,,
44.85666,-1.06057,309.05,0.48,0.4,2026-07-24,228,N20,VIIRS,n,2.0NRT,295.16,4.09,N,2026-07-24 18:06:10,2026-07-24 04:28:00,,
44.85675,-1.09868,309.45,0.48,0.4,2026-07-24,228,N20,VIIRS,n,2.0NRT,294.83,4.57,N,2026-07-24 18:06:10,2026-07-24 04:28:00,,
44.85683,-1.13668,355.77,0.48,0.4,2026-07-24,228,N20,VIIRS,n,2.0NRT,310.79,29.17,N,2026-07-24 18:06:10,2026-07-24 04:28:00,,
44.85686,-1.15565,330.17,0.48,0.4,2026-07-24,228,N20,VIIRS,n,2.0NRT,294.3,18.8,N,2026-07-24 18:06:10,2026-07-24 04:28:00,,
44.85782,-1.04735,337.79,0.48,0.4,2026-07-24,228,N20,VIIRS,n,2.0NRT,301.51,4.45,N,2026-07-24 18:06:10,2026-07-24 04:28:00,,
44.85802,-1.14253,355.93,0.48,0.4,2026-07-24,228,N20,VIIRS,n,2.0NRT,314.25,29.17,N,2026-07-24 18:06:10,2026-07-24 04:28:00,,
44.85806,-1.16153,303.44,0.48,0.4,2026-07-24,228,N20,VIIRS,n,2.0NRT,292.82,1.2,N,2026-07-24 18:06:10,2026-07-24 04:28:00,,
44.85902,-1.05325,307.85,0.48,0.4,2026-07-24,228,N20,VIIRS,n,2.0NRT,294.35,4.45,N,2026-07-24 18:06:10,2026-07-24 04:28:00,,
44.85911,-1.09139,312.06,0.48,0.4,2026-07-24,228,N20,VIIRS,n,2.0NRT,296.98,3.52,N,2026-07-24 18:06:10,2026-07-24 04:28:00,,
44.85919,-1.12941,348.27,0.48,0.4,2026-07-24,228,N20,VIIRS,n,2.0NRT,326.89,131.99,N,2026-07-24 18:06:10,2026-07-24 04:28:00,,
44.85921,-1.14837,350.02,0.48,0.4,2026-07-24,228,N20,VIIRS,n,2.0NRT,316.37,18.8,N,2026-07-24 18:06:10,2026-07-24 04:28:00,,
44.86017,-1.04002,323.26,0.48,0.4,2026-07-24,228,N20,VIIRS,n,2.0NRT,298.52,2.94,N,2026-07-24 18:06:10,2026-07-24 04:28:00,,
44.86027,-1.07821,309.73,0.48,0.4,2026-07-24,228,N20,VIIRS,n,2.0NRT,295.51,5.4,N,2026-07-24 18:06:10,2026-07-24 04:28:00,,
44.86031,-1.09726,308.83,0.48,0.4,2026-07-24,228,N20,VIIRS,n,2.0NRT,293.89,6.22,N,2026-07-24 18:06:10,2026-07-24 04:28:00,,
44.86034,-1.11627,312.51,0.48,0.4,2026-07-24,228,N20,VIIRS,n,2.0NRT,293.03,16.24,N,2026-07-24 18:06:10,2026-07-24 04:28:00,,
44.86038,-1.13525,349.47,0.48,0.4,2026-07-24,228,N20,VIIRS,n,2.0NRT,333.53,70.09,N,2026-07-24 18:06:10,2026-07-24 04:28:00,,
44.8604,-1.15422,330.22,0.48,0.4,2026-07-24,228,N20,VIIRS,n,2.0NRT,294.07,18.8,N,2026-07-24 18:06:10,2026-07-24 04:28:00,,
44.86138,-1.04591,337.25,0.48,0.4,2026-07-24,228,N20,VIIRS,n,2.0NRT,303.83,4.45,N,2026-07-24 18:06:10,2026-07-24 04:28:00,,
44.86147,-1.08409,310.74,0.48,0.4,2026-07-24,228,N20,VIIRS,n,2.0NRT,296.3,3.52,N,2026-07-24 18:06:10,2026-07-24 04:28:00,,
44.86154,-1.12212,367.0,0.48,0.4,2026-07-24,228,N20,VIIRS,h,2.0NRT,348.89,131.99,N,2026-07-24 18:06:10,2026-07-24 04:28:00,,
44.86157,-1.1411,338.52,0.48,0.4,2026-07-24,228,N20,VIIRS,n,2.0NRT,335.31,70.09,N,2026-07-24 18:06:10,2026-07-24 04:28:00,,
44.86267,-1.08996,336.04,0.48,0.4,2026-07-24,228,N20,VIIRS,n,2.0NRT,303.32,3.52,N,2026-07-24 18:06:10,2026-07-24 04:28:00,,
44.86274,-1.12798,367.0,0.48,0.4,2026-07-24,228,N20,VIIRS,h,2.0NRT,356.56,131.99,N,2026-07-24 18:06:10,2026-07-24 04:28:00,,
44.86276,-1.14694,335.03,0.48,0.4,2026-07-24,228,N20,VIIRS,n,2.0NRT,311.7,38.69,N,2026-07-24 18:06:10,2026-07-24 04:28:00,,
44.86374,-1.03858,325.96,0.48,0.4,2026-07-24,228,N20,VIIRS,n,2.0NRT,299.41,6.18,N,2026-07-24 18:06:10,2026-07-24 04:28:00,,
44.86383,-1.07678,308.74,0.48,0.4,2026-07-24,228,N20,VIIRS,n,2.0NRT,295.37,3.29,N,2026-07-24 18:06:10,2026-07-24 04:28:00,,
44.8639,-1.11484,334.75,0.48,0.4,2026-07-24,228,N20,VIIRS,n,2.0NRT,295.37,59.12,N,2026-07-24 18:06:10,2026-07-24 04:28:00,,
44.86393,-1.13382,352.62,0.48,0.4,2026-07-24,228,N20,VIIRS,n,2.0NRT,328.78,70.09,N,2026-07-24 18:06:10,2026-07-24 04:28:00,,
44.86489,-1.02534,306.06,0.48,0.4,2026-07-24,228,N20,VIIRS,n,2.0NRT,290.97,3.52,N,2026-07-24 18:06:10,2026-07-24 04:28:00,,
44.86494,-1.04448,324.91,0.48,0.4,2026-07-24,228,N20,VIIRS,n,2.0NRT,297.59,3.81,N,2026-07-24 18:06:10,2026-07-24 04:28:00,,
44.86502,-1.08265,308.39,0.48,0.4,2026-07-24,228,N20,VIIRS,n,2.0NRT,295.47,2.75,N,2026-07-24 18:06:10,2026-07-24 04:28:00,,
44.86509,-1.12069,339.87,0.48,0.4,2026-07-24,228,N20,VIIRS,n,2.0NRT,323.05,116.48,N,2026-07-24 18:06:10,2026-07-24 04:28:00,,
44.86512,-1.13967,341.07,0.48,0.4,2026-07-24,228,N20,VIIRS,n,2.0NRT,317.19,70.09,N,2026-07-24 18:06:10,2026-07-24 04:28:00,,
44.8661,-1.03124,337.72,0.48,0.4,2026-07-24,228,N20,VIIRS,n,2.0NRT,300.23,6.18,N,2026-07-24 18:06:10,2026-07-24 04:28:00,,
44.86626,-1.10755,320.6,0.48,0.4,2026-07-24,228,N20,VIIRS,n,2.0NRT,307.5,59.12,N,2026-07-24 18:06:10,2026-07-24 04:28:00,,
44.86628,-1.12654,367.0,0.48,0.4,2026-07-24,228,N20,VIIRS,h,2.0NRT,348.17,116.48,N,2026-07-24 18:06:10,2026-07-24 04:28:00,,
44.86631,-1.14553,311.2,0.48,0.4,2026-07-24,228,N20,VIIRS,n,2.0NRT,293.71,38.69,N,2026-07-24 18:06:10,2026-07-24 04:28:00,,
44.8673,-1.03714,339.56,0.48,0.4,2026-07-24,228,N20,VIIRS,n,2.0NRT,305.04,6.18,N,2026-07-24 18:06:10,2026-07-24 04:28:00,,
44.86738,-1.07534,309.04,0.48,0.4,2026-07-24,228,N20,VIIRS,n,2.0NRT,295.63,3.29,N,2026-07-24 18:06:10,2026-07-24 04:28:00,,
44.86745,-1.11341,367.0,0.48,0.4,2026-07-24,228,N20,VIIRS,h,2.0NRT,342.14,59.12,N,2026-07-24 18:06:10,2026-07-24 04:28:00,,
44.86748,-1.13239,367.0,0.48,0.4,2026-07-24,228,N20,VIIRS,h,2.0NRT,352.64,83.14,N,2026-07-24 18:06:10,2026-07-24 04:28:00,,
44.86845,-1.02389,305.49,0.48,0.4,2026-07-24,228,N20,VIIRS,n,2.0NRT,292.48,1.6,N,2026-07-24 18:06:10,2026-07-24 04:28:00,,
44.8685,-1.04304,321.83,0.48,0.4,2026-07-24,228,N20,VIIRS,n,2.0NRT,297.15,3.81,N,2026-07-24 18:06:10,2026-07-24 04:28:00,,
44.86858,-1.08121,307.66,0.48,0.4,2026-07-24,228,N20,VIIRS,n,2.0NRT,294.34,2.75,N,2026-07-24 18:06:10,2026-07-24 04:28:00,,
44.86861,-1.10026,367.0,0.48,0.4,2026-07-24,228,N20,VIIRS,h,2.0NRT,325.92,94.09,N,2026-07-24 18:06:10,2026-07-24 04:28:00,,
44.86864,-1.11926,340.58,0.48,0.4,2026-07-24,228,N20,VIIRS,n,2.0NRT,335.72,116.48,N,2026-07-24 18:06:10,2026-07-24 04:28:00,,
44.86867,-1.13824,343.75,0.48,0.4,2026-07-24,228,N20,VIIRS,n,2.0NRT,300.39,83.14,N,2026-07-24 18:06:10,2026-07-24 04:28:00,,
44.86966,-1.02979,322.71,0.48,0.4,2026-07-24,228,N20,VIIRS,n,2.0NRT,297.95,2.23,N,2026-07-24 18:06:10,2026-07-24 04:28:00,,
44.86981,-1.10613,367.0,0.48,0.4,2026-07-24,228,N20,VIIRS,h,2.0NRT,363.14,107.96,N,2026-07-24 18:06:10,2026-07-24 04:28:00,,
44.86983,-1.12511,367.0,0.48,0.4,2026-07-24,228,N20,VIIRS,h,2.0NRT,368.51,116.48,N,2026-07-24 18:06:10,2026-07-24 04:28:00,,
44.87086,-1.0357,321.08,0.48,0.4,2026-07-24,228,N20,VIIRS,n,2.0NRT,297.92,2.23,N,2026-07-24 18:06:10,2026-07-24 04:28:00,,
44.87094,-1.07391,310.13,0.48,0.4,2026-07-24,228,N20,VIIRS,n,2.0NRT,295.94,3.2,N,2026-07-24 18:06:10,2026-07-24 04:28:00,,
44.871,-1.11198,336.41,0.48,0.4,2026-07-24,228,N20,VIIRS,n,2.0NRT,326.57,107.96,N,2026-07-24 18:06:10,2026-07-24 04:28:00,,
44.87103,-1.13096,333.56,0.48,0.4,2026-07-24,228,N20,VIIRS,n,2.0NRT,315.22,83.14,N,2026-07-24 18:06:10,2026-07-24 04:28:00,,
44.87214,-1.07978,312.84,0.48,0.4,2026-07-24,228,N20,VIIRS,n,2.0NRT,294.59,5.82,N,2026-07-24 18:06:10,2026-07-24 04:28:00,,
44.87217,-1.09883,367.0,0.48,0.4,2026-07-24,228,N20,VIIRS,h,2.0NRT,328.35,94.09,N,2026-07-24 18:06:10,2026-07-24 04:28:00,,
44.87219,-1.11783,367.0,0.48,0.4,2026-07-24,228,N20,VIIRS,h,2.0NRT,349.33,54.24,N,2026-07-24 18:06:10,2026-07-24 04:28:00,,
44.87221,-1.1368,312.8,0.48,0.4,2026-07-24,228,N20,VIIRS,n,2.0NRT,293.26,83.14,N,2026-07-24 18:06:10,2026-07-24 04:28:00,,
44.87321,-1.02835,314.4,0.48,0.4,2026-07-24,228,N20,VIIRS,n,2.0NRT,296.03,2.23,N,2026-07-24 18:06:10,2026-07-24 04:28:00,,
44.87336,-1.1047,343.14,0.48,0.4,2026-07-24,228,N20,VIIRS,n,2.0NRT,295.85,107.96,N,2026-07-24 18:06:10,2026-07-24 04:28:00,,
44.87339,-1.12368,348.31,0.48,0.4,2026-07-24,228,N20,VIIRS,n,2.0NRT,304.95,54.24,N,2026-07-24 18:06:10,2026-07-24 04:28:00,,
44.87442,-1.03425,309.1,0.48,0.4,2026-07-24,228,N20,VIIRS,n,2.0NRT,294.91,2.23,N,2026-07-24 18:06:10,2026-07-24 04:28:00,,
44.8745,-1.07247,308.26,0.48,0.4,2026-07-24,228,N20,VIIRS,n,2.0NRT,295.29,3.2,N,2026-07-24 18:06:10,2026-07-24 04:28:00,,
44.87455,-1.11055,336.44,0.48,0.4,2026-07-24,228,N20,VIIRS,n,2.0NRT,305.8,107.96,N,2026-07-24 18:06:10,2026-07-24 04:28:00,,
44.87458,-1.12953,315.11,0.48,0.4,2026-07-24,228,N20,VIIRS,n,2.0NRT,293.24,0.94,N,2026-07-24 18:06:10,2026-07-24 04:28:00,,
44.87569,-1.07834,328.18,0.48,0.4,2026-07-24,228,N20,VIIRS,n,2.0NRT,296.87,5.82,N,2026-07-24 18:06:10,2026-07-24 04:28:00,,
44.87572,-1.0974,342.62,0.48,0.4,2026-07-24,228,N20,VIIRS,n,2.0NRT,305.07,55.33,N,2026-07-24 18:06:10,2026-07-24 04:28:00,,
44.87574,-1.1164,345.62,0.48,0.4,2026-07-24,228,N20,VIIRS,n,2.0NRT,320.76,54.24,N,2026-07-24 18:06:10,2026-07-24 04:28:00,,
44.87576,-1.13537,303.86,0.48,0.4,2026-07-24,228,N20,VIIRS,n,2.0NRT,292.78,0.94,N,2026-07-24 18:06:10,2026-07-24 04:28:00,,
44.87678,-1.0269,318.59,0.48,0.4,2026-07-24,228,N20,VIIRS,n,2.0NRT,295.44,1.93,N,2026-07-24 18:06:10,2026-07-24 04:28:00,,
44.87688,-1.08421,312.62,0.48,0.4,2026-07-24,228,N20,VIIRS,n,2.0NRT,292.56,5.82,N,2026-07-24 18:06:10,2026-07-24 04:28:00,,
44.87691,-1.10326,349.43,0.48,0.4,2026-07-24,228,N20,VIIRS,n,2.0NRT,319.33,127.35,N,2026-07-24 18:06:10,2026-07-24 04:28:00,,
44.87693,-1.12225,312.64,0.48,0.4,2026-07-24,228,N20,VIIRS,n,2.0NRT,292.82,54.24,N,2026-07-24 18:06:10,2026-07-24 04:28:00,,
44.87798,-1.0328,305.26,0.48,0.4,2026-07-24,228,N20,VIIRS,n,2.0NRT,294.02,1.93,N,2026-07-24 18:06:10,2026-07-24 04:28:00,,
44.87805,-1.07103,310.8,0.48,0.4,2026-07-24,228,N20,VIIRS,n,2.0NRT,296.49,8.76,N,2026-07-24 18:06:10,2026-07-24 04:28:00,,
44.87808,-1.09008,347.47,0.48,0.4,2026-07-24,228,N20,VIIRS,n,2.0NRT,306.54,55.33,N,2026-07-24 18:06:10,2026-07-24 04:28:00,,
44.87811,-1.10912,367.0,0.48,0.4,2026-07-24,228,N20,VIIRS,h,2.0NRT,343.5,127.35,N,2026-07-24 18:06:10,2026-07-24 04:28:00,,
44.87812,-1.1281,308.28,0.48,0.4,2026-07-24,228,N20,VIIRS,n,2.0NRT,292.58,0.94,N,2026-07-24 18:06:10,2026-07-24 04:28:00,,
44.87925,-1.07691,350.96,0.48,0.4,2026-07-24,228,N20,VIIRS,n,2.0NRT,310.76,38.68,N,2026-07-24 18:06:10,2026-07-24 04:28:00,,
44.87927,-1.09597,367.0,0.48,0.4,2026-07-24,228,N20,VIIRS,h,2.0NRT,353.08,55.33,N,2026-07-24 18:06:10,2026-07-24 04:28:00,,
44.8793,-1.11498,334.9,0.48,0.4,2026-07-24,228,N20,VIIRS,n,2.0NRT,293.74,5.18,N,2026-07-24 18:06:10,2026-07-24 04:28:00,,
44.88034,-1.02546,315.33,0.48,0.4,2026-07-24,228,N20,VIIRS,n,2.0NRT,296.01,1.93,N,2026-07-24 18:06:10,2026-07-24 04:28:00,,
44.88044,-1.08278,351.76,0.48,0.4,2026-07-24,228,N20,VIIRS,n,2.0NRT,305.31,38.68,N,2026-07-24 18:06:10,2026-07-24 04:28:00,,
44.88047,-1.10183,367.0,0.48,0.4,2026-07-24,228,N20,VIIRS,h,2.0NRT,361.7,127.35,N,2026-07-24 18:06:10,2026-07-24 04:28:00,,
44.88049,-1.12083,308.7,0.48,0.4,2026-07-24,228,N20,VIIRS,n,2.0NRT,292.69,5.18,N,2026-07-24 18:06:10,2026-07-24 04:28:00,,
44.88161,-1.0696,340.82,0.48,0.4,2026-07-24,228,N20,VIIRS,n,2.0NRT,307.97,8.76,N,2026-07-24 18:06:10,2026-07-24 04:28:00,,
44.88163,-1.08865,367.0,0.48,0.4,2026-07-24,228,N20,VIIRS,h,2.0NRT,351.64,132.74,N,2026-07-24 18:06:10,2026-07-24 04:28:00,,
44.88166,-1.10769,338.89,0.48,0.4,2026-07-24,228,N20,VIIRS,n,2.0NRT,308.55,127.35,N,2026-07-24 18:06:10,2026-07-24 04:28:00,,
44.8828,-1.07549,348.53,0.48,0.4,2026-07-24,228,N20,VIIRS,n,2.0NRT,342.69,38.68,N,2026-07-24 18:06:10,2026-07-24 04:28:00,,
44.88283,-1.09453,367.0,0.48,0.4,2026-07-24,228,N20,VIIRS,h,2.0NRT,356.54,132.74,N,2026-07-24 18:06:10,2026-07-24 04:28:00,,
44.88285,-1.11354,309.25,0.48,0.4,2026-07-24,228,N20,VIIRS,n,2.0NRT,292.99,5.18,N,2026-07-24 18:06:10,2026-07-24 04:28:00,,
44.8839,-1.02402,314.33,0.48,0.4,2026-07-24,228,N20,VIIRS,n,2.0NRT,296.52,2.18,N,2026-07-24 18:06:10,2026-07-24 04:28:00,,
44.88397,-1.06228,320.52,0.48,0.4,2026-07-24,228,N20,VIIRS,n,2.0NRT,297.75,15.66,N,2026-07-24 18:06:10,2026-07-24 04:28:00,,
44.884,-1.08136,348.7,0.48,0.4,2026-07-24,228,N20,VIIRS,n,2.0NRT,331.07,38.68,N,2026-07-24 18:06:10,2026-07-24 04:28:00,,
44.88402,-1.1004,367.0,0.48,0.4,2026-07-24,228,N20,VIIRS,h,2.0NRT,355.05,100.73,N,2026-07-24 18:06:10,2026-07-24 04:28:00,,
44.88517,-1.06817,353.7,0.48,0.4,2026-07-24,228,N20,VIIRS,n,2.0NRT,323.01,15.66,N,2026-07-24 18:06:10,2026-07-24 04:28:00,,
44.88519,-1.08722,346.65,0.48,0.4,2026-07-24,228,N20,VIIRS,n,2.0NRT,324.73,132.74,N,2026-07-24 18:06:10,2026-07-24 04:28:00,,
44.88521,-1.10626,336.89,0.48,0.4,2026-07-24,228,N20,VIIRS,n,2.0NRT,294.75,100.73,N,2026-07-24 18:06:10,2026-07-24 04:28:00,,
44.88626,-1.01667,318.71,0.48,0.4,2026-07-24,228,N20,VIIRS,n,2.0NRT,296.93,2.89,N,2026-07-24 18:06:10,2026-07-24 04:28:00,,
44.88636,-1.07406,354.76,0.48,0.4,2026-07-24,228,N20,VIIRS,n,2.0NRT,327.14,74.08,N,2026-07-24 18:06:10,2026-07-24 04:28:00,,
44.88638,-1.0931,367.0,0.48,0.4,2026-07-24,228,N20,VIIRS,h,2.0NRT,339.62,132.74,N,2026-07-24 18:06:10,2026-07-24 04:28:00,,
44.8864,-1.11211,340.43,0.48,0.4,2026-07-24,228,N20,VIIRS,n,2.0NRT,293.23,8.13,N,2026-07-24 18:06:10,2026-07-24 04:28:00,,
44.88746,-1.02258,308.02,0.48,0.4,2026-07-24,228,N20,VIIRS,n,2.0NRT,295.91,2.18,N,2026-07-24 18:06:10,2026-07-24 04:28:00,,
44.88752,-1.06084,333.41,0.48,0.4,2026-07-24,228,N20,VIIRS,n,2.0NRT,303.04,15.66,N,2026-07-24 18:06:10,2026-07-24 04:28:00,,
44.88755,-1.07994,367.0,0.48,0.4,2026-07-24,228,N20,VIIRS,h,2.0NRT,355.12,74.08,N,2026-07-24 18:06:10,2026-07-24 04:28:00,,
44.88757,-1.09896,346.18,0.48,0.4,2026-07-24,228,N20,VIIRS,n,2.0NRT,299.28,100.73,N,2026-07-24 18:06:10,2026-07-24 04:28:00,,
44.88863,-1.00932,321.28,0.48,0.4,2026-07-24,228,N20,VIIRS,n,2.0NRT,294.36,9.85,N,2026-07-24 18:06:10,2026-07-24 04:28:00,,
44.88872,-1.06674,352.18,0.48,0.4,2026-07-24,228,N20,VIIRS,n,2.0NRT,329.16,15.66,N,2026-07-24 18:06:10,2026-07-24 04:28:00,,
44.88874,-1.08579,367.0,0.48,0.4,2026-07-24,228,N20,VIIRS,h,2.0NRT,345.67,111.59,N,2026-07-24 18:06:10,2026-07-24 04:28:00,,
44.88876,-1.10482,325.47,0.48,0.4,2026-07-24,228,N20,VIIRS,n,2.0NRT,292.03,100.73,N,2026-07-24 18:06:10,2026-07-24 04:28:00,,
44.88983,-1.01523,309.75,0.48,0.4,2026-07-24,228,N20,VIIRS,n,2.0NRT,296.73,9.85,N,2026-07-24 18:06:10,2026-07-24 04:28:00,,
44.88988,-1.05351,311.67,0.48,0.4,2026-07-24,228,N20,VIIRS,n,2.0NRT,290.75,4.53,N,2026-07-24 18:06:10,2026-07-24 04:28:00,,
44.88992,-1.07263,352.74,0.48,0.4,2026-07-24,228,N20,VIIRS,n,2.0NRT,328.4,74.08,N,2026-07-24 18:06:10,2026-07-24 04:28:00,,
44.88993,-1.09165,340.28,0.48,0.4,2026-07-24,228,N20,VIIRS,n,2.0NRT,304.04,111.59,N,2026-07-24 18:06:10,2026-07-24 04:28:00,,
44.89103,-1.02115,308.34,0.48,0.4,2026-07-24,228,N20,VIIRS,n,2.0NRT,295.96,1.97,N,2026-07-24 18:06:10,2026-07-24 04:28:00,,
44.89108,-1.0594,310.27,0.48,0.4,2026-07-24,228,N20,VIIRS,n,2.0NRT,296.12,13.28,N,2026-07-24 18:06:10,2026-07-24 04:28:00,,
44.89111,-1.0785,367.0,0.48,0.4,2026-07-24,228,N20,VIIRS,h,2.0NRT,363.71,74.08,N,2026-07-24 18:06:10,2026-07-24 04:28:00,,
44.89112,-1.09753,321.0,0.48,0.4,2026-07-24,228,N20,VIIRS,n,2.0NRT,291.98,4.67,N,2026-07-24 18:06:10,2026-07-24 04:28:00,,
44.89219,-1.00788,349.32,0.48,0.4,2026-07-24,228,N20,VIIRS,n,2.0NRT,311.49,9.85,N,2026-07-24 18:06:10,2026-07-24 04:28:00,,
44.89228,-1.06529,354.59,0.48,0.4,2026-07-24,228,N20,VIIRS,n,2.0NRT,326.19,13.28,N,2026-07-24 18:06:10,2026-07-24 04:28:00,,
44.8923,-1.08435,367.0,0.48,0.4,2026-07-24,228,N20,VIIRS,h,2.0NRT,349.96,111.59,N,2026-07-24 18:06:10,2026-07-24 04:28:00,,
44.89339,-1.01379,332.62,0.48,0.4,2026-07-24,228,N20,VIIRS,n,2.0NRT,303.0,9.85,N,2026-07-24 18:06:10,2026-07-24 04:28:00,,
44.89347,-1.0712,367.0,0.48,0.4,2026-07-24,228,N20,VIIRS,h,2.0NRT,349.47,78.17,N,2026-07-24 18:06:10,2026-07-24 04:28:00,,
44.89349,-1.09022,337.4,0.48,0.4,2026-07-24,228,N20,VIIRS,n,2.0NRT,292.34,111.59,N,2026-07-24 18:06:10,2026-07-24 04:28:00,,
44.89459,-1.01971,310.77,0.48,0.4,2026-07-24,228,N20,VIIRS,n,2.0NRT,295.6,1.97,N,2026-07-24 18:06:10,2026-07-24 04:28:00,,
44.89464,-1.05797,327.43,0.48,0.4,2026-07-24,228,N20,VIIRS,n,2.0NRT,300.07,13.28,N,2026-07-24 18:06:10,2026-07-24 04:28:00,,
44.89466,-1.07706,367.0,0.48,0.4,2026-07-24,228,N20,VIIRS,h,2.0NRT,351.35,78.17,N,2026-07-24 18:06:10,2026-07-24 04:28:00,,
44.89467,-1.09609,307.12,0.48,0.4,2026-07-24,228,N20,VIIRS,n,2.0NRT,290.46,4.67,N,2026-07-24 18:06:10,2026-07-24 04:28:00,,
44.89575,-1.00644,338.33,0.48,0.4,2026-07-24,228,N20,VIIRS,n,2.0NRT,304.73,17.42,N,2026-07-24 18:06:10,2026-07-24 04:28:00,,
44.89583,-1.06385,346.18,0.48,0.4,2026-07-24,228,N20,VIIRS,n,2.0NRT,310.02,13.28,N,2026-07-24 18:06:10,2026-07-24 04:28:00,,
44.89585,-1.08292,336.5,0.48,0.4,2026-07-24,228,N20,VIIRS,n,2.0NRT,292.84,5.72,N,2026-07-24 18:06:10,2026-07-24 04:28:00,,
44.89695,-1.01235,367.0,0.48,0.4,2026-07-24,228,N20,VIIRS,h,2.0NRT,316.21,17.42,N,2026-07-24 18:06:10,2026-07-24 04:28:00,,
44.89703,-1.06976,344.67,0.48,0.4,2026-07-24,228,N20,VIIRS,n,2.0NRT,338.25,78.17,N,2026-07-24 18:06:10,2026-07-24 04:28:00,,
44.89704,-1.08878,305.01,0.48,0.4,2026-07-24,228,N20,VIIRS,n,2.0NRT,290.36,5.72,N,2026-07-24 18:06:10,2026-07-24 04:28:00,,
44.89815,-1.01827,327.82,0.48,0.4,2026-07-24,228,N20,VIIRS,n,2.0NRT,295.45,3.82,N,2026-07-24 18:06:10,2026-07-24 04:28:00,,
44.89819,-1.05652,338.1,0.48,0.4,2026-07-24,228,N20,VIIRS,n,2.0NRT,303.31,20.03,N,2026-07-24 18:06:10,2026-07-24 04:28:00,,
44.89822,-1.07563,321.97,0.48,0.4,2026-07-24,228,N20,VIIRS,n,2.0NRT,291.83,78.17,N,2026-07-24 18:06:10,2026-07-24 04:28:00,,
44.89932,-1.00499,298.18,0.48,0.4,2026-07-24,228,N20,VIIRS,n,2.0NRT,288.11,17.42,N,2026-07-24 18:06:10,2026-07-24 04:28:00,,
44.89939,-1.06242,348.82,0.48,0.4,2026-07-24,228,N20,VIIRS,n,2.0NRT,312.91,20.03,N,2026-07-24 18:06:10,2026-07-24 04:28:00,,
44.8994,-1.08149,305.21,0.48,0.4,2026-07-24,228,N20,VIIRS,n,2.0NRT,290.42,5.72,N,2026-07-24 18:06:10,2026-07-24 04:28:00,,
44.89986,-1.01035,355.18,0.48,0.4,2026-07-24,228,N20,VIIRS,n,2.0NRT,301.31,10.47,N,2026-07-24 18:06:10,2026-07-24 04:28:00,,
44.90051,-1.01091,356.05,0.48,0.4,2026-07-24,228,N20,VIIRS,n,2.0NRT,303.34,17.42,N,2026-07-24 18:06:10,2026-07-24 04:28:00,,
44.90056,-1.04918,309.29,0.48,0.4,2026-07-24,228,N20,VIIRS,n,2.0NRT,293.58,4.31,N,2026-07-24 18:06:10,2026-07-24 04:28:00,,
44.90059,-1.06832,331.23,0.48,0.4,2026-07-24,228,N20,VIIRS,n,2.0NRT,293.53,3.51,N,2026-07-24 18:06:10,2026-07-24 04:28:00,,
44.90108,-1.01624,330.58,0.48,0.4,2026-07-24,228,N20,VIIRS,n,2.0NRT,292.77,10.47,N,2026-07-24 18:06:10,2026-07-24 04:28:00,,
44.90171,-1.01682,305.42,0.48,0.4,2026-07-24,228,N20,VIIRS,n,2.0NRT,291.45,3.82,N,2026-07-24 18:06:10,2026-07-24 04:28:00,,
44.90175,-1.05508,330.63,0.48,0.4,2026-07-24,228,N20,VIIRS,n,2.0NRT,299.15,20.03,N,2026-07-24 18:06:10,2026-07-24 04:28:00,,
44.90177,-1.07419,305.25,0.48,0.4,2026-07-24,228,N20,VIIRS,n,2.0NRT,290.51,3.51,N,2026-07-24 18:06:10,2026-07-24 04:28:00,,
44.90292,-1.04185,315.12,0.48,0.4,2026-07-24,228,N20,VIIRS,n,2.0NRT,293.9,10.48,N,2026-07-24 18:06:10,2026-07-24 04:28:00,,
44.90294,-1.06098,341.25,0.48,0.4,2026-07-24,228,N20,VIIRS,n,2.0NRT,306.49,20.03,N,2026-07-24 18:06:10,2026-07-24 04:28:00,,
44.90296,-1.08006,302.59,0.48,0.4,2026-07-24,228,N20,VIIRS,n,2.0NRT,288.87,0.45,N,2026-07-24 18:06:10,2026-07-24 04:28:00,,
44.90411,-1.04774,354.18,0.48,0.4,2026-07-24,228,N20,VIIRS,n,2.0NRT,309.49,10.48,N,2026-07-24 18:06:10,2026-07-24 04:28:00,,
44.90414,-1.06686,300.24,0.48,0.4,2026-07-24,228,N20,VIIRS,n,2.0NRT,289.29,3.51,N,2026-07-24 18:06:10,2026-07-24 04:28:00,,
44.9053,-1.05363,353.31,0.48,0.4,2026-07-24,228,N20,VIIRS,n,2.0NRT,308.29,12.07,N,2026-07-24 18:06:10,2026-07-24 04:28:00,,
44.90716,-1.04566,343.08,0.48,0.4,2026-07-24,228,N20,VIIRS,n,2.0NRT,298.22,11.85,N,2026-07-24 18:06:10,2026-07-24 04:28:00,,
44.90767,-1.0463,348.05,0.48,0.4,2026-07-24,228,N20,VIIRS,n,2.0NRT,300.85,10.48,N,2026-07-24 18:06:10,2026-07-24 04:28:00,,
44.90838,-1.05153,355.09,0.48,0.4,2026-07-24,228,N20,VIIRS,n,2.0NRT,297.33,11.85,N,2026-07-24 18:06:10,2026-07-24 04:28:00,,
44.90886,-1.05218,345.59,0.48,0.4,2026-07-24,228,N20,VIIRS,n,2.0NRT,296.3,12.07,N,2026-07-24 18:06:10,2026-07-24 04:28:00,,
44.36636,-1.15394,354.92,0.32,0.54,2026-07-24,1214,N20,VIIRS,n,2.0NRT,315.39,11.12,D,2026-07-24 18:06:10,2026-07-24 14:14:00,,
44.36737,-1.15014,367.0,0.32,0.54,2026-07-24,1214,N20,VIIRS,h,2.0NRT,319.89,11.12,D,2026-07-24 18:06:10,2026-07-24 14:14:00,,
44.36837,-1.14635,367.0,0.32,0.54,2026-07-24,1214,N20,VIIRS,h,2.0NRT,310.64,30.94,D,2026-07-24 18:06:10,2026-07-24 14:14:00,,
44.37008,-1.16016,346.54,0.32,0.54,2026-07-24,1214,N20,VIIRS,n,2.0NRT,309.73,8.83,D,2026-07-24 18:06:10,2026-07-24 14:14:00,,
44.3729,-1.12931,346.51,0.64,0.54,2026-07-24,1214,N20,VIIRS,n,2.0NRT,309.04,42.74,D,2026-07-24 18:06:10,2026-07-24 14:14:00,,
44.37481,-1.1626,355.31,0.32,0.54,2026-07-24,1214,N20,VIIRS,n,2.0NRT,306.52,8.83,D,2026-07-24 18:06:10,2026-07-24 14:14:00,,
44.3749,-1.12174,367.0,0.63,0.54,2026-07-24,1214,N20,VIIRS,l,2.0NRT,346.56,173.25,D,2026-07-24 18:06:10,2026-07-24 14:14:00,,
44.375,-1.16571,367.0,0.32,0.54,2026-07-24,1214,N20,VIIRS,h,2.0NRT,309.87,16.13,D,2026-07-24 18:06:10,2026-07-24 14:14:00,,
44.37581,-1.15881,351.35,0.32,0.54,2026-07-24,1214,N20,VIIRS,n,2.0NRT,306.97,18.4,D,2026-07-24 18:06:10,2026-07-24 14:14:00,,
44.3763,-1.12122,367.0,0.63,0.54,2026-07-24,1214,N20,VIIRS,h,2.0NRT,336.37,322.15,D,2026-07-24 18:06:10,2026-07-24 14:14:00,,
44.37691,-1.11418,367.0,0.63,0.54,2026-07-24,1214,N20,VIIRS,h,2.0NRT,312.03,173.25,D,2026-07-24 18:06:10,2026-07-24 14:14:00,,
44.37835,-1.11369,367.0,0.63,0.54,2026-07-24,1214,N20,VIIRS,h,2.0NRT,315.45,51.05,D,2026-07-24 18:06:10,2026-07-24 14:14:00,,
44.38162,-1.11663,347.55,0.63,0.54,2026-07-24,1214,N20,VIIRS,n,2.0NRT,314.45,16.72,D,2026-07-24 18:06:10,2026-07-24 14:14:00,,
44.38363,-1.10908,367.0,0.63,0.54,2026-07-24,1214,N20,VIIRS,h,2.0NRT,315.26,36.0,D,2026-07-24 18:06:10,2026-07-24 14:14:00,,
44.38511,-1.10861,367.0,0.63,0.54,2026-07-24,1214,N20,VIIRS,h,2.0NRT,313.25,51.05,D,2026-07-24 18:06:10,2026-07-24 14:14:00,,
44.38633,-1.11907,339.25,0.63,0.54,2026-07-24,1214,N20,VIIRS,n,2.0NRT,313.14,16.72,D,2026-07-24 18:06:10,2026-07-24 14:14:00,,
44.39105,-1.12152,341.53,0.63,0.54,2026-07-24,1214,N20,VIIRS,l,2.0NRT,312.95,27.92,D,2026-07-24 18:06:10,2026-07-24 14:14:00,,
44.4046,-1.13582,341.93,0.63,0.54,2026-07-24,1214,N20,VIIRS,l,2.0NRT,315.53,25.19,D,2026-07-24 18:06:10,2026-07-24 14:14:00,,
44.40642,-1.10385,346.18,0.63,0.54,2026-07-24,1214,N20,VIIRS,n,2.0NRT,316.4,14.3,D,2026-07-24 18:06:10,2026-07-24 14:14:00,,
44.40839,-1.09637,341.96,0.63,0.54,2026-07-24,1214,N20,VIIRS,n,2.0NRT,310.3,14.3,D,2026-07-24 18:06:10,2026-07-24 14:14:00,,
44.41,-1.09592,343.72,0.63,0.54,2026-07-24,1214,N20,VIIRS,n,2.0NRT,307.16,15.74,D,2026-07-24 18:06:10,2026-07-24 14:14:00,,
44.41113,-1.10629,346.72,0.63,0.54,2026-07-24,1214,N20,VIIRS,n,2.0NRT,316.83,14.3,D,2026-07-24 18:06:10,2026-07-24 14:14:00,,
44.41134,-1.13077,345.84,0.63,0.54,2026-07-24,1214,N20,VIIRS,n,2.0NRT,315.59,29.52,D,2026-07-24 18:06:10,2026-07-24 14:14:00,,
44.4127,-1.1058,348.94,0.63,0.54,2026-07-24,1214,N20,VIIRS,n,2.0NRT,314.58,25.01,D,2026-07-24 18:06:10,2026-07-24 14:14:00,,
44.4131,-1.09881,353.28,0.63,0.54,2026-07-24,1214,N20,VIIRS,n,2.0NRT,313.27,14.3,D,2026-07-24 18:06:10,2026-07-24 14:14:00,,
44.41604,-1.13325,342.37,0.63,0.54,2026-07-24,1214,N20,VIIRS,n,2.0NRT,311.39,9.47,D,2026-07-24 18:06:10,2026-07-24 14:14:00,,
44.41669,-1.15078,352.72,0.63,0.54,2026-07-24,1214,N20,VIIRS,n,2.0NRT,308.52,81.02,D,2026-07-24 18:06:10,2026-07-24 14:14:00,,
44.42074,-1.13574,341.35,0.63,0.54,2026-07-24,1214,N20,VIIRS,n,2.0NRT,307.69,9.47,D,2026-07-24 18:06:10,2026-07-24 14:14:00,,
44.42141,-1.15324,345.76,0.63,0.54,2026-07-24,1214,N20,VIIRS,n,2.0NRT,307.62,26.41,D,2026-07-24 18:06:10,2026-07-24 14:14:00,,
44.42211,-1.11068,347.29,0.63,0.54,2026-07-24,1214,N20,VIIRS,n,2.0NRT,312.62,13.11,D,2026-07-24 18:06:10,2026-07-24 14:14:00,,
44.42276,-1.1282,335.91,0.63,0.54,2026-07-24,1214,N20,VIIRS,l,2.0NRT,310.53,9.47,D,2026-07-24 18:06:10,2026-07-24 14:14:00,,
44.42342,-1.14573,354.64,0.63,0.54,2026-07-24,1214,N20,VIIRS,n,2.0NRT,313.59,26.41,D,2026-07-24 18:06:10,2026-07-24 14:14:00,,
44.42545,-1.13819,350.57,0.63,0.54,2026-07-24,1214,N20,VIIRS,n,2.0NRT,308.17,44.92,D,2026-07-24 18:06:10,2026-07-24 14:14:00,,
44.42611,-1.15571,347.35,0.63,0.54,2026-07-24,1214,N20,VIIRS,n,2.0NRT,312.37,26.41,D,2026-07-24 18:06:10,2026-07-24 14:14:00,,
44.4268,-1.11318,345.73,0.63,0.54,2026-07-24,1214,N20,VIIRS,n,2.0NRT,314.19,13.11,D,2026-07-24 18:06:10,2026-07-24 14:14:00,,
44.42814,-1.14818,367.0,0.63,0.54,2026-07-24,1214,N20,VIIRS,h,2.0NRT,321.88,26.41,D,2026-07-24 18:06:10,2026-07-24 14:14:00,,
44.42948,-1.12316,345.09,0.63,0.54,2026-07-24,1214,N20,VIIRS,n,2.0NRT,313.84,13.94,D,2026-07-24 18:06:10,2026-07-24 14:14:00,,
44.43016,-1.14065,355.47,0.63,0.54,2026-07-24,1214,N20,VIIRS,n,2.0NRT,319.15,44.92,D,2026-07-24 18:06:10,2026-07-24 14:14:00,,
44.43217,-1.13314,345.36,0.63,0.54,2026-07-24,1214,N20,VIIRS,n,2.0NRT,309.69,44.92,D,2026-07-24 18:06:10,2026-07-24 14:14:00,,
44.43419,-1.12563,335.78,0.63,0.54,2026-07-24,1214,N20,VIIRS,l,2.0NRT,307.09,13.94,D,2026-07-24 18:06:10,2026-07-24 14:14:00,,
44.43486,-1.14312,348.84,0.63,0.54,2026-07-24,1214,N20,VIIRS,n,2.0NRT,315.32,81.05,D,2026-07-24 18:06:10,2026-07-24 14:14:00,,
44.43688,-1.13559,341.63,0.63,0.54,2026-07-24,1214,N20,VIIRS,n,2.0NRT,309.33,81.05,D,2026-07-24 18:06:10,2026-07-24 14:14:00,,
44.4409,-1.12057,337.07,0.63,0.54,2026-07-24,1214,N20,VIIRS,l,2.0NRT,307.22,6.1,D,2026-07-24 18:06:10,2026-07-24 14:14:00,,
44.78231,-1.22092,367.0,0.62,0.54,2026-07-24,1214,N20,VIIRS,h,2.0NRT,302.4,14.17,D,2026-07-24 18:06:10,2026-07-24 14:14:00,,
44.78431,-1.2134,334.36,0.62,0.54,2026-07-24,1214,N20,VIIRS,n,2.0NRT,300.94,11.93,D,2026-07-24 18:06:10,2026-07-24 14:14:00,,
44.78498,-1.23095,330.95,0.63,0.54,2026-07-24,1214,N20,VIIRS,n,2.0NRT,302.7,11.6,D,2026-07-24 18:06:10,2026-07-24 14:14:00,,
44.78556,-1.18868,354.56,0.62,0.54,2026-07-24,1214,N20,VIIRS,n,2.0NRT,309.53,19.69,D,2026-07-24 18:06:10,2026-07-24 14:14:00,,
44.7873,-1.1222,353.1,0.62,0.54,2026-07-24,1214,N20,VIIRS,n,2.0NRT,319.72,44.71,D,2026-07-24 18:06:10,2026-07-24 14:14:00,,
44.78826,-1.19856,346.99,0.62,0.54,2026-07-24,1214,N20,VIIRS,n,2.0NRT,303.57,19.69,D,2026-07-24 18:06:10,2026-07-24 14:14:00,,
44.78926,-1.11483,367.0,0.62,0.54,2026-07-24,1214,N20,VIIRS,l,2.0NRT,328.15,48.94,D,2026-07-24 18:06:10,2026-07-24 14:14:00,,
44.78999,-1.13204,341.45,0.62,0.54,2026-07-24,1214,N20,VIIRS,l,2.0NRT,313.99,17.05,D,2026-07-24 18:06:10,2026-07-24 14:14:00,,
44.79024,-1.19113,344.2,0.62,0.54,2026-07-24,1214,N20,VIIRS,n,2.0NRT,303.61,19.69,D,2026-07-24 18:06:10,2026-07-24 14:14:00,,
44.79123,-1.10745,340.66,0.62,0.54,2026-07-24,1214,N20,VIIRS,n,2.0NRT,304.7,48.94,D,2026-07-24 18:06:10,2026-07-24 14:14:00,,
44.7922,-1.18372,347.64,0.62,0.54,2026-07-24,1214,N20,VIIRS,n,2.0NRT,306.61,32.85,D,2026-07-24 18:06:10,2026-07-24 14:14:00,,
44.79393,-1.11724,351.55,0.62,0.54,2026-07-24,1214,N20,VIIRS,n,2.0NRT,316.54,11.74,D,2026-07-24 18:06:10,2026-07-24 14:14:00,,
44.79588,-1.10988,340.52,0.62,0.54,2026-07-24,1214,N20,VIIRS,l,2.0NRT,311.95,11.74,D,2026-07-24 18:06:10,2026-07-24 14:14:00,,
44.79833,-1.22083,341.69,0.62,0.54,2026-07-24,1214,N20,VIIRS,n,2.0NRT,304.61,15.42,D,2026-07-24 18:06:10,2026-07-24 14:14:00,,
44.79858,-1.11969,344.82,0.62,0.54,2026-07-24,1214,N20,VIIRS,l,2.0NRT,318.94,11.74,D,2026-07-24 18:06:10,2026-07-24 14:14:00,,
44.80032,-1.21331,344.36,0.62,0.54,2026-07-24,1214,N20,VIIRS,n,2.0NRT,307.15,15.42,D,2026-07-24 18:06:10,2026-07-24 14:14:00,,
44.8023,-1.20584,367.0,0.62,0.54,2026-07-24,1214,N20,VIIRS,h,2.0NRT,312.25,37.62,D,2026-07-24 18:06:10,2026-07-24 14:14:00,,
44.80445,-1.09759,343.9,0.62,0.54,2026-07-24,1214,N20,VIIRS,n,2.0NRT,313.63,12.78,D,2026-07-24 18:06:10,2026-07-24 14:14:00,,
44.805,-1.21578,367.0,0.62,0.54,2026-07-24,1214,N20,VIIRS,h,2.0NRT,308.38,15.42,D,2026-07-24 18:06:10,2026-07-24 14:14:00,,
44.80665,-1.21756,349.64,0.62,0.54,2026-07-24,1214,N20,VIIRS,n,2.0NRT,301.82,15.73,D,2026-07-24 18:06:10,2026-07-24 14:14:00,,
44.80698,-1.2083,355.02,0.62,0.54,2026-07-24,1214,N20,VIIRS,n,2.0NRT,313.07,37.62,D,2026-07-24 18:06:10,2026-07-24 14:14:00,,
44.8082,-1.18358,342.49,0.62,0.54,2026-07-24,1214,N20,VIIRS,n,2.0NRT,305.68,24.96,D,2026-07-24 18:06:10,2026-07-24 14:14:00,,
44.80867,-1.21008,345.12,0.62,0.54,2026-07-24,1214,N20,VIIRS,n,2.0NRT,303.92,15.73,D,2026-07-24 18:06:10,2026-07-24 14:14:00,,
44.80894,-1.20087,355.86,0.62,0.54,2026-07-24,1214,N20,VIIRS,n,2.0NRT,318.25,37.62,D,2026-07-24 18:06:10,2026-07-24 14:14:00,,
44.81068,-1.20269,355.77,0.62,0.54,2026-07-24,1214,N20,VIIRS,n,2.0NRT,314.3,35.04,D,2026-07-24 18:06:10,2026-07-24 14:14:00,,
44.81091,-1.19343,355.38,0.62,0.54,2026-07-24,1214,N20,VIIRS,n,2.0NRT,316.86,24.96,D,2026-07-24 18:06:10,2026-07-24 14:14:00,,
44.81105,-1.09265,343.33,0.61,0.54,2026-07-24,1214,N20,VIIRS,n,2.0NRT,312.78,42.89,D,2026-07-24 18:06:10,2026-07-24 14:14:00,,
44.81268,-1.19527,355.67,0.62,0.54,2026-07-24,1214,N20,VIIRS,n,2.0NRT,314.21,35.04,D,2026-07-24 18:06:10,2026-07-24 14:14:00,,
44.81287,-1.18603,351.14,0.62,0.54,2026-07-24,1214,N20,VIIRS,n,2.0NRT,300.56,24.96,D,2026-07-24 18:06:10,2026-07-24 14:14:00,,
44.813,-1.08529,351.8,0.61,0.54,2026-07-24,1214,N20,VIIRS,n,2.0NRT,321.83,42.89,D,2026-07-24 18:06:10,2026-07-24 14:14:00,,
44.81404,-1.16148,343.42,0.62,0.54,2026-07-24,1214,N20,VIIRS,n,2.0NRT,304.94,25.59,D,2026-07-24 18:06:10,2026-07-24 14:14:00,,
44.81468,-1.1879,339.92,0.62,0.54,2026-07-24,1214,N20,VIIRS,n,2.0NRT,297.64,17.42,D,2026-07-24 18:06:10,2026-07-24 14:14:00,,
44.81495,-1.07795,367.0,0.61,0.54,2026-07-24,1214,N20,VIIRS,l,2.0NRT,330.46,43.53,D,2026-07-24 18:06:10,2026-07-24 14:14:00,,
44.81677,-1.17129,343.23,0.62,0.54,2026-07-24,1214,N20,VIIRS,n,2.0NRT,305.48,25.32,D,2026-07-24 18:06:10,2026-07-24 14:14:00,,
44.81689,-1.07061,348.32,0.61,0.54,2026-07-24,1214,N20,VIIRS,n,2.0NRT,306.32,43.53,D,2026-07-24 18:06:10,2026-07-24 14:14:00,,
44.81865,-1.17324,339.78,0.62,0.54,2026-07-24,1214,N20,VIIRS,n,2.0NRT,302.55,12.48,D,2026-07-24 18:06:10,2026-07-24 14:14:00,,
44.8196,-1.08037,344.37,0.61,0.54,2026-07-24,1214,N20,VIIRS,n,2.0NRT,309.21,43.53,D,2026-07-24 18:06:10,2026-07-24 14:14:00,,
44.82063,-1.16589,346.78,0.62,0.54,2026-07-24,1214,N20,VIIRS,n,2.0NRT,305.64,12.48,D,2026-07-24 18:06:10,2026-07-24 14:14:00,,
44.82154,-1.07304,349.12,0.61,0.54,2026-07-24,1214,N20,VIIRS,n,2.0NRT,310.85,43.53,D,2026-07-24 18:06:10,2026-07-24 14:14:00,,
44.82262,-1.15854,351.25,0.62,0.54,2026-07-24,1214,N20,VIIRS,n,2.0NRT,305.19,26.84,D,2026-07-24 18:06:10,2026-07-24 14:14:00,,
44.82338,-1.16637,350.06,0.62,0.54,2026-07-24,1214,N20,VIIRS,n,2.0NRT,304.11,20.7,D,2026-07-24 18:06:10,2026-07-24 14:14:00,,
44.82347,-1.0657,353.37,0.61,0.54,2026-07-24,1214,N20,VIIRS,n,2.0NRT,317.73,39.18,D,2026-07-24 18:06:10,2026-07-24 14:14:00,,
44.82542,-1.05835,341.06,0.61,0.54,2026-07-24,1214,N20,VIIRS,n,2.0NRT,305.2,39.18,D,2026-07-24 18:06:10,2026-07-24 14:14:00,,
44.82728,-1.15157,354.07,0.62,0.54,2026-07-24,1214,N20,VIIRS,n,2.0NRT,308.63,37.14,D,2026-07-24 18:06:10,2026-07-24 14:14:00,,
44.82812,-1.06812,346.26,0.61,0.54,2026-07-24,1214,N20,VIIRS,n,2.0NRT,313.4,69.45,D,2026-07-24 18:06:10,2026-07-24 14:14:00,,
44.82859,-1.13645,367.0,0.62,0.54,2026-07-24,1214,N20,VIIRS,h,2.0NRT,314.72,48.73,D,2026-07-24 18:06:10,2026-07-24 14:14:00,,
44.82923,-1.14418,355.35,0.62,0.54,2026-07-24,1214,N20,VIIRS,n,2.0NRT,311.17,37.14,D,2026-07-24 18:06:10,2026-07-24 14:14:00,,
44.82928,-1.15359,353.83,0.62,0.54,2026-07-24,1214,N20,VIIRS,n,2.0NRT,304.74,26.84,D,2026-07-24 18:06:10,2026-07-24 14:14:00,,
44.83007,-1.06077,367.0,0.61,0.54,2026-07-24,1214,N20,VIIRS,l,2.0NRT,329.0,69.45,D,2026-07-24 18:06:10,2026-07-24 14:14:00,,
44.83117,-1.13681,355.54,0.62,0.54,2026-07-24,1214,N20,VIIRS,n,2.0NRT,322.33,97.28,D,2026-07-24 18:06:10,2026-07-24 14:14:00,,
44.83126,-1.14623,355.74,0.62,0.54,2026-07-24,1214,N20,VIIRS,n,2.0NRT,313.58,48.73,D,2026-07-24 18:06:10,2026-07-24 14:14:00,,
44.83312,-1.12943,345.64,0.62,0.54,2026-07-24,1214,N20,VIIRS,n,2.0NRT,313.91,97.28,D,2026-07-24 18:06:10,2026-07-24 14:14:00,,
44.83324,-1.13889,353.61,0.62,0.54,2026-07-24,1214,N20,VIIRS,l,2.0NRT,325.46,48.73,D,2026-07-24 18:06:10,2026-07-24 14:14:00,,
44.83389,-1.14664,367.0,0.62,0.54,2026-07-24,1214,N20,VIIRS,h,2.0NRT,316.29,37.14,D,2026-07-24 18:06:10,2026-07-24 14:14:00,,
44.83471,-1.0632,367.0,0.61,0.54,2026-07-24,1214,N20,VIIRS,h,2.0NRT,330.95,69.45,D,2026-07-24 18:06:10,2026-07-24 14:14:00,,
44.83582,-1.13928,367.0,0.62,0.54,2026-07-24,1214,N20,VIIRS,h,2.0NRT,345.39,97.28,D,2026-07-24 18:06:10,2026-07-24 14:14:00,,
44.83592,-1.14868,352.09,0.62,0.54,2026-07-24,1214,N20,VIIRS,l,2.0NRT,325.78,174.89,D,2026-07-24 18:06:10,2026-07-24 14:14:00,,
44.83663,-1.05591,367.0,0.61,0.54,2026-07-24,1214,N20,VIIRS,l,2.0NRT,331.5,127.22,D,2026-07-24 18:06:10,2026-07-24 14:14:00,,
44.83789,-1.14135,367.0,0.62,0.54,2026-07-24,1214,N20,VIIRS,h,2.0NRT,342.87,174.89,D,2026-07-24 18:06:10,2026-07-24 14:14:00,,
44.83855,-1.14908,367.0,0.62,0.54,2026-07-24,1214,N20,VIIRS,l,2.0NRT,332.15,157.12,D,2026-07-24 18:06:10,2026-07-24 14:14:00,,
44.83855,-1.0486,349.2,0.61,0.53,2026-07-24,1214,N20,VIIRS,n,2.0NRT,323.55,127.22,D,2026-07-24 18:06:10,2026-07-24 14:14:00,,
44.83934,-1.06566,341.37,0.61,0.54,2026-07-24,1214,N20,VIIRS,n,2.0NRT,312.09,9.96,D,2026-07-24 18:06:10,2026-07-24 14:14:00,,
44.84048,-1.14171,346.39,0.62,0.54,2026-07-24,1214,N20,VIIRS,n,2.0NRT,320.38,106.4,D,2026-07-24 18:06:10,2026-07-24 14:14:00,,
44.84048,-1.04127,341.85,0.61,0.53,2026-07-24,1214,N20,VIIRS,n,2.0NRT,307.8,24.83,D,2026-07-24 18:06:10,2026-07-24 14:14:00,,
44.84127,-1.05833,350.92,0.61,0.54,2026-07-24,1214,N20,VIIRS,n,2.0NRT,315.2,21.98,D,2026-07-24 18:06:10,2026-07-24 14:14:00,,
44.8432,-1.05102,367.0,0.61,0.53,2026-07-24,1214,N20,VIIRS,h,2.0NRT,321.21,21.98,D,2026-07-24 18:06:10,2026-07-24 14:14:00,,
44.84513,-1.04367,355.99,0.61,0.53,2026-07-24,1214,N20,VIIRS,n,2.0NRT,319.21,18.01,D,2026-07-24 18:06:10,2026-07-24 14:14:00,,
44.84977,-1.0461,341.47,0.61,0.53,2026-07-24,1214,N20,VIIRS,n,2.0NRT,313.47,18.01,D,2026-07-24 18:06:10,2026-07-24 14:14:00,,
44.85168,-1.03882,354.16,0.61,0.53,2026-07-24,1214,N20,VIIRS,n,2.0NRT,313.11,18.01,D,2026-07-24 18:06:10,2026-07-24 14:14:00,,
44.85316,-1.12408,356.15,0.61,0.54,2026-07-24,1214,N20,VIIRS,l,2.0NRT,311.37,42.22,D,2026-07-24 18:06:10,2026-07-24 14:14:00,,
44.85368,-1.13181,349.52,0.62,0.54,2026-07-24,1214,N20,VIIRS,l,2.0NRT,324.27,63.82,D,2026-07-24 18:06:10,2026-07-24 14:14:00,,
44.85513,-1.11673,355.59,0.61,0.54,2026-07-24,1214,N20,VIIRS,l,2.0NRT,305.68,42.22,D,2026-07-24 18:06:10,2026-07-24 14:14:00,,
44.85561,-1.12444,354.87,0.62,0.54,2026-07-24,1214,N20,VIIRS,n,2.0NRT,318.64,63.82,D,2026-07-24 18:06:10,2026-07-24 14:14:00,,
44.85729,-1.16803,367.0,0.62,0.54,2026-07-24,1214,N20,VIIRS,h,2.0NRT,305.12,45.6,D,2026-07-24 18:06:10,2026-07-24 14:14:00,,
44.85754,-1.11708,354.07,0.61,0.54,2026-07-24,1214,N20,VIIRS,n,2.0NRT,312.3,44.66,D,2026-07-24 18:06:10,2026-07-24 14:14:00,,
44.85978,-1.11916,367.0,0.61,0.54,2026-07-24,1214,N20,VIIRS,h,2.0NRT,318.38,42.22,D,2026-07-24 18:06:10,2026-07-24 14:14:00,,
44.86141,-1.10233,346.73,0.61,0.54,2026-07-24,1214,N20,VIIRS,l,2.0NRT,317.41,80.25,D,2026-07-24 18:06:10,2026-07-24 14:14:00,,
44.86219,-1.11952,356.52,0.61,0.54,2026-07-24,1214,N20,VIIRS,n,2.0NRT,316.63,44.66,D,2026-07-24 18:06:10,2026-07-24 14:14:00,,
44.86372,-1.10445,367.0,0.61,0.54,2026-07-24,1214,N20,VIIRS,l,2.0NRT,335.37,189.19,D,2026-07-24 18:06:10,2026-07-24 14:14:00,,
44.86412,-1.11215,354.15,0.61,0.54,2026-07-24,1214,N20,VIIRS,n,2.0NRT,323.5,44.66,D,2026-07-24 18:06:10,2026-07-24 14:14:00,,
44.86525,-1.08765,343.15,0.61,0.54,2026-07-24,1214,N20,VIIRS,n,2.0NRT,308.4,45.67,D,2026-07-24 18:06:10,2026-07-24 14:14:00,,
44.86587,-1.15583,367.0,0.62,0.54,2026-07-24,1214,N20,VIIRS,l,2.0NRT,332.37,248.22,D,2026-07-24 18:06:10,2026-07-24 14:14:00,,
44.86605,-1.10477,352.6,0.61,0.54,2026-07-24,1214,N20,VIIRS,l,2.0NRT,330.63,80.25,D,2026-07-24 18:06:10,2026-07-24 14:14:00,,
44.8664,-1.11424,355.67,0.61,0.54,2026-07-24,1214,N20,VIIRS,l,2.0NRT,315.78,55.78,D,2026-07-24 18:06:10,2026-07-24 14:14:00,,
44.86797,-1.09744,354.33,0.61,0.54,2026-07-24,1214,N20,VIIRS,n,2.0NRT,322.98,80.25,D,2026-07-24 18:06:10,2026-07-24 14:14:00,,
44.86836,-1.1069,355.67,0.61,0.54,2026-07-24,1214,N20,VIIRS,l,2.0NRT,327.64,55.78,D,2026-07-24 18:06:10,2026-07-24 14:14:00,,
44.87033,-1.09958,356.06,0.61,0.54,2026-07-24,1214,N20,VIIRS,n,2.0NRT,326.14,46.99,D,2026-07-24 18:06:10,2026-07-24 14:14:00,,
44.87054,-1.15823,367.0,0.62,0.54,2026-07-24,1214,N20,VIIRS,h,2.0NRT,330.11,248.22,D,2026-07-24 18:06:10,2026-07-24 14:14:00,,
44.87301,-1.10933,351.41,0.61,0.54,2026-07-24,1214,N20,VIIRS,l,2.0NRT,327.38,55.78,D,2026-07-24 18:06:10,2026-07-24 14:14:00,,
44.8764,-1.13631,367.0,0.61,0.54,2026-07-24,1214,N20,VIIRS,h,2.0NRT,309.61,62.07,D,2026-07-24 18:06:10,2026-07-24 14:14:00,,
44.87693,-1.09469,367.0,0.61,0.54,2026-07-24,1214,N20,VIIRS,h,2.0NRT,319.98,46.99,D,2026-07-24 18:06:10,2026-07-24 14:14:00,,
44.87765,-1.11179,355.64,0.61,0.54,2026-07-24,1214,N20,VIIRS,l,2.0NRT,319.7,59.04,D,2026-07-24 18:06:10,2026-07-24 14:14:00,,
44.87961,-1.10445,367.0,0.61,0.54,2026-07-24,1214,N20,VIIRS,h,2.0NRT,316.57,38.28,D,2026-07-24 18:06:10,2026-07-24 14:14:00,,
44.88084,-1.08007,355.77,0.61,0.53,2026-07-24,1214,N20,VIIRS,n,2.0NRT,317.94,35.83,D,2026-07-24 18:06:10,2026-07-24 14:14:00,,
44.88157,-1.09712,367.0,0.61,0.54,2026-07-24,1214,N20,VIIRS,h,2.0NRT,326.77,38.28,D,2026-07-24 18:06:10,2026-07-24 14:14:00,,
44.88229,-1.11424,367.0,0.61,0.54,2026-07-24,1214,N20,VIIRS,h,2.0NRT,315.28,59.04,D,2026-07-24 18:06:10,2026-07-24 14:14:00,,
44.88279,-1.07274,354.1,0.61,0.53,2026-07-24,1214,N20,VIIRS,n,2.0NRT,321.44,30.79,D,2026-07-24 18:06:10,2026-07-24 14:14:00,,
44.88425,-1.10689,352.9,0.61,0.54,2026-07-24,1214,N20,VIIRS,l,2.0NRT,333.55,38.28,D,2026-07-24 18:06:10,2026-07-24 14:14:00,,
44.88443,-1.00734,339.99,0.61,0.53,2026-07-24,1214,N20,VIIRS,n,2.0NRT,308.29,9.25,D,2026-07-24 18:06:10,2026-07-24 14:14:00,,
44.88621,-1.09955,355.5,0.61,0.54,2026-07-24,1214,N20,VIIRS,n,2.0NRT,329.7,38.28,D,2026-07-24 18:06:10,2026-07-24 14:14:00,,
44.88625,-1.00729,342.11,0.61,0.53,2026-07-24,1214,N20,VIIRS,n,2.0NRT,308.76,8.29,D,2026-07-24 18:06:10,2026-07-24 14:14:00,,
44.88744,-1.07514,354.37,0.61,0.53,2026-07-24,1214,N20,VIIRS,n,2.0NRT,322.88,19.84,D,2026-07-24 18:06:10,2026-07-24 14:14:00,,
44.88816,-1.09225,354.21,0.61,0.54,2026-07-24,1214,N20,VIIRS,l,2.0NRT,333.85,61.23,D,2026-07-24 18:06:10,2026-07-24 14:14:00,,
44.88889,-1.10934,367.0,0.61,0.54,2026-07-24,1214,N20,VIIRS,h,2.0NRT,333.74,231.5,D,2026-07-24 18:06:10,2026-07-24 14:14:00,,
44.88938,-1.06786,352.95,0.61,0.53,2026-07-24,1214,N20,VIIRS,n,2.0NRT,321.18,19.84,D,2026-07-24 18:06:10,2026-07-24 14:14:00,,
44.89011,-1.08494,367.0,0.61,0.53,2026-07-24,1214,N20,VIIRS,h,2.0NRT,329.7,61.23,D,2026-07-24 18:06:10,2026-07-24 14:14:00,,
44.89085,-1.10201,367.0,0.61,0.54,2026-07-24,1214,N20,VIIRS,l,2.0NRT,339.79,231.5,D,2026-07-24 18:06:10,2026-07-24 14:14:00,,
44.89206,-1.07759,367.0,0.61,0.53,2026-07-24,1214,N20,VIIRS,h,2.0NRT,326.6,19.84,D,2026-07-24 18:06:10,2026-07-24 14:14:00,,
44.89277,-1.00244,350.98,0.61,0.53,2026-07-24,1214,N20,VIIRS,n,2.0NRT,315.0,16.31,D,2026-07-24 18:06:10,2026-07-24 14:14:00,,
44.8928,-1.0947,352.69,0.61,0.54,2026-07-24,1214,N20,VIIRS,l,2.0NRT,332.74,135.35,D,2026-07-24 18:06:10,2026-07-24 14:14:00,,
44.89352,-1.11181,367.0,0.61,0.54,2026-07-24,1214,N20,VIIRS,l,2.0NRT,367.91,231.5,D,2026-07-24 18:06:10,2026-07-24 14:14:00,,
44.89402,-1.07026,354.87,0.61,0.53,2026-07-24,1214,N20,VIIRS,n,2.0NRT,321.49,19.84,D,2026-07-24 18:06:10,2026-07-24 14:14:00,,
44.89474,-1.0874,352.21,0.61,0.53,2026-07-24,1214,N20,VIIRS,l,2.0NRT,337.63,135.35,D,2026-07-24 18:06:10,2026-07-24 14:14:00,,
44.89548,-1.10448,367.0,0.61,0.54,2026-07-24,1214,N20,VIIRS,l,2.0NRT,367.45,231.5,D,2026-07-24 18:06:10,2026-07-24 14:14:00,,
44.89561,-1.00493,349.09,0.61,0.53,2026-07-24,1214,N20,VIIRS,l,2.0NRT,320.65,35.12,D,2026-07-24 18:06:10,2026-07-24 14:14:00,,
44.89621,-1.12163,367.0,0.61,0.54,2026-07-24,1214,N20,VIIRS,l,2.0NRT,330.82,243.89,D,2026-07-24 18:06:10,2026-07-24 14:14:00,,
44.89669,-1.08005,354.38,0.61,0.53,2026-07-24,1214,N20,VIIRS,l,2.0NRT,333.56,99.98,D,2026-07-24 18:06:10,2026-07-24 14:14:00,,
44.89743,-1.09715,367.0,0.61,0.54,2026-07-24,1214,N20,VIIRS,h,2.0NRT,351.17,135.35,D,2026-07-24 18:06:10,2026-07-24 14:14:00,,
44.89754,-0.99767,340.5,0.6,0.53,2026-07-24,1214,N20,VIIRS,n,2.0NRT,309.33,19.96,D,2026-07-24 18:06:10,2026-07-24 14:14:00,,
44.89816,-1.11427,367.0,0.61,0.54,2026-07-24,1214,N20,VIIRS,l,2.0NRT,374.76,0.0,D,2026-07-24 18:06:10,2026-07-24 14:14:00,,
44.89865,-1.0727,355.39,0.61,0.53,2026-07-24,1214,N20,VIIRS,n,2.0NRT,317.08,99.98,D,2026-07-24 18:06:10,2026-07-24 14:14:00,,
44.89938,-1.08984,367.0,0.61,0.53,2026-07-24,1214,N20,VIIRS,h,2.0NRT,352.0,135.35,D,2026-07-24 18:06:10,2026-07-24 14:14:00,,
44.90012,-1.10693,367.0,0.61,0.54,2026-07-24,1214,N20,VIIRS,l,2.0NRT,370.44,0.0,D,2026-07-24 18:06:10,2026-07-24 14:14:00,,
44.90023,-1.00734,340.21,0.61,0.53,2026-07-24,1214,N20,VIIRS,n,2.0NRT,304.71,35.12,D,2026-07-24 18:06:10,2026-07-24 14:14:00,,
44.90059,-1.06543,350.88,0.61,0.53,2026-07-24,1214,N20,VIIRS,n,2.0NRT,314.6,48.24,D,2026-07-24 18:06:10,2026-07-24 14:14:00,,
44.90084,-1.12409,355.83,0.61,0.54,2026-07-24,1214,N20,VIIRS,n,2.0NRT,302.35,243.89,D,2026-07-24 18:06:10,2026-07-24 14:14:00,,
44.90133,-1.08249,367.0,0.61,0.53,2026-07-24,1214,N20,VIIRS,h,2.0NRT,366.67,99.98,D,2026-07-24 18:06:10,2026-07-24 14:14:00,,
44.90206,-1.0996,367.0,0.61,0.54,2026-07-24,1214,N20,VIIRS,h,2.0NRT,365.65,394.96,D,2026-07-24 18:06:10,2026-07-24 14:14:00,,
44.90252,-1.05817,343.37,0.61,0.53,2026-07-24,1214,N20,VIIRS,n,2.0NRT,312.4,48.24,D,2026-07-24 18:06:10,2026-07-24 14:14:00,,
44.9028,-1.11674,305.08,0.61,0.54,2026-07-24,1214,N20,VIIRS,l,2.0NRT,318.73,0.0,D,2026-07-24 18:06:10,2026-07-24 14:14:00,,
44.90327,-1.07516,367.0,0.61,0.53,2026-07-24,1214,N20,VIIRS,h,2.0NRT,323.79,99.98,D,2026-07-24 18:06:10,2026-07-24 14:14:00,,
44.90401,-1.09228,367.0,0.61,0.53,2026-07-24,1214,N20,VIIRS,l,2.0NRT,367.02,394.96,D,2026-07-24 18:06:10,2026-07-24 14:14:00,,
44.90475,-1.10939,367.0,0.61,0.54,2026-07-24,1214,N20,VIIRS,l,2.0NRT,372.74,0.0,D,2026-07-24 18:06:10,2026-07-24 14:14:00,,
44.90522,-1.06788,354.38,0.61,0.53,2026-07-24,1214,N20,VIIRS,l,2.0NRT,329.87,48.24,D,2026-07-24 18:06:10,2026-07-24 14:14:00,,
44.90596,-1.08495,367.0,0.61,0.53,2026-07-24,1214,N20,VIIRS,h,2.0NRT,369.59,335.72,D,2026-07-24 18:06:10,2026-07-24 14:14:00,,
44.9067,-1.10206,367.0,0.61,0.54,2026-07-24,1214,N20,VIIRS,l,2.0NRT,361.57,394.96,D,2026-07-24 18:06:10,2026-07-24 14:14:00,,
44.90715,-1.06061,367.0,0.61,0.53,2026-07-24,1214,N20,VIIRS,l,2.0NRT,328.79,48.24,D,2026-07-24 18:06:10,2026-07-24 14:14:00,,
44.90744,-1.11919,354.72,0.61,0.54,2026-07-24,1214,N20,VIIRS,n,2.0NRT,302.46,248.79,D,2026-07-24 18:06:10,2026-07-24 14:14:00,,
44.9079,-1.07765,367.0,0.61,0.53,2026-07-24,1214,N20,VIIRS,h,2.0NRT,344.91,335.72,D,2026-07-24 18:06:10,2026-07-24 14:14:00,,
44.90864,-1.09474,367.0,0.61,0.53,2026-07-24,1214,N20,VIIRS,l,2.0NRT,372.66,394.96,D,2026-07-24 18:06:10,2026-07-24 14:14:00,,
44.90939,-1.11183,367.0,0.61,0.54,2026-07-24,1214,N20,VIIRS,l,2.0NRT,353.42,248.79,D,2026-07-24 18:06:10,2026-07-24 14:14:00,,
44.90983,-1.07036,367.0,0.61,0.53,2026-07-24,1214,N20,VIIRS,l,2.0NRT,345.8,194.2,D,2026-07-24 18:06:10,2026-07-24 14:14:00,,
44.91058,-1.08743,367.0,0.61,0.53,2026-07-24,1214,N20,VIIRS,l,2.0NRT,360.8,335.72,D,2026-07-24 18:06:10,2026-07-24 14:14:00,,
44.911,-1.04611,340.22,0.61,0.53,2026-07-24,1214,N20,VIIRS,n,2.0NRT,302.88,52.56,D,2026-07-24 18:06:10,2026-07-24 14:14:00,,
44.91133,-1.1045,367.0,0.61,0.54,2026-07-24,1214,N20,VIIRS,l,2.0NRT,354.71,597.37,D,2026-07-24 18:06:10,2026-07-24 14:14:00,,
44.91176,-1.06311,349.54,0.61,0.53,2026-07-24,1214,N20,VIIRS,n,2.0NRT,310.97,194.2,D,2026-07-24 18:06:10,2026-07-24 14:14:00,,
44.91208,-1.12162,367.0,0.61,0.54,2026-07-24,1214,N20,VIIRS,h,2.0NRT,298.37,248.79,D,2026-07-24 18:06:10,2026-07-24 14:14:00,,
44.91402,-1.11429,367.0,0.61,0.54,2026-07-24,1214,N20,VIIRS,h,2.0NRT,299.91,248.79,D,2026-07-24 18:06:10,2026-07-24 14:14:00,,
44.91597,-1.10695,349.72,0.61,0.54,2026-07-24,1214,N20,VIIRS,n,2.0NRT,299.22,597.37,D,2026-07-24 18:06:10,2026-07-24 14:14:00,,
44.36376,-1.15072,355.42,0.41,0.61,2026-07-24,1355,N20,VIIRS,n,2.0NRT,307.68,21.68,D,2026-07-24 18:06:10,2026-07-24 15:55:00,,
44.36395,-1.14548,367.0,0.41,0.61,2026-07-24,1355,N20,VIIRS,h,2.0NRT,304.69,23.71,D,2026-07-24 18:06:10,2026-07-24 15:55:00,,
44.36902,-1.16159,337.54,0.41,0.61,2026-07-24,1355,N20,VIIRS,n,2.0NRT,304.55,7.03,D,2026-07-24 18:06:10,2026-07-24 15:55:00,,
44.3692,-1.15638,343.5,0.41,0.61,2026-07-24,1355,N20,VIIRS,n,2.0NRT,304.49,8.28,D,2026-07-24 18:06:10,2026-07-24 15:55:00,,
44.36939,-1.15115,344.06,0.41,0.61,2026-07-24,1355,N20,VIIRS,n,2.0NRT,304.51,8.28,D,2026-07-24 18:06:10,2026-07-24 15:55:00,,
44.36958,-1.1459,367.0,0.41,0.61,2026-07-24,1355,N20,VIIRS,h,2.0NRT,305.92,19.51,D,2026-07-24 18:06:10,2026-07-24 15:55:00,,
44.3707,-1.11443,350.94,0.41,0.61,2026-07-24,1355,N20,VIIRS,n,2.0NRT,299.55,35.81,D,2026-07-24 18:06:10,2026-07-24 15:55:00,,
44.37089,-1.10919,367.0,0.41,0.61,2026-07-24,1355,N20,VIIRS,h,2.0NRT,295.72,35.81,D,2026-07-24 18:06:10,2026-07-24 15:55:00,,
44.37446,-1.16717,349.57,0.41,0.61,2026-07-24,1355,N20,VIIRS,n,2.0NRT,303.59,7.03,D,2026-07-24 18:06:10,2026-07-24 15:55:00,,
44.37465,-1.16197,344.87,0.41,0.61,2026-07-24,1355,N20,VIIRS,n,2.0NRT,303.87,7.03,D,2026-07-24 18:06:10,2026-07-24 15:55:00,,
44.37484,-1.15676,342.31,0.41,0.61,2026-07-24,1355,N20,VIIRS,n,2.0NRT,300.69,8.28,D,2026-07-24 18:06:10,2026-07-24 15:55:00,,
44.37597,-1.12531,367.0,0.41,0.61,2026-07-24,1355,N20,VIIRS,h,2.0NRT,305.55,27.28,D,2026-07-24 18:06:10,2026-07-24 15:55:00,,
44.37616,-1.12006,350.36,0.41,0.61,2026-07-24,1355,N20,VIIRS,n,2.0NRT,313.25,27.28,D,2026-07-24 18:06:10,2026-07-24 15:55:00,,
44.37635,-1.11481,349.72,0.41,0.61,2026-07-24,1355,N20,VIIRS,n,2.0NRT,306.46,35.81,D,2026-07-24 18:06:10,2026-07-24 15:55:00,,
44.37654,-1.10957,355.43,0.41,0.61,2026-07-24,1355,N20,VIIRS,n,2.0NRT,303.31,35.81,D,2026-07-24 18:06:10,2026-07-24 15:55:00,,
44.37672,-1.1043,337.52,0.41,0.61,2026-07-24,1355,N20,VIIRS,n,2.0NRT,295.48,25.1,D,2026-07-24 18:06:10,2026-07-24 15:55:00,,
44.38066,-1.1519,342.25,0.41,0.61,2026-07-24,1355,N20,VIIRS,n,2.0NRT,304.85,9.07,D,2026-07-24 18:06:10,2026-07-24 15:55:00,,
44.38199,-1.11516,349.81,0.41,0.61,2026-07-24,1355,N20,VIIRS,n,2.0NRT,305.61,9.19,D,2026-07-24 18:06:10,2026-07-24 15:55:00,,
44.38218,-1.10991,346.38,0.41,0.61,2026-07-24,1355,N20,VIIRS,n,2.0NRT,299.43,9.19,D,2026-07-24 18:06:10,2026-07-24 15:55:00,,
44.38237,-1.10467,336.98,0.41,0.61,2026-07-24,1355,N20,VIIRS,n,2.0NRT,295.98,5.89,D,2026-07-24 18:06:10,2026-07-24 15:55:00,,
44.4077,-1.10398,354.34,0.41,0.61,2026-07-24,1355,N20,VIIRS,n,2.0NRT,310.91,9.02,D,2026-07-24 18:06:10,2026-07-24 15:55:00,,
44.40788,-1.09866,354.88,0.41,0.61,2026-07-24,1355,N20,VIIRS,n,2.0NRT,299.02,9.02,D,2026-07-24 18:06:10,2026-07-24 15:55:00,,
44.41081,-1.10101,367.0,0.41,0.61,2026-07-24,1355,N20,VIIRS,h,2.0NRT,309.74,24.49,D,2026-07-24 18:06:10,2026-07-24 15:55:00,,
44.41164,-1.1569,354.98,0.41,0.61,2026-07-24,1355,N20,VIIRS,n,2.0NRT,303.7,12.18,D,2026-07-24 18:06:10,2026-07-24 15:55:00,,
44.41182,-1.15165,367.0,0.41,0.61,2026-07-24,1355,N20,VIIRS,h,2.0NRT,299.73,12.18,D,2026-07-24 18:06:10,2026-07-24 15:55:00,,
44.41233,-1.13594,339.76,0.41,0.61,2026-07-24,1355,N20,VIIRS,n,2.0NRT,304.31,8.97,D,2026-07-24 18:06:10,2026-07-24 15:55:00,,
44.4125,-1.1307,335.19,0.41,0.61,2026-07-24,1355,N20,VIIRS,n,2.0NRT,301.16,8.97,D,2026-07-24 18:06:10,2026-07-24 15:55:00,,
44.41318,-1.10965,333.66,0.41,0.61,2026-07-24,1355,N20,VIIRS,n,2.0NRT,301.88,14.29,D,2026-07-24 18:06:10,2026-07-24 15:55:00,,
44.41335,-1.10434,336.3,0.41,0.61,2026-07-24,1355,N20,VIIRS,n,2.0NRT,300.9,9.02,D,2026-07-24 18:06:10,2026-07-24 15:55:00,,
44.41446,-1.15388,355.84,0.41,0.61,2026-07-24,1355,N20,VIIRS,n,2.0NRT,312.4,23.22,D,2026-07-24 18:06:10,2026-07-24 15:55:00,,
44.41728,-1.15724,351.26,0.41,0.61,2026-07-24,1355,N20,VIIRS,n,2.0NRT,301.43,11.51,D,2026-07-24 18:06:10,2026-07-24 15:55:00,,
44.41745,-1.15199,367.0,0.41,0.61,2026-07-24,1355,N20,VIIRS,h,2.0NRT,300.13,11.51,D,2026-07-24 18:06:10,2026-07-24 15:55:00,,
44.4201,-1.1542,367.0,0.41,0.61,2026-07-24,1355,N20,VIIRS,h,2.0NRT,301.06,23.22,D,2026-07-24 18:06:10,2026-07-24 15:55:00,,
44.42292,-1.15757,336.72,0.41,0.61,2026-07-24,1355,N20,VIIRS,n,2.0NRT,303.22,11.51,D,2026-07-24 18:06:10,2026-07-24 15:55:00,,
44.42309,-1.15232,355.97,0.41,0.61,2026-07-24,1355,N20,VIIRS,n,2.0NRT,305.4,11.51,D,2026-07-24 18:06:10,2026-07-24 15:55:00,,
44.42327,-1.14706,353.65,0.41,0.61,2026-07-24,1355,N20,VIIRS,n,2.0NRT,306.3,12.64,D,2026-07-24 18:06:10,2026-07-24 15:55:00,,
44.42344,-1.14181,346.07,0.41,0.61,2026-07-24,1355,N20,VIIRS,n,2.0NRT,301.06,12.64,D,2026-07-24 18:06:10,2026-07-24 15:55:00,,
44.42361,-1.13655,338.29,0.41,0.61,2026-07-24,1355,N20,VIIRS,n,2.0NRT,298.04,12.52,D,2026-07-24 18:06:10,2026-07-24 15:55:00,,
44.4243,-1.11556,334.49,0.41,0.61,2026-07-24,1355,N20,VIIRS,n,2.0NRT,302.91,5.54,D,2026-07-24 18:06:10,2026-07-24 15:55:00,,
44.42448,-1.1103,333.5,0.41,0.61,2026-07-24,1355,N20,VIIRS,n,2.0NRT,298.84,5.54,D,2026-07-24 18:06:10,2026-07-24 15:55:00,,
44.42573,-1.1545,367.0,0.41,0.61,2026-07-24,1355,N20,VIIRS,h,2.0NRT,310.72,18.88,D,2026-07-24 18:06:10,2026-07-24 15:55:00,,
44.42594,-1.14926,367.0,0.41,0.61,2026-07-24,1355,N20,VIIRS,h,2.0NRT,311.04,20.51,D,2026-07-24 18:06:10,2026-07-24 15:55:00,,
44.42614,-1.14402,367.0,0.41,0.61,2026-07-24,1355,N20,VIIRS,h,2.0NRT,311.07,20.51,D,2026-07-24 18:06:10,2026-07-24 15:55:00,,
44.42873,-1.15265,367.0,0.41,0.61,2026-07-24,1355,N20,VIIRS,h,2.0NRT,304.33,16.25,D,2026-07-24 18:06:10,2026-07-24 15:55:00,,
44.4289,-1.14741,367.0,0.41,0.61,2026-07-24,1355,N20,VIIRS,h,2.0NRT,310.78,22.28,D,2026-07-24 18:06:10,2026-07-24 15:55:00,,
44.42908,-1.14216,367.0,0.41,0.61,2026-07-24,1355,N20,VIIRS,h,2.0NRT,310.52,22.28,D,2026-07-24 18:06:10,2026-07-24 15:55:00,,
44.42925,-1.13689,367.0,0.41,0.61,2026-07-24,1355,N20,VIIRS,h,2.0NRT,307.11,17.51,D,2026-07-24 18:06:10,2026-07-24 15:55:00,,
44.42943,-1.13163,340.89,0.41,0.61,2026-07-24,1355,N20,VIIRS,n,2.0NRT,300.8,17.51,D,2026-07-24 18:06:10,2026-07-24 15:55:00,,
44.4296,-1.12637,339.07,0.41,0.61,2026-07-24,1355,N20,VIIRS,n,2.0NRT,301.62,14.85,D,2026-07-24 18:06:10,2026-07-24 15:55:00,,
44.43177,-1.14434,356.72,0.41,0.61,2026-07-24,1355,N20,VIIRS,n,2.0NRT,308.74,20.51,D,2026-07-24 18:06:10,2026-07-24 15:55:00,,
44.43198,-1.13908,353.83,0.41,0.61,2026-07-24,1355,N20,VIIRS,n,2.0NRT,313.92,29.83,D,2026-07-24 18:06:10,2026-07-24 15:55:00,,
44.43218,-1.13382,367.0,0.41,0.61,2026-07-24,1355,N20,VIIRS,h,2.0NRT,302.19,29.83,D,2026-07-24 18:06:10,2026-07-24 15:55:00,,
44.43454,-1.14773,333.26,0.41,0.61,2026-07-24,1355,N20,VIIRS,n,2.0NRT,299.67,22.28,D,2026-07-24 18:06:10,2026-07-24 15:55:00,,
44.43472,-1.14249,352.76,0.41,0.61,2026-07-24,1355,N20,VIIRS,n,2.0NRT,312.21,22.28,D,2026-07-24 18:06:10,2026-07-24 15:55:00,,
44.43489,-1.13723,367.0,0.41,0.61,2026-07-24,1355,N20,VIIRS,h,2.0NRT,304.06,17.51,D,2026-07-24 18:06:10,2026-07-24 15:55:00,,
44.43507,-1.13196,367.0,0.41,0.61,2026-07-24,1355,N20,VIIRS,h,2.0NRT,297.17,17.51,D,2026-07-24 18:06:10,2026-07-24 15:55:00,,
44.77989,-1.22489,367.0,0.41,0.61,2026-07-24,1355,N20,VIIRS,h,2.0NRT,302.59,10.56,D,2026-07-24 18:06:10,2026-07-24 15:55:00,,
44.78338,-1.1239,340.08,0.42,0.61,2026-07-24,1355,N20,VIIRS,n,2.0NRT,302.77,32.39,D,2026-07-24 18:06:10,2026-07-24 15:55:00,,
44.78356,-1.11857,318.35,0.42,0.61,2026-07-24,1355,N20,VIIRS,l,2.0NRT,323.72,142.8,D,2026-07-24 18:06:10,2026-07-24 15:55:00,,
44.78374,-1.11324,367.0,0.42,0.61,2026-07-24,1355,N20,VIIRS,h,2.0NRT,329.57,142.8,D,2026-07-24 18:06:10,2026-07-24 15:55:00,,
44.78392,-1.10792,367.0,0.42,0.61,2026-07-24,1355,N20,VIIRS,l,2.0NRT,344.09,220.76,D,2026-07-24 18:06:10,2026-07-24 15:55:00,,
44.7841,-1.10259,367.0,0.42,0.61,2026-07-24,1355,N20,VIIRS,h,2.0NRT,303.37,220.76,D,2026-07-24 18:06:10,2026-07-24 15:55:00,,
44.78428,-1.09723,348.18,0.42,0.61,2026-07-24,1355,N20,VIIRS,n,2.0NRT,299.62,11.54,D,2026-07-24 18:06:10,2026-07-24 15:55:00,,
44.78447,-1.09188,332.95,0.42,0.61,2026-07-24,1355,N20,VIIRS,n,2.0NRT,298.93,11.54,D,2026-07-24 18:06:10,2026-07-24 15:55:00,,
44.78534,-1.23045,331.94,0.41,0.61,2026-07-24,1355,N20,VIIRS,n,2.0NRT,301.49,4.84,D,2026-07-24 18:06:10,2026-07-24 15:55:00,,
44.78552,-1.22524,332.97,0.41,0.61,2026-07-24,1355,N20,VIIRS,n,2.0NRT,303.66,8.96,D,2026-07-24 18:06:10,2026-07-24 15:55:00,,
44.78571,-1.22002,332.81,0.41,0.61,2026-07-24,1355,N20,VIIRS,n,2.0NRT,301.17,8.96,D,2026-07-24 18:06:10,2026-07-24 15:55:00,,
44.78589,-1.2148,367.0,0.41,0.61,2026-07-24,1355,N20,VIIRS,h,2.0NRT,307.18,30.4,D,2026-07-24 18:06:10,2026-07-24 15:55:00,,
44.78626,-1.20419,355.09,0.41,0.61,2026-07-24,1355,N20,VIIRS,n,2.0NRT,304.32,20.1,D,2026-07-24 18:06:10,2026-07-24 15:55:00,,
44.78645,-1.19886,367.0,0.41,0.61,2026-07-24,1355,N20,VIIRS,h,2.0NRT,309.09,20.1,D,2026-07-24 18:06:10,2026-07-24 15:55:00,,
44.78663,-1.19355,355.53,0.41,0.61,2026-07-24,1355,N20,VIIRS,n,2.0NRT,309.01,21.56,D,2026-07-24 18:06:10,2026-07-24 15:55:00,,
44.78682,-1.18823,367.0,0.41,0.61,2026-07-24,1355,N20,VIIRS,h,2.0NRT,303.32,21.56,D,2026-07-24 18:06:10,2026-07-24 15:55:00,,
44.78701,-1.18288,367.0,0.41,0.61,2026-07-24,1355,N20,VIIRS,h,2.0NRT,306.1,29.79,D,2026-07-24 18:06:10,2026-07-24 15:55:00,,
44.78719,-1.17752,352.95,0.41,0.61,2026-07-24,1355,N20,VIIRS,n,2.0NRT,312.16,29.79,D,2026-07-24 18:06:10,2026-07-24 15:55:00,,
44.78738,-1.17218,346.08,0.41,0.61,2026-07-24,1355,N20,VIIRS,n,2.0NRT,314.54,38.46,D,2026-07-24 18:06:10,2026-07-24 15:55:00,,
44.78757,-1.16679,341.23,0.41,0.61,2026-07-24,1355,N20,VIIRS,n,2.0NRT,298.25,38.46,D,2026-07-24 18:06:10,2026-07-24 15:55:00,,
44.78885,-1.12958,335.48,0.42,0.61,2026-07-24,1355,N20,VIIRS,n,2.0NRT,303.26,7.05,D,2026-07-24 18:06:10,2026-07-24 15:55:00,,
44.78903,-1.12425,336.23,0.42,0.61,2026-07-24,1355,N20,VIIRS,n,2.0NRT,304.16,7.05,D,2026-07-24 18:06:10,2026-07-24 15:55:00,,
44.78922,-1.11892,353.9,0.42,0.61,2026-07-24,1355,N20,VIIRS,n,2.0NRT,314.7,50.33,D,2026-07-24 18:06:10,2026-07-24 15:55:00,,
44.7894,-1.11358,367.0,0.42,0.61,2026-07-24,1355,N20,VIIRS,h,2.0NRT,329.08,50.33,D,2026-07-24 18:06:10,2026-07-24 15:55:00,,
44.78959,-1.10826,367.0,0.42,0.61,2026-07-24,1355,N20,VIIRS,l,2.0NRT,354.28,150.76,D,2026-07-24 18:06:10,2026-07-24 15:55:00,,
44.78976,-1.10292,352.4,0.42,0.61,2026-07-24,1355,N20,VIIRS,n,2.0NRT,321.32,150.76,D,2026-07-24 18:06:10,2026-07-24 15:55:00,,
44.78995,-1.09756,367.0,0.42,0.61,2026-07-24,1355,N20,VIIRS,h,2.0NRT,298.4,28.18,D,2026-07-24 18:06:10,2026-07-24 15:55:00,,
44.79013,-1.09223,343.9,0.42,0.61,2026-07-24,1355,N20,VIIRS,n,2.0NRT,297.15,28.18,D,2026-07-24 18:06:10,2026-07-24 15:55:00,,
44.79031,-1.08689,336.91,0.42,0.61,2026-07-24,1355,N20,VIIRS,n,2.0NRT,296.18,7.34,D,2026-07-24 18:06:10,2026-07-24 15:55:00,,
44.79284,-1.17791,345.82,0.41,0.61,2026-07-24,1355,N20,VIIRS,n,2.0NRT,302.5,29.79,D,2026-07-24 18:06:10,2026-07-24 15:55:00,,
44.79302,-1.17255,367.0,0.41,0.61,2026-07-24,1355,N20,VIIRS,h,2.0NRT,304.27,38.46,D,2026-07-24 18:06:10,2026-07-24 15:55:00,,
44.79488,-1.11928,331.96,0.42,0.61,2026-07-24,1355,N20,VIIRS,n,2.0NRT,301.31,50.33,D,2026-07-24 18:06:10,2026-07-24 15:55:00,,
44.79506,-1.11393,348.14,0.42,0.61,2026-07-24,1355,N20,VIIRS,n,2.0NRT,309.03,50.33,D,2026-07-24 18:06:10,2026-07-24 15:55:00,,
44.79525,-1.10859,353.85,0.42,0.61,2026-07-24,1355,N20,VIIRS,n,2.0NRT,307.49,150.76,D,2026-07-24 18:06:10,2026-07-24 15:55:00,,
44.79543,-1.10326,367.0,0.42,0.61,2026-07-24,1355,N20,VIIRS,h,2.0NRT,297.03,150.76,D,2026-07-24 18:06:10,2026-07-24 15:55:00,,
44.79561,-1.09791,333.42,0.42,0.61,2026-07-24,1355,N20,VIIRS,n,2.0NRT,295.72,28.18,D,2026-07-24 18:06:10,2026-07-24 15:55:00,,
44.8026,-1.221,345.47,0.41,0.61,2026-07-24,1355,N20,VIIRS,n,2.0NRT,302.35,11.09,D,2026-07-24 18:06:10,2026-07-24 15:55:00,,
44.80279,-1.21581,345.34,0.41,0.61,2026-07-24,1355,N20,VIIRS,n,2.0NRT,304.05,8.51,D,2026-07-24 18:06:10,2026-07-24 15:55:00,,
44.80297,-1.21058,342.51,0.41,0.61,2026-07-24,1355,N20,VIIRS,n,2.0NRT,308.17,8.51,D,2026-07-24 18:06:10,2026-07-24 15:55:00,,
44.80317,-1.20528,332.25,0.41,0.61,2026-07-24,1355,N20,VIIRS,n,2.0NRT,301.12,8.46,D,2026-07-24 18:06:10,2026-07-24 15:55:00,,
44.80713,-1.09323,347.64,0.42,0.61,2026-07-24,1355,N20,VIIRS,n,2.0NRT,300.65,37.06,D,2026-07-24 18:06:10,2026-07-24 15:55:00,,
44.80731,-1.08788,285.96,0.42,0.61,2026-07-24,1355,N20,VIIRS,l,2.0NRT,322.29,201.66,D,2026-07-24 18:06:10,2026-07-24 15:55:00,,
44.80769,-1.07718,367.0,0.42,0.61,2026-07-24,1355,N20,VIIRS,h,2.0NRT,298.64,23.24,D,2026-07-24 18:06:10,2026-07-24 15:55:00,,
44.80787,-1.07185,335.65,0.42,0.61,2026-07-24,1355,N20,VIIRS,n,2.0NRT,296.9,23.24,D,2026-07-24 18:06:10,2026-07-24 15:55:00,,
44.80806,-1.06649,331.64,0.42,0.61,2026-07-24,1355,N20,VIIRS,n,2.0NRT,296.11,3.0,D,2026-07-24 18:06:10,2026-07-24 15:55:00,,
44.80824,-1.06111,333.18,0.42,0.61,2026-07-24,1355,N20,VIIRS,n,2.0NRT,295.63,3.0,D,2026-07-24 18:06:10,2026-07-24 15:55:00,,
44.80842,-1.21617,336.19,0.41,0.61,2026-07-24,1355,N20,VIIRS,n,2.0NRT,297.23,8.06,D,2026-07-24 18:06:10,2026-07-24 15:55:00,,
44.8088,-1.20562,350.69,0.41,0.61,2026-07-24,1355,N20,VIIRS,n,2.0NRT,306.41,8.79,D,2026-07-24 18:06:10,2026-07-24 15:55:00,,
44.80899,-1.20031,345.63,0.41,0.61,2026-07-24,1355,N20,VIIRS,n,2.0NRT,304.68,8.79,D,2026-07-24 18:06:10,2026-07-24 15:55:00,,
44.80918,-1.195,342.7,0.41,0.61,2026-07-24,1355,N20,VIIRS,n,2.0NRT,306.2,6.51,D,2026-07-24 18:06:10,2026-07-24 15:55:00,,
44.80938,-1.18968,345.71,0.41,0.61,2026-07-24,1355,N20,VIIRS,n,2.0NRT,301.39,6.51,D,2026-07-24 18:06:10,2026-07-24 15:55:00,,
44.80957,-1.18436,335.59,0.41,0.61,2026-07-24,1355,N20,VIIRS,n,2.0NRT,301.71,7.48,D,2026-07-24 18:06:10,2026-07-24 15:55:00,,
44.81298,-1.08824,341.77,0.42,0.61,2026-07-24,1355,N20,VIIRS,n,2.0NRT,311.22,99.6,D,2026-07-24 18:06:10,2026-07-24 15:55:00,,
44.81317,-1.08286,367.0,0.42,0.61,2026-07-24,1355,N20,VIIRS,l,2.0NRT,326.77,99.6,D,2026-07-24 18:06:10,2026-07-24 15:55:00,,
44.81336,-1.0775,314.88,0.42,0.61,2026-07-24,1355,N20,VIIRS,l,2.0NRT,324.99,113.12,D,2026-07-24 18:06:10,2026-07-24 15:55:00,,
44.81373,-1.06679,367.0,0.42,0.61,2026-07-24,1355,N20,VIIRS,l,2.0NRT,326.83,178.18,D,2026-07-24 18:06:10,2026-07-24 15:55:00,,
44.81392,-1.06143,367.0,0.42,0.61,2026-07-24,1355,N20,VIIRS,h,2.0NRT,303.05,178.18,D,2026-07-24 18:06:10,2026-07-24 15:55:00,,
44.81411,-1.05606,367.0,0.42,0.61,2026-07-24,1355,N20,VIIRS,h,2.0NRT,295.19,67.49,D,2026-07-24 18:06:10,2026-07-24 15:55:00,,
44.81429,-1.05068,341.72,0.42,0.61,2026-07-24,1355,N20,VIIRS,n,2.0NRT,294.47,67.49,D,2026-07-24 18:06:10,2026-07-24 15:55:00,,
44.81448,-1.04531,332.5,0.42,0.61,2026-07-24,1355,N20,VIIRS,n,2.0NRT,294.87,5.96,D,2026-07-24 18:06:10,2026-07-24 15:55:00,,
44.81482,-1.19535,331.56,0.41,0.61,2026-07-24,1355,N20,VIIRS,n,2.0NRT,298.06,6.51,D,2026-07-24 18:06:10,2026-07-24 15:55:00,,
44.81903,-1.07785,348.12,0.42,0.61,2026-07-24,1355,N20,VIIRS,n,2.0NRT,301.27,113.12,D,2026-07-24 18:06:10,2026-07-24 15:55:00,,
44.81922,-1.07247,354.63,0.42,0.61,2026-07-24,1355,N20,VIIRS,n,2.0NRT,305.22,113.12,D,2026-07-24 18:06:10,2026-07-24 15:55:00,,
44.8194,-1.06709,367.0,0.42,0.61,2026-07-24,1355,N20,VIIRS,l,2.0NRT,325.42,178.18,D,2026-07-24 18:06:10,2026-07-24 15:55:00,,
44.8196,-1.06174,367.0,0.42,0.61,2026-07-24,1355,N20,VIIRS,l,2.0NRT,343.63,178.18,D,2026-07-24 18:06:10,2026-07-24 15:55:00,,
44.81978,-1.05638,367.0,0.42,0.61,2026-07-24,1355,N20,VIIRS,h,2.0NRT,305.69,67.49,D,2026-07-24 18:06:10,2026-07-24 15:55:00,,
44.81997,-1.051,367.0,0.42,0.61,2026-07-24,1355,N20,VIIRS,h,2.0NRT,296.7,67.49,D,2026-07-24 18:06:10,2026-07-24 15:55:00,,
44.82016,-1.04562,344.4,0.42,0.61,2026-07-24,1355,N20,VIIRS,n,2.0NRT,295.93,5.96,D,2026-07-24 18:06:10,2026-07-24 15:55:00,,
44.82035,-1.04024,338.9,0.42,0.61,2026-07-24,1355,N20,VIIRS,n,2.0NRT,296.36,5.96,D,2026-07-24 18:06:10,2026-07-24 15:55:00,,
44.82053,-1.03486,334.64,0.42,0.61,2026-07-24,1355,N20,VIIRS,n,2.0NRT,295.59,8.82,D,2026-07-24 18:06:10,2026-07-24 15:55:00,,
44.82508,-1.06744,351.73,0.42,0.61,2026-07-24,1355,N20,VIIRS,n,2.0NRT,301.19,85.5,D,2026-07-24 18:06:10,2026-07-24 15:55:00,,
44.82527,-1.06208,280.66,0.42,0.61,2026-07-24,1355,N20,VIIRS,l,2.0NRT,322.3,85.5,D,2026-07-24 18:06:10,2026-07-24 15:55:00,,
44.82546,-1.05671,367.0,0.42,0.61,2026-07-24,1355,N20,VIIRS,l,2.0NRT,346.05,164.56,D,2026-07-24 18:06:10,2026-07-24 15:55:00,,
44.82565,-1.05132,367.0,0.42,0.61,2026-07-24,1355,N20,VIIRS,h,2.0NRT,300.27,164.56,D,2026-07-24 18:06:10,2026-07-24 15:55:00,,
44.82584,-1.04594,367.0,0.42,0.61,2026-07-24,1355,N20,VIIRS,h,2.0NRT,297.15,11.0,D,2026-07-24 18:06:10,2026-07-24 15:55:00,,
44.82603,-1.04056,345.96,0.42,0.61,2026-07-24,1355,N20,VIIRS,n,2.0NRT,295.74,11.0,D,2026-07-24 18:06:10,2026-07-24 15:55:00,,
44.82622,-1.03517,339.17,0.42,0.61,2026-07-24,1355,N20,VIIRS,n,2.0NRT,294.47,3.97,D,2026-07-24 18:06:10,2026-07-24 15:55:00,,
44.82641,-1.02978,333.24,0.42,0.61,2026-07-24,1355,N20,VIIRS,n,2.0NRT,293.38,3.97,D,2026-07-24 18:06:10,2026-07-24 15:55:00,,
44.82732,-1.06524,346.93,0.42,0.61,2026-07-24,1355,N20,VIIRS,n,2.0NRT,310.0,163.99,D,2026-07-24 18:06:10,2026-07-24 15:55:00,,
44.82749,-1.05987,367.0,0.42,0.61,2026-07-24,1355,N20,VIIRS,l,2.0NRT,360.82,163.99,D,2026-07-24 18:06:10,2026-07-24 15:55:00,,
44.82765,-1.05448,353.04,0.42,0.61,2026-07-24,1355,N20,VIIRS,n,2.0NRT,310.79,199.53,D,2026-07-24 18:06:10,2026-07-24 15:55:00,,
44.82781,-1.04908,367.0,0.42,0.61,2026-07-24,1355,N20,VIIRS,h,2.0NRT,298.02,199.53,D,2026-07-24 18:06:10,2026-07-24 15:55:00,,
44.82786,-1.14792,347.69,0.41,0.61,2026-07-24,1355,N20,VIIRS,n,2.0NRT,301.72,9.59,D,2026-07-24 18:06:10,2026-07-24 15:55:00,,
44.82797,-1.04369,351.6,0.42,0.61,2026-07-24,1355,N20,VIIRS,n,2.0NRT,296.73,13.77,D,2026-07-24 18:06:10,2026-07-24 15:55:00,,
44.82806,-1.14257,351.2,0.42,0.61,2026-07-24,1355,N20,VIIRS,n,2.0NRT,300.33,5.72,D,2026-07-24 18:06:10,2026-07-24 15:55:00,,
44.82813,-1.03832,342.89,0.42,0.61,2026-07-24,1355,N20,VIIRS,n,2.0NRT,295.26,13.77,D,2026-07-24 18:06:10,2026-07-24 15:55:00,,
44.82825,-1.13723,342.82,0.42,0.61,2026-07-24,1355,N20,VIIRS,n,2.0NRT,301.31,5.72,D,2026-07-24 18:06:10,2026-07-24 15:55:00,,
44.8283,-1.03292,335.97,0.42,0.61,2026-07-24,1355,N20,VIIRS,n,2.0NRT,294.41,5.01,D,2026-07-24 18:06:10,2026-07-24 15:55:00,,
44.82846,-1.02752,330.8,0.42,0.61,2026-07-24,1355,N20,VIIRS,n,2.0NRT,292.96,5.01,D,2026-07-24 18:06:10,2026-07-24 15:55:00,,
44.83035,-1.15118,348.51,0.42,0.61,2026-07-24,1355,N20,VIIRS,n,2.0NRT,301.01,9.92,D,2026-07-24 18:06:10,2026-07-24 15:55:00,,
44.83052,-1.14584,355.97,0.42,0.61,2026-07-24,1355,N20,VIIRS,n,2.0NRT,303.56,9.92,D,2026-07-24 18:06:10,2026-07-24 15:55:00,,
44.83075,-1.06777,339.5,0.42,0.61,2026-07-24,1355,N20,VIIRS,n,2.0NRT,299.62,85.5,D,2026-07-24 18:06:10,2026-07-24 15:55:00,,
44.83086,-1.13517,367.0,0.42,0.61,2026-07-24,1355,N20,VIIRS,h,2.0NRT,306.03,20.44,D,2026-07-24 18:06:10,2026-07-24 15:55:00,,
44.83094,-1.06243,288.26,0.42,0.61,2026-07-24,1355,N20,VIIRS,l,2.0NRT,318.47,85.5,D,2026-07-24 18:06:10,2026-07-24 15:55:00,,
44.83113,-1.05703,291.29,0.42,0.61,2026-07-24,1355,N20,VIIRS,l,2.0NRT,322.46,164.56,D,2026-07-24 18:06:10,2026-07-24 15:55:00,,
44.83133,-1.05164,367.0,0.42,0.61,2026-07-24,1355,N20,VIIRS,h,2.0NRT,298.65,164.56,D,2026-07-24 18:06:10,2026-07-24 15:55:00,,
44.83152,-1.04622,367.0,0.42,0.61,2026-07-24,1355,N20,VIIRS,h,2.0NRT,296.35,11.0,D,2026-07-24 18:06:10,2026-07-24 15:55:00,,
44.83171,-1.04086,346.85,0.42,0.61,2026-07-24,1355,N20,VIIRS,n,2.0NRT,295.89,11.0,D,2026-07-24 18:06:10,2026-07-24 15:55:00,,
44.8319,-1.03549,339.75,0.42,0.61,2026-07-24,1355,N20,VIIRS,n,2.0NRT,295.02,3.97,D,2026-07-24 18:06:10,2026-07-24 15:55:00,,
44.83209,-1.0301,333.86,0.42,0.61,2026-07-24,1355,N20,VIIRS,n,2.0NRT,293.68,3.97,D,2026-07-24 18:06:10,2026-07-24 15:55:00,,
44.833,-1.06558,352.66,0.42,0.61,2026-07-24,1355,N20,VIIRS,n,2.0NRT,302.88,163.99,D,2026-07-24 18:06:10,2026-07-24 15:55:00,,
44.83316,-1.0602,367.0,0.42,0.61,2026-07-24,1355,N20,VIIRS,l,2.0NRT,335.41,163.99,D,2026-07-24 18:06:10,2026-07-24 15:55:00,,
44.83332,-1.15359,367.0,0.41,0.61,2026-07-24,1355,N20,VIIRS,h,2.0NRT,304.13,19.51,D,2026-07-24 18:06:10,2026-07-24 15:55:00,,
44.83333,-1.05479,367.0,0.42,0.61,2026-07-24,1355,N20,VIIRS,l,2.0NRT,335.31,199.53,D,2026-07-24 18:06:10,2026-07-24 15:55:00,,
44.8335,-1.04938,355.73,0.42,0.61,2026-07-24,1355,N20,VIIRS,n,2.0NRT,304.57,199.53,D,2026-07-24 18:06:10,2026-07-24 15:55:00,,
44.83351,-1.14823,339.5,0.41,0.61,2026-07-24,1355,N20,VIIRS,n,2.0NRT,300.28,19.51,D,2026-07-24 18:06:10,2026-07-24 15:55:00,,
44.83366,-1.044,367.0,0.42,0.61,2026-07-24,1355,N20,VIIRS,h,2.0NRT,296.04,13.77,D,2026-07-24 18:06:10,2026-07-24 15:55:00,,
44.83371,-1.14287,333.42,0.42,0.61,2026-07-24,1355,N20,VIIRS,n,2.0NRT,302.2,22.95,D,2026-07-24 18:06:10,2026-07-24 15:55:00,,
44.83382,-1.03864,341.93,0.42,0.61,2026-07-24,1355,N20,VIIRS,n,2.0NRT,295.11,13.77,D,2026-07-24 18:06:10,2026-07-24 15:55:00,,
44.8339,-1.13753,352.45,0.42,0.61,2026-07-24,1355,N20,VIIRS,n,2.0NRT,307.58,22.95,D,2026-07-24 18:06:10,2026-07-24 15:55:00,,
44.83398,-1.03326,335.22,0.42,0.61,2026-07-24,1355,N20,VIIRS,n,2.0NRT,293.83,5.01,D,2026-07-24 18:06:10,2026-07-24 15:55:00,,
44.8341,-1.13221,367.0,0.42,0.61,2026-07-24,1355,N20,VIIRS,h,2.0NRT,303.62,19.23,D,2026-07-24 18:06:10,2026-07-24 15:55:00,,
44.83583,-1.15695,350.26,0.41,0.61,2026-07-24,1355,N20,VIIRS,n,2.0NRT,301.33,10.68,D,2026-07-24 18:06:10,2026-07-24 15:55:00,,
44.83601,-1.15153,367.0,0.42,0.61,2026-07-24,1355,N20,VIIRS,h,2.0NRT,308.71,30.94,D,2026-07-24 18:06:10,2026-07-24 15:55:00,,
44.83634,-1.1408,367.0,0.42,0.61,2026-07-24,1355,N20,VIIRS,h,2.0NRT,309.9,21.49,D,2026-07-24 18:06:10,2026-07-24 15:55:00,,
44.83651,-1.13549,355.81,0.42,0.61,2026-07-24,1355,N20,VIIRS,n,2.0NRT,312.04,21.49,D,2026-07-24 18:06:10,2026-07-24 15:55:00,,
44.83662,-1.06273,345.42,0.42,0.61,2026-07-24,1355,N20,VIIRS,n,2.0NRT,311.9,93.33,D,2026-07-24 18:06:10,2026-07-24 15:55:00,,
44.83668,-1.13018,367.0,0.42,0.61,2026-07-24,1355,N20,VIIRS,h,2.0NRT,298.96,19.67,D,2026-07-24 18:06:10,2026-07-24 15:55:00,,
44.83681,-1.05733,367.0,0.42,0.61,2026-07-24,1355,N20,VIIRS,l,2.0NRT,340.86,173.44,D,2026-07-24 18:06:10,2026-07-24 15:55:00,,
44.83701,-1.0519,367.0,0.42,0.61,2026-07-24,1355,N20,VIIRS,l,2.0NRT,336.33,173.44,D,2026-07-24 18:06:10,2026-07-24 15:55:00,,
44.8372,-1.04652,367.0,0.42,0.61,2026-07-24,1355,N20,VIIRS,h,2.0NRT,303.24,56.88,D,2026-07-24 18:06:10,2026-07-24 15:55:00,,
44.83739,-1.04116,347.61,0.42,0.61,2026-07-24,1355,N20,VIIRS,n,2.0NRT,294.84,56.88,D,2026-07-24 18:06:10,2026-07-24 15:55:00,,
44.83758,-1.03579,336.02,0.42,0.61,2026-07-24,1355,N20,VIIRS,n,2.0NRT,294.12,9.55,D,2026-07-24 18:06:10,2026-07-24 15:55:00,,
44.83876,-1.15944,344.4,0.41,0.61,2026-07-24,1355,N20,VIIRS,n,2.0NRT,298.44,9.45,D,2026-07-24 18:06:10,2026-07-24 15:55:00,,
44.83884,-1.06052,346.77,0.42,0.61,2026-07-24,1355,N20,VIIRS,n,2.0NRT,299.07,17.76,D,2026-07-24 18:06:10,2026-07-24 15:55:00,,
44.83897,-1.15395,355.74,0.41,0.61,2026-07-24,1355,N20,VIIRS,n,2.0NRT,302.88,19.51,D,2026-07-24 18:06:10,2026-07-24 15:55:00,,
44.83901,-1.0551,349.92,0.42,0.61,2026-07-24,1355,N20,VIIRS,n,2.0NRT,303.44,43.33,D,2026-07-24 18:06:10,2026-07-24 15:55:00,,
44.83917,-1.14854,349.3,0.41,0.61,2026-07-24,1355,N20,VIIRS,n,2.0NRT,312.98,19.51,D,2026-07-24 18:06:10,2026-07-24 15:55:00,,
44.83917,-1.04972,367.0,0.42,0.61,2026-07-24,1355,N20,VIIRS,h,2.0NRT,303.75,43.33,D,2026-07-24 18:06:10,2026-07-24 15:55:00,,
44.83934,-1.04434,350.95,0.42,0.61,2026-07-24,1355,N20,VIIRS,n,2.0NRT,295.69,12.82,D,2026-07-24 18:06:10,2026-07-24 15:55:00,,
44.83936,-1.14319,367.0,0.42,0.61,2026-07-24,1355,N20,VIIRS,h,2.0NRT,307.4,22.95,D,2026-07-24 18:06:10,2026-07-24 15:55:00,,
44.8395,-1.03896,333.02,0.42,0.61,2026-07-24,1355,N20,VIIRS,n,2.0NRT,293.52,12.82,D,2026-07-24 18:06:10,2026-07-24 15:55:00,,
44.83956,-1.13786,367.0,0.42,0.61,2026-07-24,1355,N20,VIIRS,h,2.0NRT,306.78,22.95,D,2026-07-24 18:06:10,2026-07-24 15:55:00,,
44.83976,-1.13255,367.0,0.42,0.61,2026-07-24,1355,N20,VIIRS,h,2.0NRT,299.57,19.23,D,2026-07-24 18:06:10,2026-07-24 15:55:00,,
44.84148,-1.15735,340.2,0.41,0.61,2026-07-24,1355,N20,VIIRS,n,2.0NRT,295.59,10.68,D,2026-07-24 18:06:10,2026-07-24 15:55:00,,
44.84166,-1.15189,353.03,0.42,0.61,2026-07-24,1355,N20,VIIRS,n,2.0NRT,301.25,30.94,D,2026-07-24 18:06:10,2026-07-24 15:55:00,,
44.84183,-1.14652,352.59,0.42,0.61,2026-07-24,1355,N20,VIIRS,n,2.0NRT,306.66,30.94,D,2026-07-24 18:06:10,2026-07-24 15:55:00,,
44.842,-1.14118,367.0,0.42,0.61,2026-07-24,1355,N20,VIIRS,h,2.0NRT,296.33,21.49,D,2026-07-24 18:06:10,2026-07-24 15:55:00,,
44.84269,-1.05225,333.4,0.42,0.61,2026-07-24,1355,N20,VIIRS,n,2.0NRT,297.69,173.44,D,2026-07-24 18:06:10,2026-07-24 15:55:00,,
44.84288,-1.04688,337.29,0.42,0.61,2026-07-24,1355,N20,VIIRS,n,2.0NRT,297.31,56.88,D,2026-07-24 18:06:10,2026-07-24 15:55:00,,
44.84799,-1.1309,367.0,0.42,0.61,2026-07-24,1355,N20,VIIRS,h,2.0NRT,298.98,34.68,D,2026-07-24 18:06:10,2026-07-24 15:55:00,,
44.84816,-1.12556,352.03,0.42,0.61,2026-07-24,1355,N20,VIIRS,n,2.0NRT,303.31,34.68,D,2026-07-24 18:06:10,2026-07-24 15:55:00,,
44.84834,-1.12024,367.0,0.42,0.61,2026-07-24,1355,N20,VIIRS,h,2.0NRT,299.03,92.52,D,2026-07-24 18:06:10,2026-07-24 15:55:00,,
44.8485,-1.11489,367.0,0.42,0.61,2026-07-24,1355,N20,VIIRS,h,2.0NRT,296.53,92.52,D,2026-07-24 18:06:10,2026-07-24 15:55:00,,
44.84876,-1.0418,354.08,0.42,0.61,2026-07-24,1355,N20,VIIRS,n,2.0NRT,299.55,16.75,D,2026-07-24 18:06:10,2026-07-24 15:55:00,,
44.84895,-1.03639,367.0,0.42,0.61,2026-07-24,1355,N20,VIIRS,h,2.0NRT,294.99,17.69,D,2026-07-24 18:06:10,2026-07-24 15:55:00,,
44.84986,-1.16546,342.43,0.41,0.61,2026-07-24,1355,N20,VIIRS,n,2.0NRT,296.85,4.38,D,2026-07-24 18:06:10,2026-07-24 15:55:00,,
44.85006,-1.16004,344.47,0.41,0.61,2026-07-24,1355,N20,VIIRS,n,2.0NRT,295.45,4.38,D,2026-07-24 18:06:10,2026-07-24 15:55:00,,
44.85087,-1.03962,367.0,0.42,0.61,2026-07-24,1355,N20,VIIRS,h,2.0NRT,300.65,24.11,D,2026-07-24 18:06:10,2026-07-24 15:55:00,,
44.85107,-1.13324,353.77,0.42,0.61,2026-07-24,1355,N20,VIIRS,n,2.0NRT,305.41,43.26,D,2026-07-24 18:06:10,2026-07-24 15:55:00,,
44.85127,-1.1279,346.74,0.42,0.61,2026-07-24,1355,N20,VIIRS,n,2.0NRT,309.79,43.26,D,2026-07-24 18:06:10,2026-07-24 15:55:00,,
44.85146,-1.12257,346.61,0.42,0.61,2026-07-24,1355,N20,VIIRS,n,2.0NRT,316.96,175.76,D,2026-07-24 18:06:10,2026-07-24 15:55:00,,
44.85186,-1.11187,351.03,0.42,0.61,2026-07-24,1355,N20,VIIRS,n,2.0NRT,306.24,103.31,D,2026-07-24 18:06:10,2026-07-24 15:55:00,,
44.85206,-1.10649,294.23,0.42,0.61,2026-07-24,1355,N20,VIIRS,l,2.0NRT,314.93,103.31,D,2026-07-24 18:06:10,2026-07-24 15:55:00,,
44.85226,-1.17416,335.62,0.41,0.61,2026-07-24,1355,N20,VIIRS,n,2.0NRT,298.9,19.2,D,2026-07-24 18:06:10,2026-07-24 15:55:00,,
44.85226,-1.10117,367.0,0.42,0.61,2026-07-24,1355,N20,VIIRS,h,2.0NRT,299.34,54.61,D,2026-07-24 18:06:10,2026-07-24 15:55:00,,
44.85244,-1.16879,355.23,0.41,0.61,2026-07-24,1355,N20,VIIRS,n,2.0NRT,305.59,19.2,D,2026-07-24 18:06:10,2026-07-24 15:55:00,,
44.85246,-1.09583,355.51,0.42,0.61,2026-07-24,1355,N20,VIIRS,n,2.0NRT,295.45,54.61,D,2026-07-24 18:06:10,2026-07-24 15:55:00,,
44.85261,-1.1634,367.0,0.41,0.61,2026-07-24,1355,N20,VIIRS,h,2.0NRT,301.43,32.95,D,2026-07-24 18:06:10,2026-07-24 15:55:00,,
44.85266,-1.09046,345.09,0.42,0.61,2026-07-24,1355,N20,VIIRS,n,2.0NRT,295.14,6.28,D,2026-07-24 18:06:10,2026-07-24 15:55:00,,
44.85286,-1.0851,339.98,0.42,0.61,2026-07-24,1355,N20,VIIRS,n,2.0NRT,294.46,6.28,D,2026-07-24 18:06:10,2026-07-24 15:55:00,,
44.85305,-1.07974,334.88,0.42,0.61,2026-07-24,1355,N20,VIIRS,n,2.0NRT,293.84,6.53,D,2026-07-24 18:06:10,2026-07-24 15:55:00,,
44.85365,-1.13126,367.0,0.42,0.61,2026-07-24,1355,N20,VIIRS,h,2.0NRT,309.39,34.68,D,2026-07-24 18:06:10,2026-07-24 15:55:00,,
44.85382,-1.12591,348.44,0.42,0.61,2026-07-24,1355,N20,VIIRS,n,2.0NRT,309.78,34.68,D,2026-07-24 18:06:10,2026-07-24 15:55:00,,
44.85416,-1.11521,367.0,0.42,0.61,2026-07-24,1355,N20,VIIRS,h,2.0NRT,327.51,92.52,D,2026-07-24 18:06:10,2026-07-24 15:55:00,,
44.85434,-1.10984,207.93,0.42,0.61,2026-07-24,1355,N20,VIIRS,l,2.0NRT,320.77,438.15,D,2026-07-24 18:06:10,2026-07-24 15:55:00,,
44.85468,-1.09914,367.0,0.42,0.61,2026-07-24,1355,N20,VIIRS,h,2.0NRT,299.39,71.39,D,2026-07-24 18:06:10,2026-07-24 15:55:00,,
44.85485,-1.09379,367.0,0.42,0.61,2026-07-24,1355,N20,VIIRS,h,2.0NRT,296.58,71.39,D,2026-07-24 18:06:10,2026-07-24 15:55:00,,
44.85502,-1.0884,351.05,0.42,0.61,2026-07-24,1355,N20,VIIRS,n,2.0NRT,295.3,9.95,D,2026-07-24 18:06:10,2026-07-24 15:55:00,,
44.85519,-1.08302,343.66,0.42,0.61,2026-07-24,1355,N20,VIIRS,n,2.0NRT,294.51,9.95,D,2026-07-24 18:06:10,2026-07-24 15:55:00,,
44.85809,-1.16914,338.82,0.41,0.61,2026-07-24,1355,N20,VIIRS,n,2.0NRT,300.3,11.0,D,2026-07-24 18:06:10,2026-07-24 15:55:00,,
44.85826,-1.16375,330.28,0.41,0.61,2026-07-24,1355,N20,VIIRS,n,2.0NRT,299.29,8.79,D,2026-07-24 18:06:10,2026-07-24 15:55:00,,
44.85965,-1.12091,367.0,0.42,0.61,2026-07-24,1355,N20,VIIRS,h,2.0NRT,303.53,120.04,D,2026-07-24 18:06:10,2026-07-24 15:55:00,,
44.86017,-1.10486,367.0,0.42,0.61,2026-07-24,1355,N20,VIIRS,l,2.0NRT,338.31,144.89,D,2026-07-24 18:06:10,2026-07-24 15:55:00,,
44.86052,-1.09413,355.1,0.42,0.61,2026-07-24,1355,N20,VIIRS,n,2.0NRT,303.13,149.92,D,2026-07-24 18:06:10,2026-07-24 15:55:00,,
44.86069,-1.08877,367.0,0.42,0.61,2026-07-24,1355,N20,VIIRS,h,2.0NRT,296.44,18.34,D,2026-07-24 18:06:10,2026-07-24 15:55:00,,
44.86086,-1.08339,351.08,0.42,0.61,2026-07-24,1355,N20,VIIRS,n,2.0NRT,294.7,18.34,D,2026-07-24 18:06:10,2026-07-24 15:55:00,,
44.86356,-1.17486,352.23,0.41,0.61,2026-07-24,1355,N20,VIIRS,n,2.0NRT,298.92,11.0,D,2026-07-24 18:06:10,2026-07-24 15:55:00,,
44.86373,-1.1695,367.0,0.41,0.61,2026-07-24,1355,N20,VIIRS,h,2.0NRT,304.86,11.0,D,2026-07-24 18:06:10,2026-07-24 15:55:00,,
44.86391,-1.16411,345.02,0.41,0.61,2026-07-24,1355,N20,VIIRS,n,2.0NRT,302.08,8.79,D,2026-07-24 18:06:10,2026-07-24 15:55:00,,
44.86409,-1.1587,355.44,0.41,0.61,2026-07-24,1355,N20,VIIRS,n,2.0NRT,304.65,8.79,D,2026-07-24 18:06:10,2026-07-24 15:55:00,,
44.86427,-1.15328,349.23,0.42,0.61,2026-07-24,1355,N20,VIIRS,n,2.0NRT,302.08,13.41,D,2026-07-24 18:06:10,2026-07-24 15:55:00,,
44.86567,-1.11055,353.33,0.42,0.61,2026-07-24,1355,N20,VIIRS,n,2.0NRT,301.65,144.89,D,2026-07-24 18:06:10,2026-07-24 15:55:00,,
44.86584,-1.10521,367.0,0.42,0.61,2026-07-24,1355,N20,VIIRS,h,2.0NRT,304.78,144.89,D,2026-07-24 18:06:10,2026-07-24 15:55:00,,
44.86601,-1.09984,352.2,0.42,0.61,2026-07-24,1355,N20,VIIRS,n,2.0NRT,308.8,149.92,D,2026-07-24 18:06:10,2026-07-24 15:55:00,,
44.86619,-1.09444,367.0,0.42,0.61,2026-07-24,1355,N20,VIIRS,h,2.0NRT,300.19,149.92,D,2026-07-24 18:06:10,2026-07-24 15:55:00,,
44.86636,-1.08905,351.3,0.42,0.61,2026-07-24,1355,N20,VIIRS,n,2.0NRT,294.09,18.34,D,2026-07-24 18:06:10,2026-07-24 15:55:00,,
44.86938,-1.1698,348.46,0.41,0.61,2026-07-24,1355,N20,VIIRS,n,2.0NRT,298.0,12.33,D,2026-07-24 18:06:10,2026-07-24 15:55:00,,
44.86956,-1.16443,367.0,0.41,0.61,2026-07-24,1355,N20,VIIRS,h,2.0NRT,304.06,14.74,D,2026-07-24 18:06:10,2026-07-24 15:55:00,,
44.86974,-1.15908,367.0,0.41,0.61,2026-07-24,1355,N20,VIIRS,h,2.0NRT,305.09,14.74,D,2026-07-24 18:06:10,2026-07-24 15:55:00,,
44.86992,-1.15372,354.78,0.42,0.61,2026-07-24,1355,N20,VIIRS,n,2.0NRT,299.66,12.24,D,2026-07-24 18:06:10,2026-07-24 15:55:00,,
44.87133,-1.11088,367.0,0.42,0.61,2026-07-24,1355,N20,VIIRS,h,2.0NRT,303.75,92.11,D,2026-07-24 18:06:10,2026-07-24 15:55:00,,
44.87168,-1.10015,367.0,0.42,0.61,2026-07-24,1355,N20,VIIRS,h,2.0NRT,297.89,44.99,D,2026-07-24 18:06:10,2026-07-24 15:55:00,,
44.87485,-1.17541,335.35,0.41,0.61,2026-07-24,1355,N20,VIIRS,n,2.0NRT,296.05,12.33,D,2026-07-24 18:06:10,2026-07-24 15:55:00,,
44.87503,-1.17009,367.0,0.41,0.61,2026-07-24,1355,N20,VIIRS,h,2.0NRT,296.31,12.33,D,2026-07-24 18:06:10,2026-07-24 15:55:00,,
44.87521,-1.16472,352.8,0.41,0.61,2026-07-24,1355,N20,VIIRS,n,2.0NRT,294.13,14.74,D,2026-07-24 18:06:10,2026-07-24 15:55:00,,
44.87575,-1.14862,349.94,0.42,0.61,2026-07-24,1355,N20,VIIRS,n,2.0NRT,296.22,12.24,D,2026-07-24 18:06:10,2026-07-24 15:55:00,,
44.8814,-1.14894,339.91,0.42,0.61,2026-07-24,1355,N20,VIIRS,n,2.0NRT,294.9,6.94,D,2026-07-24 18:06:10,2026-07-24 15:55:00,,
44.88284,-1.10616,352.08,0.42,0.61,2026-07-24,1355,N20,VIIRS,n,2.0NRT,303.81,29.68,D,2026-07-24 18:06:10,2026-07-24 15:55:00,,
44.88302,-1.1008,346.68,0.42,0.61,2026-07-24,1355,N20,VIIRS,n,2.0NRT,301.36,20.15,D,2026-07-24 18:06:10,2026-07-24 15:55:00,,
44.88761,-1.13316,342.81,0.42,0.61,2026-07-24,1355,N20,VIIRS,n,2.0NRT,297.55,10.86,D,2026-07-24 18:06:10,2026-07-24 15:55:00,,
44.88778,-1.12782,348.86,0.42,0.61,2026-07-24,1355,N20,VIIRS,n,2.0NRT,297.48,10.86,D,2026-07-24 18:06:10,2026-07-24 15:55:00,,
44.88797,-1.12252,354.19,0.42,0.61,2026-07-24,1355,N20,VIIRS,n,2.0NRT,296.78,26.69,D,2026-07-24 18:06:10,2026-07-24 15:55:00,,
44.88832,-1.11182,367.0,0.42,0.61,2026-07-24,1355,N20,VIIRS,h,2.0NRT,305.04,29.68,D,2026-07-24 18:06:10,2026-07-24 15:55:00,,
44.8885,-1.10647,350.38,0.42,0.61,2026-07-24,1355,N20,VIIRS,n,2.0NRT,311.63,29.68,D,2026-07-24 18:06:10,2026-07-24 15:55:00,,
44.88868,-1.10111,367.0,0.42,0.61,2026-07-24,1355,N20,VIIRS,h,2.0NRT,303.72,20.15,D,2026-07-24 18:06:10,2026-07-24 15:55:00,,
44.88886,-1.09573,352.16,0.42,0.61,2026-07-24,1355,N20,VIIRS,n,2.0NRT,301.92,20.15,D,2026-07-24 18:06:10,2026-07-24 15:55:00,,
44.88905,-1.09032,348.18,0.42,0.61,2026-07-24,1355,N20,VIIRS,n,2.0NRT,300.08,20.01,D,2026-07-24 18:06:10,2026-07-24 15:55:00,,
44.8919,-1.00387,335.15,0.42,0.61,2026-07-24,1355,N20,VIIRS,n,2.0NRT,305.38,4.57,D,2026-07-24 18:06:10,2026-07-24 15:55:00,,
44.89363,-1.12277,367.0,0.42,0.61,2026-07-24,1355,N20,VIIRS,h,2.0NRT,305.42,13.78,D,2026-07-24 18:06:10,2026-07-24 15:55:00,,
44.89381,-1.11742,346.23,0.42,0.61,2026-07-24,1355,N20,VIIRS,n,2.0NRT,299.08,13.78,D,2026-07-24 18:06:10,2026-07-24 15:55:00,,
44.89399,-1.11209,356.17,0.42,0.61,2026-07-24,1355,N20,VIIRS,n,2.0NRT,304.59,25.37,D,2026-07-24 18:06:10,2026-07-24 15:55:00,,
44.89417,-1.10675,353.0,0.42,0.61,2026-07-24,1355,N20,VIIRS,n,2.0NRT,320.3,25.37,D,2026-07-24 18:06:10,2026-07-24 15:55:00,,
44.89435,-1.1014,355.89,0.42,0.61,2026-07-24,1355,N20,VIIRS,n,2.0NRT,311.23,31.07,D,2026-07-24 18:06:10,2026-07-24 15:55:00,,
44.89453,-1.09602,367.0,0.42,0.61,2026-07-24,1355,N20,VIIRS,h,2.0NRT,305.1,31.07,D,2026-07-24 18:06:10,2026-07-24 15:55:00,,
44.89472,-1.09064,367.0,0.42,0.61,2026-07-24,1355,N20,VIIRS,h,2.0NRT,302.4,17.23,D,2026-07-24 18:06:10,2026-07-24 15:55:00,,
44.8949,-1.08524,350.67,0.42,0.61,2026-07-24,1355,N20,VIIRS,n,2.0NRT,301.92,17.23,D,2026-07-24 18:06:10,2026-07-24 15:55:00,,
44.89724,-1.01509,343.54,0.42,0.61,2026-07-24,1355,N20,VIIRS,n,2.0NRT,306.41,71.32,D,2026-07-24 18:06:10,2026-07-24 15:55:00,,
44.89742,-1.00963,367.0,0.42,0.61,2026-07-24,1355,N20,VIIRS,h,2.0NRT,306.27,71.32,D,2026-07-24 18:06:10,2026-07-24 15:55:00,,
44.89759,-1.00419,354.3,0.42,0.61,2026-07-24,1355,N20,VIIRS,n,2.0NRT,322.97,41.67,D,2026-07-24 18:06:10,2026-07-24 15:55:00,,
44.89777,-0.99877,367.0,0.42,0.61,2026-07-24,1355,N20,VIIRS,h,2.0NRT,302.33,41.67,D,2026-07-24 18:06:10,2026-07-24 15:55:00,,
44.89929,-1.12307,343.31,0.42,0.61,2026-07-24,1355,N20,VIIRS,n,2.0NRT,300.01,13.78,D,2026-07-24 18:06:10,2026-07-24 15:55:00,,
44.89948,-1.11772,351.49,0.42,0.61,2026-07-24,1355,N20,VIIRS,n,2.0NRT,302.74,13.78,D,2026-07-24 18:06:10,2026-07-24 15:55:00,,
44.89965,-1.11239,345.06,0.42,0.61,2026-07-24,1355,N20,VIIRS,n,2.0NRT,301.78,25.37,D,2026-07-24 18:06:10,2026-07-24 15:55:00,,
44.89984,-1.10704,367.0,0.42,0.61,2026-07-24,1355,N20,VIIRS,h,2.0NRT,307.46,25.37,D,2026-07-24 18:06:10,2026-07-24 15:55:00,,
44.90002,-1.10168,367.0,0.42,0.61,2026-07-24,1355,N20,VIIRS,h,2.0NRT,308.4,31.07,D,2026-07-24 18:06:10,2026-07-24 15:55:00,,
44.9002,-1.09632,367.0,0.42,0.61,2026-07-24,1355,N20,VIIRS,h,2.0NRT,304.75,31.07,D,2026-07-24 18:06:10,2026-07-24 15:55:00,,
44.90039,-1.09094,367.0,0.42,0.61,2026-07-24,1355,N20,VIIRS,h,2.0NRT,305.41,17.23,D,2026-07-24 18:06:10,2026-07-24 15:55:00,,
44.90057,-1.08557,367.0,0.42,0.61,2026-07-24,1355,N20,VIIRS,h,2.0NRT,307.31,17.23,D,2026-07-24 18:06:10,2026-07-24 15:55:00,,
44.90075,-1.08023,355.33,0.42,0.61,2026-07-24,1355,N20,VIIRS,n,2.0NRT,298.93,31.55,D,2026-07-24 18:06:10,2026-07-24 15:55:00,,
44.90166,-1.05324,344.86,0.42,0.61,2026-07-24,1355,N20,VIIRS,n,2.0NRT,298.43,9.79,D,2026-07-24 18:06:10,2026-07-24 15:55:00,,
44.90257,-1.0262,336.52,0.42,0.61,2026-07-24,1355,N20,VIIRS,n,2.0NRT,299.1,30.61,D,2026-07-24 18:06:10,2026-07-24 15:55:00,,
44.90274,-1.0208,347.51,0.42,0.61,2026-07-24,1355,N20,VIIRS,n,2.0NRT,307.15,30.61,D,2026-07-24 18:06:10,2026-07-24 15:55:00,,
44.90293,-1.01538,367.0,0.42,0.61,2026-07-24,1355,N20,VIIRS,h,2.0NRT,326.26,71.32,D,2026-07-24 18:06:10,2026-07-24 15:55:00,,
44.90311,-1.00994,367.0,0.42,0.61,2026-07-24,1355,N20,VIIRS,l,2.0NRT,325.69,71.32,D,2026-07-24 18:06:10,2026-07-24 15:55:00,,
44.90329,-1.00451,353.17,0.42,0.61,2026-07-24,1355,N20,VIIRS,n,2.0NRT,313.07,41.67,D,2026-07-24 18:06:10,2026-07-24 15:55:00,,
44.90347,-0.9991,346.33,0.42,0.61,2026-07-24,1355,N20,VIIRS,n,2.0NRT,299.39,41.67,D,2026-07-24 18:06:10,2026-07-24 15:55:00,,
44.90514,-1.11803,354.96,0.42,0.61,2026-07-24,1355,N20,VIIRS,n,2.0NRT,307.06,30.24,D,2026-07-24 18:06:10,2026-07-24 15:55:00,,
44.90532,-1.11269,367.0,0.42,0.61,2026-07-24,1355,N20,VIIRS,h,2.0NRT,308.83,27.0,D,2026-07-24 18:06:10,2026-07-24 15:55:00,,
44.90551,-1.10735,367.0,0.42,0.61,2026-07-24,1355,N20,VIIRS,h,2.0NRT,305.43,27.0,D,2026-07-24 18:06:10,2026-07-24 15:55:00,,
44.90569,-1.10199,367.0,0.42,0.61,2026-07-24,1355,N20,VIIRS,h,2.0NRT,306.17,22.49,D,2026-07-24 18:06:10,2026-07-24 15:55:00,,
44.90588,-1.09662,367.0,0.42,0.61,2026-07-24,1355,N20,VIIRS,h,2.0NRT,313.27,22.49,D,2026-07-24 18:06:10,2026-07-24 15:55:00,,
44.90606,-1.09126,367.0,0.42,0.61,2026-07-24,1355,N20,VIIRS,h,2.0NRT,305.21,23.13,D,2026-07-24 18:06:10,2026-07-24 15:55:00,,
44.90624,-1.0859,367.0,0.42,0.61,2026-07-24,1355,N20,VIIRS,h,2.0NRT,307.11,23.13,D,2026-07-24 18:06:10,2026-07-24 15:55:00,,
44.90643,-1.08051,347.44,0.42,0.61,2026-07-24,1355,N20,VIIRS,n,2.0NRT,300.34,22.45,D,2026-07-24 18:06:10,2026-07-24 15:55:00,,
44.90661,-1.07512,348.0,0.42,0.61,2026-07-24,1355,N20,VIIRS,n,2.0NRT,301.38,22.45,D,2026-07-24 18:06:10,2026-07-24 15:55:00,,
44.90679,-1.06976,348.59,0.42,0.61,2026-07-24,1355,N20,VIIRS,n,2.0NRT,300.71,29.09,D,2026-07-24 18:06:10,2026-07-24 15:55:00,,
44.90698,-1.06436,345.8,0.42,0.61,2026-07-24,1355,N20,VIIRS,n,2.0NRT,299.54,29.09,D,2026-07-24 18:06:10,2026-07-24 15:55:00,,
44.90734,-1.05352,344.01,0.42,0.61,2026-07-24,1355,N20,VIIRS,n,2.0NRT,311.29,70.04,D,2026-07-24 18:06:10,2026-07-24 15:55:00,,
44.90753,-1.04811,367.0,0.42,0.61,2026-07-24,1355,N20,VIIRS,h,2.0NRT,304.19,46.9,D,2026-07-24 18:06:10,2026-07-24 15:55:00,,
44.90826,-1.02651,345.63,0.42,0.61,2026-07-24,1355,N20,VIIRS,n,2.0NRT,301.99,63.37,D,2026-07-24 18:06:10,2026-07-24 15:55:00,,
44.90844,-1.0211,343.9,0.42,0.61,2026-07-24,1355,N20,VIIRS,n,2.0NRT,310.52,63.37,D,2026-07-24 18:06:10,2026-07-24 15:55:00,,
44.90862,-1.01569,367.0,0.42,0.61,2026-07-24,1355,N20,VIIRS,h,2.0NRT,304.45,46.23,D,2026-07-24 18:06:10,2026-07-24 15:55:00,,
44.90881,-1.01027,345.03,0.42,0.61,2026-07-24,1355,N20,VIIRS,n,2.0NRT,297.68,46.23,D,2026-07-24 18:06:10,2026-07-24 15:55:00,,
44.9108,-1.11837,354.78,0.42,0.61,2026-07-24,1355,N20,VIIRS,n,2.0NRT,304.2,30.24,D,2026-07-24 18:06:10,2026-07-24 15:55:00,,
44.91099,-1.11301,355.86,0.42,0.61,2026-07-24,1355,N20,VIIRS,n,2.0NRT,309.07,27.0,D,2026-07-24 18:06:10,2026-07-24 15:55:00,,
44.91117,-1.10766,367.0,0.42,0.61,2026-07-24,1355,N20,VIIRS,h,2.0NRT,306.76,27.0,D,2026-07-24 18:06:10,2026-07-24 15:55:00,,
44.91136,-1.10228,367.0,0.42,0.61,2026-07-24,1355,N20,VIIRS,h,2.0NRT,306.58,22.49,D,2026-07-24 18:06:10,2026-07-24 15:55:00,,
44.91154,-1.0969,367.0,0.42,0.61,2026-07-24,1355,N20,VIIRS,h,2.0NRT,308.44,22.49,D,2026-07-24 18:06:10,2026-07-24 15:55:00,,
44.91173,-1.09152,367.0,0.42,0.61,2026-07-24,1355,N20,VIIRS,h,2.0NRT,307.45,23.13,D,2026-07-24 18:06:10,2026-07-24 15:55:00,,
44.91191,-1.08615,367.0,0.42,0.61,2026-07-24,1355,N20,VIIRS,h,2.0NRT,305.79,23.13,D,2026-07-24 18:06:10,2026-07-24 15:55:00,,
44.9121,-1.08075,367.0,0.42,0.61,2026-07-24,1355,N20,VIIRS,h,2.0NRT,309.73,22.45,D,2026-07-24 18:06:10,2026-07-24 15:55:00,,
44.91229,-1.07535,367.0,0.42,0.61,2026-07-24,1355,N20,VIIRS,h,2.0NRT,309.02,22.45,D,2026-07-24 18:06:10,2026-07-24 15:55:00,,
44.91247,-1.06995,367.0,0.42,0.61,2026-07-24,1355,N20,VIIRS,h,2.0NRT,309.0,29.09,D,2026-07-24 18:06:10,2026-07-24 15:55:00,,
44.91266,-1.06456,354.89,0.42,0.61,2026-07-24,1355,N20,VIIRS,n,2.0NRT,307.86,29.09,D,2026-07-24 18:06:10,2026-07-24 15:55:00,,
44.91285,-1.05919,367.0,0.42,0.61,2026-07-24,1355,N20,VIIRS,h,2.0NRT,302.52,70.04,D,2026-07-24 18:06:10,2026-07-24 15:55:00,,
44.91302,-1.0538,367.0,0.42,0.61,2026-07-24,1355,N20,VIIRS,h,2.0NRT,296.86,70.04,D,2026-07-24 18:06:10,2026-07-24 15:55:00,,
44.91321,-1.0484,342.35,0.42,0.61,2026-07-24,1355,N20,VIIRS,n,2.0NRT,295.27,46.9,D,2026-07-24 18:06:10,2026-07-24 15:55:00,,
44.91665,-1.11331,367.0,0.42,0.61,2026-07-24,1355,N20,VIIRS,h,2.0NRT,299.63,59.64,D,2026-07-24 18:06:10,2026-07-24 15:55:00,,
44.91684,-1.10795,352.04,0.42,0.61,2026-07-24,1355,N20,VIIRS,n,2.0NRT,310.25,59.64,D,2026-07-24 18:06:10,2026-07-24 15:55:00,,
44.91703,-1.1026,367.0,0.42,0.61,2026-07-24,1355,N20,VIIRS,h,2.0NRT,307.0,126.31,D,2026-07-24 18:06:10,2026-07-24 15:55:00,,
44.9174,-1.09184,367.0,0.42,0.61,2026-07-24,1355,N20,VIIRS,l,2.0NRT,331.42,78.73,D,2026-07-24 18:06:10,2026-07-24 15:55:00,,
44.91759,-1.08646,353.62,0.42,0.61,2026-07-24,1355,N20,VIIRS,n,2.0NRT,312.56,78.73,D,2026-07-24 18:06:10,2026-07-24 15:55:00,,
44.91777,-1.08106,346.59,0.42,0.61,2026-07-24,1355,N20,VIIRS,n,2.0NRT,313.12,70.56,D,2026-07-24 18:06:10,2026-07-24 15:55:00,,
44.91796,-1.07566,350.83,0.42,0.61,2026-07-24,1355,N20,VIIRS,n,2.0NRT,313.92,70.56,D,2026-07-24 18:06:10,2026-07-24 15:55:00,,
44.91815,-1.0703,351.96,0.42,0.61,2026-07-24,1355,N20,VIIRS,n,2.0NRT,305.74,65.36,D,2026-07-24 18:06:10,2026-07-24 15:55:00,,
44.91833,-1.06492,367.0,0.42,0.61,2026-07-24,1355,N20,VIIRS,h,2.0NRT,298.29,65.36,D,2026-07-24 18:06:10,2026-07-24 15:55:00,,
44.91852,-1.05953,346.98,0.42,0.61,2026-07-24,1355,N20,VIIRS,n,2.0NRT,294.46,11.89,D,2026-07-24 18:06:10,2026-07-24 15:55:00,,
44.91871,-1.05414,338.47,0.42,0.61,2026-07-24,1355,N20,VIIRS,n,2.0NRT,293.93,11.89,D,2026-07-24 18:06:10,2026-07-24 15:55:00,,
44.9227,-1.10292,355.45,0.42,0.61,2026-07-24,1355,N20,VIIRS,n,2.0NRT,315.62,126.31,D,2026-07-24 18:06:10,2026-07-24 15:55:00,,
44.92307,-1.09218,367.0,0.42,0.61,2026-07-24,1355,N20,VIIRS,l,2.0NRT,326.38,78.73,D,2026-07-24 18:06:10,2026-07-24 15:55:00,,
44.92326,-1.08678,351.43,0.42,0.61,2026-07-24,1355,N20,VIIRS,n,2.0NRT,309.74,78.73,D,2026-07-24 18:06:10,2026-07-24 15:55:00,,
44.92345,-1.08138,367.0,0.42,0.61,2026-07-24,1355,N20,VIIRS,h,2.0NRT,297.8,70.56,D,2026-07-24 18:06:10,2026-07-24 15:55:00,,
44.92836,-1.10325,367.0,0.42,0.61,2026-07-24,1355,N20,VIIRS,h,2.0NRT,298.85,16.44,D,2026-07-24 18:06:10,2026-07-24 15:55:00,,
44.92855,-1.09787,367.0,0.42,0.61,2026-07-24,1355,N20,VIIRS,h,2.0NRT,296.49,16.44,D,2026-07-24 18:06:10,2026-07-24 15:55:00,,
44.78643,-1.11043,,1.51,1.21,2026-07-24,347,Aqua,MODIS,100,6.1NRT,,42.64,N,2026-07-24 18:07:11,2026-07-24 05:47:00,325.7,291.88
44.78823,-1.12899,,1.51,1.21,2026-07-24,347,Aqua,MODIS,100,6.1NRT,,253.16,N,2026-07-24 18:07:11,2026-07-24 05:47:00,376.47,301.67
44.79004,-1.14762,,1.51,1.21,2026-07-24,347,Aqua,MODIS,100,6.1NRT,,66.13,N,2026-07-24 18:07:11,2026-07-24 05:47:00,336.18,295.04
44.79184,-1.16621,,1.52,1.22,2026-07-24,347,Aqua,MODIS,56,6.1NRT,,8.41,N,2026-07-24 18:07:11,2026-07-24 05:47:00,305.19,294.09
44.79364,-1.18482,,1.52,1.22,2026-07-24,347,Aqua,MODIS,100,6.1NRT,,62.88,N,2026-07-24 18:07:11,2026-07-24 05:47:00,335.16,299.52
44.79544,-1.2035,,1.53,1.22,2026-07-24,347,Aqua,MODIS,100,6.1NRT,,170.86,N,2026-07-24 18:07:11,2026-07-24 05:47:00,362.88,311.04
44.79703,-1.1084,,1.51,1.21,2026-07-24,347,Aqua,MODIS,100,6.1NRT,,130.49,N,2026-07-24 18:07:11,2026-07-24 05:47:00,354.49,301.87
44.79726,-1.22228,,1.53,1.22,2026-07-24,347,Aqua,MODIS,100,6.1NRT,,258.85,N,2026-07-24 18:07:11,2026-07-24 05:47:00,376.87,311.77
44.79885,-1.12697,,1.51,1.21,2026-07-24,347,Aqua,MODIS,100,6.1NRT,,132.79,N,2026-07-24 18:07:11,2026-07-24 05:47:00,355.34,304.87
44.80247,-1.16415,,1.52,1.22,2026-07-24,347,Aqua,MODIS,90,6.1NRT,,34.63,N,2026-07-24 18:07:11,2026-07-24 05:47:00,324.19,299.5
44.80429,-1.18276,,1.52,1.22,2026-07-24,347,Aqua,MODIS,100,6.1NRT,,399.52,N,2026-07-24 18:07:11,2026-07-24 05:47:00,393.94,316.82
44.80581,-1.08785,,1.5,1.21,2026-07-24,347,Aqua,MODIS,100,6.1NRT,,83.65,N,2026-07-24 18:07:11,2026-07-24 05:47:00,341.87,294.38
44.8061,-1.20145,,1.53,1.22,2026-07-24,347,Aqua,MODIS,100,6.1NRT,,859.49,N,2026-07-24 18:07:11,2026-07-24 05:47:00,427.91,321.87
44.80763,-1.10635,,1.51,1.21,2026-07-24,347,Aqua,MODIS,100,6.1NRT,,134.68,N,2026-07-24 18:07:11,2026-07-24 05:47:00,356.22,303.67
44.80793,-1.22026,,1.53,1.22,2026-07-24,347,Aqua,MODIS,100,6.1NRT,,161.54,N,2026-07-24 18:07:11,2026-07-24 05:47:00,360.91,298.13
44.80946,-1.12492,,1.51,1.21,2026-07-24,347,Aqua,MODIS,100,6.1NRT,,73.38,N,2026-07-24 18:07:11,2026-07-24 05:47:00,340.65,304.7
44.81129,-1.14354,,1.51,1.21,2026-07-24,347,Aqua,MODIS,47,6.1NRT,,19.23,N,2026-07-24 18:07:11,2026-07-24 05:47:00,317.54,298.17
44.81311,-1.16212,,1.52,1.22,2026-07-24,347,Aqua,MODIS,100,6.1NRT,,44.93,N,2026-07-24 18:07:11,2026-07-24 05:47:00,329.78,299.05
44.81494,-1.18074,,1.52,1.22,2026-07-24,347,Aqua,MODIS,100,6.1NRT,,521.72,N,2026-07-24 18:07:11,2026-07-24 05:47:00,405.12,308.32
44.81639,-1.0858,,1.5,1.21,2026-07-24,347,Aqua,MODIS,100,6.1NRT,,76.6,N,2026-07-24 18:07:11,2026-07-24 05:47:00,340.07,295.53
44.81676,-1.19944,,1.53,1.22,2026-07-24,347,Aqua,MODIS,100,6.1NRT,,100.6,N,2026-07-24 18:07:11,2026-07-24 05:47:00,347.12,295.6
44.82007,-1.12289,,1.51,1.21,2026-07-24,347,Aqua,MODIS,100,6.1NRT,,30.8,N,2026-07-24 18:07:11,2026-07-24 05:47:00,322.85,300.36
44.82375,-1.16011,,1.52,1.22,2026-07-24,347,Aqua,MODIS,99,6.1NRT,,27.27,N,2026-07-24 18:07:11,2026-07-24 05:47:00,319.61,295.21
44.82514,-1.06529,,1.5,1.21,2026-07-24,347,Aqua,MODIS,100,6.1NRT,,90.21,N,2026-07-24 18:07:11,2026-07-24 05:47:00,344.39,295.8
44.82698,-1.08376,,1.5,1.21,2026-07-24,347,Aqua,MODIS,100,6.1NRT,,57.76,N,2026-07-24 18:07:11,2026-07-24 05:47:00,334.21,296.55
44.83572,-1.06327,,1.5,1.21,2026-07-24,347,Aqua,MODIS,100,6.1NRT,,124.55,N,2026-07-24 18:07:11,2026-07-24 05:47:00,353.96,299.17
44.83758,-1.08175,,1.5,1.21,2026-07-24,347,Aqua,MODIS,41,6.1NRT,,19.97,N,2026-07-24 18:07:11,2026-07-24 05:47:00,317.02,297.38
44.84443,-1.0428,,1.5,1.21,2026-07-24,347,Aqua,MODIS,98,6.1NRT,,48.12,N,2026-07-24 18:07:11,2026-07-24 05:47:00,329.26,293.77
44.8463,-1.06125,,1.5,1.21,2026-07-24,347,Aqua,MODIS,100,6.1NRT,,224.14,N,2026-07-24 18:07:11,2026-07-24 05:47:00,372.89,302.66
44.855,-1.0408,,1.5,1.21,2026-07-24,347,Aqua,MODIS,100,6.1NRT,,104.97,N,2026-07-24 18:07:11,2026-07-24 05:47:00,348.9,297.57
44.85566,-1.15405,,1.52,1.22,2026-07-24,347,Aqua,MODIS,100,6.1NRT,,86.2,N,2026-07-24 18:07:11,2026-07-24 05:47:00,343.1,295.0
44.85753,-1.17263,,1.52,1.22,2026-07-24,347,Aqua,MODIS,100,6.1NRT,,35.03,N,2026-07-24 18:07:11,2026-07-24 05:47:00,322.81,293.13
44.85862,-1.03325,,1.5,1.21,2026-07-24,347,Aqua,MODIS,79,6.1NRT,,43.03,N,2026-07-24 18:07:11,2026-07-24 05:47:00,327.59,292.98
44.8604,-1.0517,,1.5,1.21,2026-07-24,347,Aqua,MODIS,70,6.1NRT,,34.18,N,2026-07-24 18:07:11,2026-07-24 05:47:00,324.55,295.79
44.86253,-1.11479,,1.51,1.21,2026-07-24,347,Aqua,MODIS,100,6.1NRT,,328.55,N,2026-07-24 18:07:11,2026-07-24 05:47:00,387.11,312.74
44.86399,-1.08873,,1.51,1.21,2026-07-24,347,Aqua,MODIS,78,6.1NRT,,18.36,N,2026-07-24 18:07:11,2026-07-24 05:47:00,318.38,295.16
44.86442,-1.13341,,1.51,1.21,2026-07-24,347,Aqua,MODIS,100,6.1NRT,,345.8,N,2026-07-24 18:07:11,2026-07-24 05:47:00,388.62,314.78
44.86578,-1.10733,,1.51,1.21,2026-07-24,347,Aqua,MODIS,100,6.1NRT,,298.51,N,2026-07-24 18:07:11,2026-07-24 05:47:00,383.64,308.18
44.8663,-1.15203,,1.52,1.22,2026-07-24,347,Aqua,MODIS,100,6.1NRT,,135.98,N,2026-07-24 18:07:11,2026-07-24 05:47:00,355.93,298.15
44.86758,-1.12597,,1.51,1.21,2026-07-24,347,Aqua,MODIS,100,6.1NRT,,672.88,N,2026-07-24 18:07:11,2026-07-24 05:47:00,416.86,326.46
44.86818,-1.17063,,1.52,1.22,2026-07-24,347,Aqua,MODIS,89,6.1NRT,,21.32,N,2026-07-24 18:07:11,2026-07-24 05:47:00,314.7,292.96
44.86937,-1.14462,,1.52,1.22,2026-07-24,347,Aqua,MODIS,100,6.1NRT,,292.85,N,2026-07-24 18:07:11,2026-07-24 05:47:00,381.76,304.51
44.87125,-1.09422,,1.51,1.21,2026-07-24,347,Aqua,MODIS,100,6.1NRT,,219.0,N,2026-07-24 18:07:11,2026-07-24 05:47:00,372.76,313.52
44.87315,-1.11278,,1.51,1.21,2026-07-24,347,Aqua,MODIS,100,6.1NRT,,470.36,N,2026-07-24 18:07:11,2026-07-24 05:47:00,401.59,327.12
44.87459,-1.08673,,1.51,1.21,2026-07-24,347,Aqua,MODIS,100,6.1NRT,,184.08,N,2026-07-24 18:07:11,2026-07-24 05:47:00,366.45,303.43
44.87505,-1.13141,,1.51,1.21,2026-07-24,347,Aqua,MODIS,100,6.1NRT,,363.82,N,2026-07-24 18:07:11,2026-07-24 05:47:00,390.6,310.35
44.8764,-1.1053,,1.51,1.21,2026-07-24,347,Aqua,MODIS,100,6.1NRT,,963.74,N,2026-07-24 18:07:11,2026-07-24 05:47:00,434.48,328.27
44.87694,-1.15002,,1.52,1.22,2026-07-24,347,Aqua,MODIS,97,6.1NRT,,33.0,N,2026-07-24 18:07:11,2026-07-24 05:47:00,322.2,293.3
44.8782,-1.12396,,1.51,1.21,2026-07-24,347,Aqua,MODIS,100,6.1NRT,,426.21,N,2026-07-24 18:07:11,2026-07-24 05:47:00,396.61,310.69
44.88001,-1.14262,,1.52,1.22,2026-07-24,347,Aqua,MODIS,70,6.1NRT,,12.21,N,2026-07-24 18:07:11,2026-07-24 05:47:00,306.86,293.87
44.88338,-1.06614,,1.5,1.21,2026-07-24,347,Aqua,MODIS,100,6.1NRT,,112.4,N,2026-07-24 18:07:11,2026-07-24 05:47:00,351.89,305.57
44.88519,-1.08469,,1.51,1.21,2026-07-24,347,Aqua,MODIS,100,6.1NRT,,647.03,N,2026-07-24 18:07:11,2026-07-24 05:47:00,415.43,327.18
44.88701,-1.10328,,1.51,1.21,2026-07-24,347,Aqua,MODIS,100,6.1NRT,,1563.51,N,2026-07-24 18:07:11,2026-07-24 05:47:00,460.44,332.5
44.8885,-1.00878,,1.49,1.21,2026-07-24,347,Aqua,MODIS,89,6.1NRT,,39.35,N,2026-07-24 18:07:11,2026-07-24 05:47:00,324.57,292.19
44.88883,-1.12193,,1.51,1.21,2026-07-24,347,Aqua,MODIS,100,6.1NRT,,106.88,N,2026-07-24 18:07:11,2026-07-24 05:47:00,348.55,294.75
44.89397,-1.06412,,1.5,1.21,2026-07-24,347,Aqua,MODIS,100,6.1NRT,,544.37,N,2026-07-24 18:07:11,2026-07-24 05:47:00,407.63,323.34
44.8958,-1.08267,,1.51,1.21,2026-07-24,347,Aqua,MODIS,100,6.1NRT,,1080.4,N,2026-07-24 18:07:11,2026-07-24 05:47:00,440.36,324.65
44.89762,-1.10128,,1.51,1.21,2026-07-24,347,Aqua,MODIS,100,6.1NRT,,112.3,N,2026-07-24 18:07:11,2026-07-24 05:47:00,350.24,294.13
44.89906,-1.00675,,1.49,1.21,2026-07-24,347,Aqua,MODIS,100,6.1NRT,,59.14,N,2026-07-24 18:07:11,2026-07-24 05:47:00,332.71,296.0
44.90273,-1.04363,,1.5,1.21,2026-07-24,347,Aqua,MODIS,99,6.1NRT,,43.31,N,2026-07-24 18:07:11,2026-07-24 05:47:00,326.83,294.94
44.90456,-1.0621,,1.5,1.21,2026-07-24,347,Aqua,MODIS,100,6.1NRT,,232.61,N,2026-07-24 18:07:11,2026-07-24 05:47:00,373.68,301.58
44.9064,-1.08067,,1.51,1.21,2026-07-24,347,Aqua,MODIS,100,6.1NRT,,82.12,N,2026-07-24 18:07:11,2026-07-24 05:47:00,341.38,291.44
44.91331,-1.04162,,1.5,1.21,2026-07-24,347,Aqua,MODIS,89,6.1NRT,,28.07,N,2026-07-24 18:07:11,2026-07-24 05:47:00,317.42,290.1
44.37356,-1.12615,,1.49,1.21,2026-07-24,349,Aqua,MODIS,96,6.1NRT,,28.18,N,2026-07-24 18:07:11,2026-07-24 05:49:00,317.87,295.16
44.37539,-1.14435,,1.49,1.21,2026-07-24,349,Aqua,MODIS,100,6.1NRT,,199.69,N,2026-07-24 18:07:11,2026-07-24 05:49:00,368.58,312.29
44.38225,-1.10594,,1.49,1.2,2026-07-24,349,Aqua,MODIS,100,6.1NRT,,64.47,N,2026-07-24 18:07:11,2026-07-24 05:49:00,334.67,296.62
44.3841,-1.12411,,1.49,1.21,2026-07-24,349,Aqua,MODIS,100,6.1NRT,,135.08,N,2026-07-24 18:07:11,2026-07-24 05:49:00,356.09,308.26
44.38595,-1.14233,,1.49,1.21,2026-07-24,349,Aqua,MODIS,100,6.1NRT,,186.84,N,2026-07-24 18:07:11,2026-07-24 05:49:00,366.41,309.26
44.3878,-1.16061,,1.5,1.21,2026-07-24,349,Aqua,MODIS,100,6.1NRT,,84.57,N,2026-07-24 18:07:11,2026-07-24 05:49:00,342.47,297.87
44.39278,-1.10391,,1.49,1.2,2026-07-24,349,Aqua,MODIS,100,6.1NRT,,84.59,N,2026-07-24 18:07:11,2026-07-24 05:49:00,342.06,302.82
44.39465,-1.12209,,1.49,1.21,2026-07-24,349,Aqua,MODIS,100,6.1NRT,,139.31,N,2026-07-24 18:07:11,2026-07-24 05:49:00,357.59,314.03
44.3965,-1.14031,,1.49,1.21,2026-07-24,349,Aqua,MODIS,100,6.1NRT,,133.9,N,2026-07-24 18:07:11,2026-07-24 05:49:00,355.53,308.22
44.39837,-1.1586,,1.5,1.21,2026-07-24,349,Aqua,MODIS,67,6.1NRT,,11.26,N,2026-07-24 18:07:11,2026-07-24 05:49:00,306.05,294.07
44.40332,-1.10194,,1.49,1.2,2026-07-24,349,Aqua,MODIS,100,6.1NRT,,38.62,N,2026-07-24 18:07:11,2026-07-24 05:49:00,323.41,298.01
44.40519,-1.12008,,1.49,1.21,2026-07-24,349,Aqua,MODIS,100,6.1NRT,,76.37,N,2026-07-24 18:07:11,2026-07-24 05:49:00,339.63,307.59
44.40706,-1.13832,,1.49,1.21,2026-07-24,349,Aqua,MODIS,100,6.1NRT,,123.75,N,2026-07-24 18:07:11,2026-07-24 05:49:00,353.19,308.59
44.40894,-1.15661,,1.5,1.21,2026-07-24,349,Aqua,MODIS,39,6.1NRT,,10.54,N,2026-07-24 18:07:11,2026-07-24 05:49:00,306.04,293.99
44.40898,-1.09535,,1.49,1.2,2026-07-24,349,Aqua,MODIS,100,6.1NRT,,72.4,N,2026-07-24 18:07:11,2026-07-24 05:49:00,337.88,296.33
44.41076,-1.1135,,1.49,1.21,2026-07-24,349,Aqua,MODIS,100,6.1NRT,,97.96,N,2026-07-24 18:07:11,2026-07-24 05:49:00,346.29,306.3
44.41198,-1.08181,,1.48,1.2,2026-07-24,349,Aqua,MODIS,69,6.1NRT,,15.86,N,2026-07-24 18:07:11,2026-07-24 05:49:00,306.84,289.54
44.41254,-1.13175,,1.49,1.21,2026-07-24,349,Aqua,MODIS,100,6.1NRT,,137.27,N,2026-07-24 18:07:11,2026-07-24 05:49:00,356.44,309.7
44.41386,-1.09994,,1.49,1.2,2026-07-24,349,Aqua,MODIS,100,6.1NRT,,159.62,N,2026-07-24 18:07:11,2026-07-24 05:49:00,360.53,307.34
44.41433,-1.15005,,1.5,1.21,2026-07-24,349,Aqua,MODIS,100,6.1NRT,,91.6,N,2026-07-24 18:07:11,2026-07-24 05:49:00,344.67,297.33
44.41574,-1.1181,,1.49,1.21,2026-07-24,349,Aqua,MODIS,100,6.1NRT,,84.71,N,2026-07-24 18:07:11,2026-07-24 05:49:00,342.36,307.31
44.41763,-1.13634,,1.49,1.21,2026-07-24,349,Aqua,MODIS,100,6.1NRT,,104.55,N,2026-07-24 18:07:11,2026-07-24 05:49:00,348.45,304.8
44.41951,-1.15461,,1.5,1.21,2026-07-24,349,Aqua,MODIS,100,6.1NRT,,43.11,N,2026-07-24 18:07:11,2026-07-24 05:49:00,327.25,294.02
44.41951,-1.09332,,1.49,1.2,2026-07-24,349,Aqua,MODIS,100,6.1NRT,,116.31,N,2026-07-24 18:07:11,2026-07-24 05:49:00,350.93,297.25
44.4213,-1.1115,,1.49,1.21,2026-07-24,349,Aqua,MODIS,100,6.1NRT,,124.72,N,2026-07-24 18:07:11,2026-07-24 05:49:00,353.45,304.96
44.4231,-1.12977,,1.49,1.21,2026-07-24,349,Aqua,MODIS,100,6.1NRT,,214.19,N,2026-07-24 18:07:11,2026-07-24 05:49:00,370.85,306.52
44.4249,-1.14805,,1.5,1.21,2026-07-24,349,Aqua,MODIS,100,6.1NRT,,262.14,N,2026-07-24 18:07:11,2026-07-24 05:49:00,378.0,300.22
44.43185,-1.10951,,1.49,1.21,2026-07-24,349,Aqua,MODIS,100,6.1NRT,,88.5,N,2026-07-24 18:07:11,2026-07-24 05:49:00,342.77,303.23
44.43366,-1.12778,,1.49,1.21,2026-07-24,349,Aqua,MODIS,100,6.1NRT,,367.18,N,2026-07-24 18:07:11,2026-07-24 05:49:00,391.07,311.8
44.43546,-1.14605,,1.5,1.21,2026-07-24,349,Aqua,MODIS,100,6.1NRT,,407.23,N,2026-07-24 18:07:11,2026-07-24 05:49:00,395.07,302.82
44.4424,-1.10752,,1.49,1.21,2026-07-24,349,Aqua,MODIS,85,6.1NRT,,21.66,N,2026-07-24 18:07:11,2026-07-24 05:49:00,312.52,292.38
44.44421,-1.12577,,1.49,1.21,2026-07-24,349,Aqua,MODIS,82,6.1NRT,,19.42,N,2026-07-24 18:07:11,2026-07-24 05:49:00,311.41,292.0
44.78325,-1.13558,,1.51,1.21,2026-07-24,349,Aqua,MODIS,100,6.1NRT,,64.36,N,2026-07-24 18:07:11,2026-07-24 05:49:00,334.94,294.4
44.78479,-1.20551,,1.53,1.22,2026-07-24,349,Aqua,MODIS,98,6.1NRT,,27.36,N,2026-07-24 18:07:11,2026-07-24 05:49:00,318.93,295.23
44.78659,-1.22432,,1.53,1.22,2026-07-24,349,Aqua,MODIS,100,6.1NRT,,88.55,N,2026-07-24 18:07:11,2026-07-24 05:49:00,343.31,296.73
44.78893,-1.19131,,1.52,1.22,2026-07-24,349,Aqua,MODIS,93,6.1NRT,,23.75,N,2026-07-24 18:07:11,2026-07-24 05:49:00,316.49,297.15
44.79082,-1.20998,,1.53,1.22,2026-07-24,349,Aqua,MODIS,100,6.1NRT,,99.82,N,2026-07-24 18:07:11,2026-07-24 05:49:00,346.75,309.28
44.38591,-1.11183,,3.23,1.7,2026-07-24,1006,Terra,MODIS,55,6.1NRT,,145.89,D,2026-07-24 18:07:11,2026-07-24 12:06:00,334.89,305.09
44.38644,-1.11664,,3.23,1.7,2026-07-24,1006,Terra,MODIS,44,6.1NRT,,148.03,D,2026-07-24 18:07:11,2026-07-24 12:06:00,335.3,305.72
44.42361,-1.13464,,3.21,1.7,2026-07-24,1006,Terra,MODIS,88,6.1NRT,,264.98,D,2026-07-24 18:07:11,2026-07-24 12:06:00,347.14,307.12
44.42393,-1.13944,,3.21,1.7,2026-07-24,1006,Terra,MODIS,88,6.1NRT,,271.58,D,2026-07-24 18:07:11,2026-07-24 12:06:00,348.56,306.66
44.79699,-1.21053,,3.09,1.67,2026-07-24,1006,Terra,MODIS,0,6.1NRT,,207.1,D,2026-07-24 18:07:11,2026-07-24 12:06:00,345.71,301.24
44.80075,-1.17298,,3.11,1.67,2026-07-24,1006,Terra,MODIS,46,6.1NRT,,114.92,D,2026-07-24 18:07:11,2026-07-24 12:06:00,333.94,303.2
44.80975,-1.20902,,3.09,1.67,2026-07-24,1006,Terra,MODIS,0,6.1NRT,,298.19,D,2026-07-24 18:07:11,2026-07-24 12:06:00,353.63,300.06
44.81088,-1.20367,,3.09,1.67,2026-07-24,1006,Terra,MODIS,70,6.1NRT,,287.33,D,2026-07-24 18:07:11,2026-07-24 12:06:00,353.5,300.58
44.81465,-1.16596,,3.11,1.67,2026-07-24,1006,Terra,MODIS,18,6.1NRT,,117.19,D,2026-07-24 18:07:11,2026-07-24 12:06:00,334.39,301.72
44.82983,-1.03108,,3.16,1.68,2026-07-24,1006,Terra,MODIS,67,6.1NRT,,189.79,D,2026-07-24 18:07:11,2026-07-24 12:06:00,341.7,301.76
44.83904,-1.06747,,3.14,1.68,2026-07-24,1006,Terra,MODIS,100,6.1NRT,,474.84,D,2026-07-24 18:07:11,2026-07-24 12:06:00,365.6,303.52
44.8573,-1.13978,,3.11,1.67,2026-07-24,1006,Terra,MODIS,42,6.1NRT,,160.42,D,2026-07-24 18:07:11,2026-07-24 12:06:00,340.23,301.1
44.86213,-1.09671,,3.13,1.68,2026-07-24,1006,Terra,MODIS,92,6.1NRT,,342.68,D,2026-07-24 18:07:11,2026-07-24 12:06:00,357.08,309.27
44.86225,-1.08926,,3.13,1.68,2026-07-24,1006,Terra,MODIS,87,6.1NRT,,290.0,D,2026-07-24 18:07:11,2026-07-24 12:06:00,352.4,308.88
44.87119,-1.13278,,3.11,1.67,2026-07-24,1006,Terra,MODIS,81,6.1NRT,,295.4,D,2026-07-24 18:07:11,2026-07-24 12:06:00,353.52,306.57
44.8715,-1.12524,,3.11,1.67,2026-07-24,1006,Terra,MODIS,100,6.1NRT,,455.86,D,2026-07-24 18:07:11,2026-07-24 12:06:00,363.98,309.06
44.87605,-1.08964,,3.13,1.68,2026-07-24,1006,Terra,MODIS,70,6.1NRT,,285.39,D,2026-07-24 18:07:11,2026-07-24 12:06:00,351.95,309.46
44.87618,-1.08223,,3.13,1.68,2026-07-24,1006,Terra,MODIS,93,6.1NRT,,261.32,D,2026-07-24 18:07:11,2026-07-24 12:06:00,349.25,309.15
44.88508,-1.12572,,3.11,1.67,2026-07-24,1006,Terra,MODIS,43,6.1NRT,,170.68,D,2026-07-24 18:07:11,2026-07-24 12:06:00,340.48,302.69
44.88541,-1.11825,,3.11,1.67,2026-07-24,1006,Terra,MODIS,96,6.1NRT,,301.41,D,2026-07-24 18:07:11,2026-07-24 12:06:00,351.92,304.62
44.88997,-1.0826,,3.13,1.68,2026-07-24,1006,Terra,MODIS,100,6.1NRT,,648.5,D,2026-07-24 18:07:11,2026-07-24 12:06:00,375.19,313.16
44.89012,-1.07527,,3.13,1.68,2026-07-24,1006,Terra,MODIS,100,6.1NRT,,589.7,D,2026-07-24 18:07:11,2026-07-24 12:06:00,371.69,313.36
44.89896,-1.11865,,3.11,1.67,2026-07-24,1006,Terra,MODIS,68,6.1NRT,,155.63,D,2026-07-24 18:07:11,2026-07-24 12:06:00,337.57,300.07
44.8993,-1.11122,,3.11,1.67,2026-07-24,1006,Terra,MODIS,96,6.1NRT,,309.19,D,2026-07-24 18:07:11,2026-07-24 12:06:00,352.46,302.42
44.90388,-1.07551,,3.13,1.68,2026-07-24,1006,Terra,MODIS,94,6.1NRT,,260.45,D,2026-07-24 18:07:11,2026-07-24 12:06:00,348.7,307.27
44.90404,-1.0682,,3.13,1.68,2026-07-24,1006,Terra,MODIS,94,6.1NRT,,260.36,D,2026-07-24 18:07:11,2026-07-24 12:06:00,348.0,306.7
44.3653,-1.12363,,1.12,1.05,2026-07-24,1454,Aqua,MODIS,66,6.1NRT,,55.83,D,2026-07-24 18:07:11,2026-07-24 16:54:00,346.15,307.49
44.36765,-1.11025,,1.12,1.05,2026-07-24,1454,Aqua,MODIS,89,6.1NRT,,182.28,D,2026-07-24 18:07:11,2026-07-24 16:54:00,381.93,309.22
44.37,-1.09689,,1.12,1.05,2026-07-24,1454,Aqua,MODIS,86,6.1NRT,,40.86,D,2026-07-24 18:07:11,2026-07-24 16:54:00,338.62,299.64
44.37434,-1.12672,,1.12,1.05,2026-07-24,1454,Aqua,MODIS,94,6.1NRT,,137.76,D,2026-07-24 18:07:11,2026-07-24 16:54:00,373.06,317.76
44.37668,-1.11335,,1.12,1.05,2026-07-24,1454,Aqua,MODIS,100,6.1NRT,,307.76,D,2026-07-24 18:07:11,2026-07-24 16:54:00,402.96,317.13
44.37902,-1.09999,,1.12,1.05,2026-07-24,1454,Aqua,MODIS,100,6.1NRT,,103.14,D,2026-07-24 18:07:11,2026-07-24 16:54:00,363.59,301.91
44.4061,-1.1093,,1.12,1.05,2026-07-24,1454,Aqua,MODIS,44,6.1NRT,,41.41,D,2026-07-24 18:07:11,2026-07-24 16:54:00,341.72,311.13
44.40815,-1.15257,,1.12,1.05,2026-07-24,1454,Aqua,MODIS,53,6.1NRT,,51.38,D,2026-07-24 18:07:11,2026-07-24 16:54:00,348.96,307.38
44.41719,-1.15569,,1.12,1.05,2026-07-24,1454,Aqua,MODIS,82,6.1NRT,,94.08,D,2026-07-24 18:07:11,2026-07-24 16:54:00,362.28,312.53
44.41951,-1.1423,,1.12,1.05,2026-07-24,1454,Aqua,MODIS,71,6.1NRT,,59.23,D,2026-07-24 18:07:11,2026-07-24 16:54:00,351.44,311.68
44.42622,-1.15882,,1.12,1.05,2026-07-24,1454,Aqua,MODIS,55,6.1NRT,,44.5,D,2026-07-24 18:07:11,2026-07-24 16:54:00,341.91,306.91
44.42855,-1.14542,,1.12,1.05,2026-07-24,1454,Aqua,MODIS,100,6.1NRT,,162.68,D,2026-07-24 18:07:11,2026-07-24 16:54:00,379.15,318.75
44.43086,-1.13204,,1.12,1.05,2026-07-24,1454,Aqua,MODIS,100,6.1NRT,,100.58,D,2026-07-24 18:07:11,2026-07-24 16:54:00,363.22,309.77
44.4399,-1.13516,,1.12,1.05,2026-07-24,1454,Aqua,MODIS,42,6.1NRT,,13.04,D,2026-07-24 18:07:11,2026-07-24 16:54:00,319.62,300.1
44.77,-1.11789,,1.1,1.05,2026-07-24,1454,Aqua,MODIS,50,6.1NRT,,9.39,D,2026-07-24 18:07:11,2026-07-24 16:54:00,322.12,303.48
44.7723,-1.10457,,1.1,1.05,2026-07-24,1454,Aqua,MODIS,100,6.1NRT,,127.46,D,2026-07-24 18:07:11,2026-07-24 16:54:00,371.94,306.26
44.77413,-1.20413,,1.11,1.05,2026-07-24,1454,Aqua,MODIS,99,6.1NRT,,85.63,D,2026-07-24 18:07:11,2026-07-24 16:54:00,359.31,307.26
44.77461,-1.09127,,1.1,1.05,2026-07-24,1454,Aqua,MODIS,100,6.1NRT,,115.46,D,2026-07-24 18:07:11,2026-07-24 16:54:00,368.64,299.8
44.77644,-1.19077,,1.11,1.05,2026-07-24,1454,Aqua,MODIS,100,6.1NRT,,431.95,D,2026-07-24 18:07:11,2026-07-24 16:54:00,418.46,316.65
44.77876,-1.17742,,1.11,1.05,2026-07-24,1454,Aqua,MODIS,100,6.1NRT,,233.27,D,2026-07-24 18:07:11,2026-07-24 16:54:00,392.56,310.57
44.77899,-1.12098,,1.1,1.05,2026-07-24,1454,Aqua,MODIS,100,6.1NRT,,456.0,D,2026-07-24 18:07:11,2026-07-24 16:54:00,421.37,331.53
44.78082,-1.22066,,1.11,1.05,2026-07-24,1454,Aqua,MODIS,75,6.1NRT,,158.85,D,2026-07-24 18:07:11,2026-07-24 16:54:00,378.76,312.16
44.78129,-1.10767,,1.1,1.05,2026-07-24,1454,Aqua,MODIS,100,6.1NRT,,1573.57,D,2026-07-24 18:07:11,2026-07-24 16:54:00,489.66,400.07
44.78314,-1.20725,,1.11,1.05,2026-07-24,1454,Aqua,MODIS,100,6.1NRT,,196.19,D,2026-07-24 18:07:11,2026-07-24 16:54:00,386.23,314.5
44.78358,-1.09438,,1.1,1.05,2026-07-24,1454,Aqua,MODIS,100,6.1NRT,,664.31,D,2026-07-24 18:07:11,2026-07-24 16:54:00,439.85,307.0
44.78545,-1.19388,,1.11,1.05,2026-07-24,1454,Aqua,MODIS,100,6.1NRT,,161.08,D,2026-07-24 18:07:11,2026-07-24 16:54:00,379.5,313.56
44.78588,-1.0811,,1.1,1.05,2026-07-24,1454,Aqua,MODIS,100,6.1NRT,,102.61,D,2026-07-24 18:07:11,2026-07-24 16:54:00,364.83,295.69
44.78776,-1.18053,,1.11,1.05,2026-07-24,1454,Aqua,MODIS,100,6.1NRT,,106.6,D,2026-07-24 18:07:11,2026-07-24 16:54:00,366.11,310.24
44.78797,-1.12409,,1.1,1.05,2026-07-24,1454,Aqua,MODIS,100,6.1NRT,,100.17,D,2026-07-24 18:07:11,2026-07-24 16:54:00,365.31,318.19
44.79027,-1.11079,,1.1,1.05,2026-07-24,1454,Aqua,MODIS,100,6.1NRT,,312.65,D,2026-07-24 18:07:11,2026-07-24 16:54:00,405.53,322.13
44.79256,-1.09749,,1.1,1.05,2026-07-24,1454,Aqua,MODIS,100,6.1NRT,,94.78,D,2026-07-24 18:07:11,2026-07-24 16:54:00,363.4,296.38
44.79696,-1.12721,,1.1,1.05,2026-07-24,1454,Aqua,MODIS,33,6.1NRT,,19.1,D,2026-07-24 18:07:11,2026-07-24 16:54:00,331.05,307.77
44.79713,-1.07093,,1.1,1.05,2026-07-24,1454,Aqua,MODIS,100,6.1NRT,,89.23,D,2026-07-24 18:07:11,2026-07-24 16:54:00,361.03,301.99
44.79925,-1.11389,,1.1,1.05,2026-07-24,1454,Aqua,MODIS,41,6.1NRT,,12.96,D,2026-07-24 18:07:11,2026-07-24 16:54:00,328.05,303.76
44.80115,-1.21352,,1.11,1.05,2026-07-24,1454,Aqua,MODIS,64,6.1NRT,,61.26,D,2026-07-24 18:07:11,2026-07-24 16:54:00,351.77,309.71
44.80346,-1.20013,,1.11,1.05,2026-07-24,1454,Aqua,MODIS,53,6.1NRT,,42.85,D,2026-07-24 18:07:11,2026-07-24 16:54:00,343.71,310.28
44.80382,-1.08731,,1.1,1.05,2026-07-24,1454,Aqua,MODIS,100,6.1NRT,,494.47,D,2026-07-24 18:07:11,2026-07-24 16:54:00,425.47,324.95
44.80576,-1.18676,,1.11,1.05,2026-07-24,1454,Aqua,MODIS,69,6.1NRT,,34.46,D,2026-07-24 18:07:11,2026-07-24 16:54:00,338.7,306.8
44.8061,-1.07402,,1.1,1.05,2026-07-24,1454,Aqua,MODIS,100,6.1NRT,,1014.1,D,2026-07-24 18:07:11,2026-07-24 16:54:00,463.03,328.49
44.80838,-1.06075,,1.1,1.05,2026-07-24,1454,Aqua,MODIS,100,6.1NRT,,776.81,D,2026-07-24 18:07:11,2026-07-24 16:54:00,448.26,316.62
44.8095,-1.2076,,1.11,1.05,2026-07-24,1454,Aqua,MODIS,62,6.1NRT,,31.04,D,2026-07-24 18:07:11,2026-07-24 16:54:00,333.42,304.98
44.81065,-1.0475,,1.1,1.04,2026-07-24,1454,Aqua,MODIS,100,6.1NRT,,582.37,D,2026-07-24 18:07:11,2026-07-24 16:54:00,433.47,305.41
44.81184,-1.19424,,1.11,1.05,2026-07-24,1454,Aqua,MODIS,60,6.1NRT,,38.44,D,2026-07-24 18:07:11,2026-07-24 16:54:00,338.33,304.74
44.81279,-1.09041,,1.1,1.05,2026-07-24,1454,Aqua,MODIS,88,6.1NRT,,36.83,D,2026-07-24 18:07:11,2026-07-24 16:54:00,341.31,301.46
44.81292,-1.03426,,1.1,1.04,2026-07-24,1454,Aqua,MODIS,100,6.1NRT,,144.9,D,2026-07-24 18:07:11,2026-07-24 16:54:00,375.71,293.96
44.81417,-1.18092,,1.11,1.05,2026-07-24,1454,Aqua,MODIS,40,6.1NRT,,26.8,D,2026-07-24 18:07:11,2026-07-24 16:54:00,331.75,303.94
44.8165,-1.16761,,1.11,1.05,2026-07-24,1454,Aqua,MODIS,40,6.1NRT,,29.7,D,2026-07-24 18:07:11,2026-07-24 16:54:00,333.98,304.92
44.81734,-1.06386,,1.1,1.05,2026-07-24,1454,Aqua,MODIS,100,6.1NRT,,152.56,D,2026-07-24 18:07:11,2026-07-24 16:54:00,378.11,303.06
44.81961,-1.0506,,1.1,1.04,2026-07-24,1454,Aqua,MODIS,100,6.1NRT,,277.92,D,2026-07-24 18:07:11,2026-07-24 16:54:00,400.08,297.73
44.82188,-1.03736,,1.1,1.04,2026-07-24,1454,Aqua,MODIS,100,6.1NRT,,227.95,D,2026-07-24 18:07:11,2026-07-24 16:54:00,391.89,288.36
44.82631,-1.06696,,1.1,1.05,2026-07-24,1454,Aqua,MODIS,100,6.1NRT,,181.24,D,2026-07-24 18:07:11,2026-07-24 16:54:00,384.03,305.26
44.82782,-1.15741,,1.1,1.05,2026-07-24,1454,Aqua,MODIS,99,6.1NRT,,81.81,D,2026-07-24 18:07:11,2026-07-24 16:54:00,358.78,309.5
44.82858,-1.0537,,1.1,1.04,2026-07-24,1454,Aqua,MODIS,100,6.1NRT,,517.37,D,2026-07-24 18:07:11,2026-07-24 16:54:00,427.58,310.41
44.83014,-1.1441,,1.1,1.05,2026-07-24,1454,Aqua,MODIS,100,6.1NRT,,96.34,D,2026-07-24 18:07:11,2026-07-24 16:54:00,364.5,314.96
44.83084,-1.04046,,1.1,1.04,2026-07-24,1454,Aqua,MODIS,100,6.1NRT,,161.87,D,2026-07-24 18:07:11,2026-07-24 16:54:00,379.6,290.43
44.83245,-1.1308,,1.1,1.05,2026-07-24,1454,Aqua,MODIS,96,6.1NRT,,63.38,D,2026-07-24 18:07:11,2026-07-24 16:54:00,353.33,305.81
44.83503,-1.06135,,1.1,1.04,2026-07-24,1454,Aqua,MODIS,100,6.1NRT,,91.45,D,2026-07-24 18:07:11,2026-07-24 16:54:00,361.25,303.13
44.83681,-1.16049,,1.1,1.05,2026-07-24,1454,Aqua,MODIS,100,6.1NRT,,95.38,D,2026-07-24 18:07:11,2026-07-24 16:54:00,363.02,307.35
44.83733,-1.04812,,1.1,1.04,2026-07-24,1454,Aqua,MODIS,93,6.1NRT,,56.92,D,2026-07-24 18:07:11,2026-07-24 16:54:00,348.32,292.73
44.83912,-1.14722,,1.1,1.05,2026-07-24,1454,Aqua,MODIS,100,6.1NRT,,146.18,D,2026-07-24 18:07:11,2026-07-24 16:54:00,377.32,308.59
44.83962,-1.0349,,1.1,1.04,2026-07-24,1454,Aqua,MODIS,100,6.1NRT,,94.14,D,2026-07-24 18:07:11,2026-07-24 16:54:00,361.37,291.26
44.84143,-1.13391,,1.1,1.05,2026-07-24,1454,Aqua,MODIS,100,6.1NRT,,186.67,D,2026-07-24 18:07:11,2026-07-24 16:54:00,385.21,311.89
44.84375,-1.12061,,1.1,1.05,2026-07-24,1454,Aqua,MODIS,100,6.1NRT,,686.99,D,2026-07-24 18:07:11,2026-07-24 16:54:00,441.86,331.42
44.8458,-1.1636,,1.1,1.05,2026-07-24,1454,Aqua,MODIS,100,6.1NRT,,166.42,D,2026-07-24 18:07:11,2026-07-24 16:54:00,379.94,309.34
44.84605,-1.10732,,1.1,1.05,2026-07-24,1454,Aqua,MODIS,100,6.1NRT,,332.63,D,2026-07-24 18:07:11,2026-07-24 16:54:00,407.8,311.58
44.84629,-1.0512,,1.1,1.04,2026-07-24,1454,Aqua,MODIS,63,6.1NRT,,19.83,D,2026-07-24 18:07:11,2026-07-24 16:54:00,327.26,294.73
44.84811,-1.15032,,1.1,1.05,2026-07-24,1454,Aqua,MODIS,69,6.1NRT,,42.67,D,2026-07-24 18:07:11,2026-07-24 16:54:00,343.21,302.63
44.84835,-1.09405,,1.1,1.05,2026-07-24,1454,Aqua,MODIS,95,6.1NRT,,62.36,D,2026-07-24 18:07:11,2026-07-24 16:54:00,352.18,299.26
44.85042,-1.13702,,1.1,1.05,2026-07-24,1454,Aqua,MODIS,100,6.1NRT,,191.34,D,2026-07-24 18:07:11,2026-07-24 16:54:00,386.3,318.07
44.85248,-1.18004,,1.11,1.05,2026-07-24,1454,Aqua,MODIS,80,6.1NRT,,29.12,D,2026-07-24 18:07:11,2026-07-24 16:54:00,332.33,304.44
44.85272,-1.12371,,1.1,1.05,2026-07-24,1454,Aqua,MODIS,100,6.1NRT,,341.61,D,2026-07-24 18:07:11,2026-07-24 16:54:00,409.06,331.66
44.85479,-1.16672,,1.1,1.05,2026-07-24,1454,Aqua,MODIS,97,6.1NRT,,76.08,D,2026-07-24 18:07:11,2026-07-24 16:54:00,355.09,308.97
44.85503,-1.11043,,1.1,1.05,2026-07-24,1454,Aqua,MODIS,100,6.1NRT,,552.26,D,2026-07-24 18:07:11,2026-07-24 16:54:00,430.8,336.51
44.85733,-1.09715,,1.1,1.05,2026-07-24,1454,Aqua,MODIS,100,6.1NRT,,819.96,D,2026-07-24 18:07:11,2026-07-24 16:54:00,451.17,333.04
44.85962,-1.08388,,1.1,1.05,2026-07-24,1454,Aqua,MODIS,96,6.1NRT,,66.59,D,2026-07-24 18:07:11,2026-07-24 16:54:00,353.08,299.15
44.86147,-1.18317,,1.11,1.05,2026-07-24,1454,Aqua,MODIS,81,6.1NRT,,31.54,D,2026-07-24 18:07:11,2026-07-24 16:54:00,333.52,302.48
44.8617,-1.12682,,1.1,1.05,2026-07-24,1454,Aqua,MODIS,89,6.1NRT,,66.64,D,2026-07-24 18:07:11,2026-07-24 16:54:00,352.93,312.3
44.86378,-1.16984,,1.1,1.05,2026-07-24,1454,Aqua,MODIS,100,6.1NRT,,127.75,D,2026-07-24 18:07:11,2026-07-24 16:54:00,370.27,313.24
44.864,-1.11353,,1.1,1.05,2026-07-24,1454,Aqua,MODIS,100,6.1NRT,,291.05,D,2026-07-24 18:07:11,2026-07-24 16:54:00,401.88,325.39
44.86608,-1.15654,,1.1,1.05,2026-07-24,1454,Aqua,MODIS,100,6.1NRT,,145.17,D,2026-07-24 18:07:11,2026-07-24 16:54:00,374.4,313.71
44.86629,-1.10025,,1.1,1.05,2026-07-24,1454,Aqua,MODIS,100,6.1NRT,,434.17,D,2026-07-24 18:07:11,2026-07-24 16:54:00,419.24,319.23
44.86838,-1.14325,,1.1,1.05,2026-07-24,1454,Aqua,MODIS,95,6.1NRT,,67.6,D,2026-07-24 18:07:11,2026-07-24 16:54:00,351.41,305.7
44.87067,-1.12995,,1.1,1.05,2026-07-24,1454,Aqua,MODIS,56,6.1NRT,,39.57,D,2026-07-24 18:07:11,2026-07-24 16:54:00,339.71,305.11
44.87276,-1.17298,,1.1,1.05,2026-07-24,1454,Aqua,MODIS,100,6.1NRT,,120.88,D,2026-07-24 18:07:11,2026-07-24 16:54:00,367.79,304.57
44.87297,-1.11665,,1.1,1.05,2026-07-24,1454,Aqua,MODIS,94,6.1NRT,,73.49,D,2026-07-24 18:07:11,2026-07-24 16:54:00,354.49,309.59
44.87506,-1.15966,,1.1,1.05,2026-07-24,1454,Aqua,MODIS,93,6.1NRT,,59.17,D,2026-07-24 18:07:11,2026-07-24 16:54:00,347.38,301.85
44.87526,-1.10336,,1.1,1.05,2026-07-24,1454,Aqua,MODIS,98,6.1NRT,,81.96,D,2026-07-24 18:07:11,2026-07-24 16:54:00,357.53,309.62
44.87736,-1.14636,,1.1,1.05,2026-07-24,1454,Aqua,MODIS,91,6.1NRT,,54.89,D,2026-07-24 18:07:11,2026-07-24 16:54:00,345.54,300.98
44.87755,-1.0901,,1.1,1.05,2026-07-24,1454,Aqua,MODIS,85,6.1NRT,,34.44,D,2026-07-24 18:07:11,2026-07-24 16:54:00,337.21,302.35
44.87965,-1.13307,,1.1,1.05,2026-07-24,1454,Aqua,MODIS,89,6.1NRT,,47.6,D,2026-07-24 18:07:11,2026-07-24 16:54:00,341.53,305.39
44.87983,-1.07684,,1.1,1.04,2026-07-24,1454,Aqua,MODIS,68,6.1NRT,,21.58,D,2026-07-24 18:07:11,2026-07-24 16:54:00,328.75,301.63
44.88194,-1.11977,,1.1,1.05,2026-07-24,1454,Aqua,MODIS,100,6.1NRT,,109.11,D,2026-07-24 18:07:11,2026-07-24 16:54:00,365.12,311.78
44.88423,-1.10647,,1.1,1.05,2026-07-24,1454,Aqua,MODIS,100,6.1NRT,,281.03,D,2026-07-24 18:07:11,2026-07-24 16:54:00,399.68,323.82
44.88651,-1.0932,,1.1,1.05,2026-07-24,1454,Aqua,MODIS,100,6.1NRT,,140.46,D,2026-07-24 18:07:11,2026-07-24 16:54:00,374.17,312.67
44.88863,-1.13619,,1.1,1.05,2026-07-24,1454,Aqua,MODIS,84,6.1NRT,,38.82,D,2026-07-24 18:07:11,2026-07-24 16:54:00,336.57,299.03
44.88879,-1.07993,,1.1,1.04,2026-07-24,1454,Aqua,MODIS,94,6.1NRT,,58.71,D,2026-07-24 18:07:11,2026-07-24 16:54:00,349.15,306.87
44.89091,-1.12289,,1.1,1.05,2026-07-24,1454,Aqua,MODIS,100,6.1NRT,,119.46,D,2026-07-24 18:07:11,2026-07-24 16:54:00,367.7,309.44
44.8932,-1.1096,,1.1,1.05,2026-07-24,1454,Aqua,MODIS,100,6.1NRT,,234.02,D,2026-07-24 18:07:11,2026-07-24 16:54:00,392.22,322.1
44.89345,-0.99755,,1.09,1.04,2026-07-24,1454,Aqua,MODIS,100,6.1NRT,,118.15,D,2026-07-24 18:07:11,2026-07-24 16:54:00,367.99,296.1
44.89548,-1.09632,,1.1,1.05,2026-07-24,1454,Aqua,MODIS,100,6.1NRT,,199.0,D,2026-07-24 18:07:11,2026-07-24 16:54:00,386.37,319.69
44.89561,-1.04025,,1.09,1.04,2026-07-24,1454,Aqua,MODIS,35,6.1NRT,,10.81,D,2026-07-24 18:07:11,2026-07-24 16:54:00,320.89,295.34
44.89775,-1.08305,,1.1,1.04,2026-07-24,1454,Aqua,MODIS,100,6.1NRT,,99.69,D,2026-07-24 18:07:11,2026-07-24 16:54:00,363.47,311.67
44.89787,-1.02703,,1.09,1.04,2026-07-24,1454,Aqua,MODIS,100,6.1NRT,,164.87,D,2026-07-24 18:07:11,2026-07-24 16:54:00,380.05,305.18
44.89988,-1.12602,,1.1,1.05,2026-07-24,1454,Aqua,MODIS,95,6.1NRT,,70.67,D,2026-07-24 18:07:11,2026-07-24 16:54:00,351.71,303.78
44.90003,-1.06979,,1.1,1.04,2026-07-24,1454,Aqua,MODIS,97,6.1NRT,,72.98,D,2026-07-24 18:07:11,2026-07-24 16:54:00,354.71,306.76
44.90014,-1.01382,,1.09,1.04,2026-07-24,1454,Aqua,MODIS,100,6.1NRT,,361.31,D,2026-07-24 18:07:11,2026-07-24 16:54:00,411.18,313.75
44.90216,-1.11272,,1.1,1.05,2026-07-24,1454,Aqua,MODIS,100,6.1NRT,,149.03,D,2026-07-24 18:07:11,2026-07-24 16:54:00,375.26,314.46
44.90229,-1.05656,,1.1,1.04,2026-07-24,1454,Aqua,MODIS,100,6.1NRT,,312.08,D,2026-07-24 18:07:11,2026-07-24 16:54:00,405.08,311.11
44.90239,-1.00063,,1.09,1.04,2026-07-24,1454,Aqua,MODIS,100,6.1NRT,,140.83,D,2026-07-24 18:07:11,2026-07-24 16:54:00,374.31,296.95
44.90444,-1.09944,,1.1,1.05,2026-07-24,1454,Aqua,MODIS,100,6.1NRT,,135.06,D,2026-07-24 18:07:11,2026-07-24 16:54:00,372.26,316.37
44.90456,-1.04334,,1.09,1.04,2026-07-24,1454,Aqua,MODIS,100,6.1NRT,,394.02,D,2026-07-24 18:07:11,2026-07-24 16:54:00,415.12,303.49
44.90671,-1.08617,,1.1,1.04,2026-07-24,1454,Aqua,MODIS,100,6.1NRT,,91.16,D,2026-07-24 18:07:11,2026-07-24 16:54:00,360.29,312.76
44.90682,-1.03012,,1.09,1.04,2026-07-24,1454,Aqua,MODIS,100,6.1NRT,,197.06,D,2026-07-24 18:07:11,2026-07-24 16:54:00,386.69,306.06
44.90886,-1.12913,,1.1,1.05,2026-07-24,1454,Aqua,MODIS,89,6.1NRT,,48.09,D,2026-07-24 18:07:11,2026-07-24 16:54:00,341.65,299.19
44.90898,-1.07291,,1.1,1.04,2026-07-24,1454,Aqua,MODIS,100,6.1NRT,,165.23,D,2026-07-24 18:07:11,2026-07-24 16:54:00,379.73,316.5
44.90908,-1.01691,,1.09,1.04,2026-07-24,1454,Aqua,MODIS,100,6.1NRT,,375.88,D,2026-07-24 18:07:11,2026-07-24 16:54:00,412.89,307.57
44.91113,-1.11584,,1.1,1.05,2026-07-24,1454,Aqua,MODIS,100,6.1NRT,,209.6,D,2026-07-24 18:07:11,2026-07-24 16:54:00,387.68,310.91
44.91124,-1.05968,,1.1,1.04,2026-07-24,1454,Aqua,MODIS,100,6.1NRT,,311.39,D,2026-07-24 18:07:11,2026-07-24 16:54:00,404.67,310.87
44.9134,-1.10256,,1.1,1.05,2026-07-24,1454,Aqua,MODIS,100,6.1NRT,,156.66,D,2026-07-24 18:07:11,2026-07-24 16:54:00,377.0,313.58
44.91351,-1.04644,,1.09,1.04,2026-07-24,1454,Aqua,MODIS,100,6.1NRT,,257.61,D,2026-07-24 18:07:11,2026-07-24 16:54:00,396.68,301.36
44.91567,-1.08928,,1.1,1.04,2026-07-24,1454,Aqua,MODIS,100,6.1NRT,,231.87,D,2026-07-24 18:07:11,2026-07-24 16:54:00,391.89,319.81
44.91793,-1.07602,,1.1,1.04,2026-07-24,1454,Aqua,MODIS,100,6.1NRT,,246.44,D,2026-07-24 18:07:11,2026-07-24 16:54:00,394.31,308.51
44.9202,-1.06277,,1.1,1.04,2026-07-24,1454,Aqua,MODIS,93,6.1NRT,,61.76,D,2026-07-24 18:07:11,2026-07-24 16:54:00,348.64,295.94
44.9206,-1.11172,,1.1,1.05,2026-07-24,1454,Aqua,MODIS,98,6.1NRT,,85.4,D,2026-07-24 18:07:11,2026-07-24 16:54:00,357.61,306.02
44.92291,-1.09846,,1.1,1.04,2026-07-24,1454,Aqua,MODIS,100,6.1NRT,,162.89,D,2026-07-24 18:07:11,2026-07-24 16:54:00,378.54,310.59
44.92521,-1.08521,,1.1,1.04,2026-07-24,1454,Aqua,MODIS,93,6.1NRT,,60.58,D,2026-07-24 18:07:11,2026-07-24 16:54:00,347.35,298.4
44.36399,-1.14884,303.38,0.42,0.45,2026-07-24,134,N21,VIIRS,n,2.0NRT,292.85,57.36,N,2026-07-24 18:07:12,2026-07-24 03:34:00,,
44.36446,-1.15415,348.4,0.42,0.45,2026-07-24,134,N21,VIIRS,n,2.0NRT,315.47,57.36,N,2026-07-24 18:07:12,2026-07-24 03:34:00,,
44.36493,-1.15946,367.0,0.42,0.45,2026-07-24,134,N21,VIIRS,h,2.0NRT,309.91,40.31,N,2026-07-24 18:07:12,2026-07-24 03:34:00,,
44.36539,-1.16478,335.74,0.42,0.45,2026-07-24,134,N21,VIIRS,n,2.0NRT,300.56,40.31,N,2026-07-24 18:07:12,2026-07-24 03:34:00,,
44.36769,-1.14283,335.48,0.42,0.45,2026-07-24,134,N21,VIIRS,n,2.0NRT,294.31,5.39,N,2026-07-24 18:07:12,2026-07-24 03:34:00,,
44.36815,-1.14811,345.9,0.42,0.45,2026-07-24,134,N21,VIIRS,n,2.0NRT,309.98,57.36,N,2026-07-24 18:07:12,2026-07-24 03:34:00,,
44.36862,-1.15341,367.0,0.42,0.45,2026-07-24,134,N21,VIIRS,h,2.0NRT,360.66,57.36,N,2026-07-24 18:07:12,2026-07-24 03:34:00,,
44.36909,-1.15873,348.93,0.42,0.45,2026-07-24,134,N21,VIIRS,n,2.0NRT,333.66,40.31,N,2026-07-24 18:07:12,2026-07-24 03:34:00,,
44.36955,-1.16405,355.39,0.42,0.45,2026-07-24,134,N21,VIIRS,n,2.0NRT,322.64,40.31,N,2026-07-24 18:07:12,2026-07-24 03:34:00,,
44.37003,-1.16938,346.19,0.42,0.45,2026-07-24,134,N21,VIIRS,n,2.0NRT,301.38,12.18,N,2026-07-24 18:07:12,2026-07-24 03:34:00,,
44.37138,-1.13682,347.74,0.42,0.45,2026-07-24,134,N21,VIIRS,n,2.0NRT,309.3,31.84,N,2026-07-24 18:07:12,2026-07-24 03:34:00,,
44.37185,-1.14211,348.64,0.42,0.45,2026-07-24,134,N21,VIIRS,n,2.0NRT,331.17,31.84,N,2026-07-24 18:07:12,2026-07-24 03:34:00,,
44.37231,-1.1474,354.75,0.42,0.45,2026-07-24,134,N21,VIIRS,n,2.0NRT,326.14,25.21,N,2026-07-24 18:07:12,2026-07-24 03:34:00,,
44.37278,-1.1527,367.0,0.42,0.45,2026-07-24,134,N21,VIIRS,h,2.0NRT,312.97,25.21,N,2026-07-24 18:07:12,2026-07-24 03:34:00,,
44.37325,-1.15801,345.64,0.42,0.45,2026-07-24,134,N21,VIIRS,n,2.0NRT,315.05,67.76,N,2026-07-24 18:07:12,2026-07-24 03:34:00,,
44.37372,-1.16333,367.0,0.42,0.45,2026-07-24,134,N21,VIIRS,h,2.0NRT,355.03,67.76,N,2026-07-24 18:07:12,2026-07-24 03:34:00,,
44.37419,-1.16865,347.06,0.42,0.45,2026-07-24,134,N21,VIIRS,n,2.0NRT,316.85,38.99,N,2026-07-24 18:07:12,2026-07-24 03:34:00,,
44.3746,-1.12549,344.19,0.42,0.45,2026-07-24,134,N21,VIIRS,n,2.0NRT,297.87,15.73,N,2026-07-24 18:07:12,2026-07-24 03:34:00,,
44.37507,-1.13079,340.33,0.42,0.45,2026-07-24,134,N21,VIIRS,n,2.0NRT,298.13,15.73,N,2026-07-24 18:07:12,2026-07-24 03:34:00,,
44.37554,-1.1361,367.0,0.42,0.45,2026-07-24,134,N21,VIIRS,h,2.0NRT,310.64,31.84,N,2026-07-24 18:07:12,2026-07-24 03:34:00,,
44.37601,-1.14139,367.0,0.42,0.45,2026-07-24,134,N21,VIIRS,h,2.0NRT,324.37,31.84,N,2026-07-24 18:07:12,2026-07-24 03:34:00,,
44.37648,-1.14668,353.66,0.42,0.45,2026-07-24,134,N21,VIIRS,n,2.0NRT,310.95,25.21,N,2026-07-24 18:07:12,2026-07-24 03:34:00,,
44.37695,-1.15198,367.0,0.42,0.45,2026-07-24,134,N21,VIIRS,h,2.0NRT,314.25,25.21,N,2026-07-24 18:07:12,2026-07-24 03:34:00,,
44.37741,-1.1573,346.27,0.42,0.45,2026-07-24,134,N21,VIIRS,n,2.0NRT,323.56,67.76,N,2026-07-24 18:07:12,2026-07-24 03:34:00,,
44.37788,-1.16262,344.75,0.42,0.45,2026-07-24,134,N21,VIIRS,n,2.0NRT,305.59,67.76,N,2026-07-24 18:07:12,2026-07-24 03:34:00,,
44.37829,-1.11948,332.34,0.42,0.45,2026-07-24,134,N21,VIIRS,n,2.0NRT,298.11,30.25,N,2026-07-24 18:07:12,2026-07-24 03:34:00,,
44.37835,-1.16794,353.49,0.42,0.45,2026-07-24,134,N21,VIIRS,n,2.0NRT,304.99,38.99,N,2026-07-24 18:07:12,2026-07-24 03:34:00,,
44.37876,-1.12478,343.94,0.42,0.45,2026-07-24,134,N21,VIIRS,n,2.0NRT,326.32,24.58,N,2026-07-24 18:07:12,2026-07-24 03:34:00,,
44.37883,-1.17328,306.63,0.42,0.45,2026-07-24,134,N21,VIIRS,n,2.0NRT,295.87,38.99,N,2026-07-24 18:07:12,2026-07-24 03:34:00,,
44.37923,-1.13007,344.35,0.42,0.45,2026-07-24,134,N21,VIIRS,n,2.0NRT,306.37,24.58,N,2026-07-24 18:07:12,2026-07-24 03:34:00,,
44.3797,-1.13538,353.45,0.42,0.45,2026-07-24,134,N21,VIIRS,n,2.0NRT,332.81,20.52,N,2026-07-24 18:07:12,2026-07-24 03:34:00,,
44.38017,-1.14068,367.0,0.42,0.45,2026-07-24,134,N21,VIIRS,h,2.0NRT,307.34,20.52,N,2026-07-24 18:07:12,2026-07-24 03:34:00,,
44.38064,-1.14597,346.09,0.42,0.45,2026-07-24,134,N21,VIIRS,n,2.0NRT,322.13,46.39,N,2026-07-24 18:07:12,2026-07-24 03:34:00,,
44.38111,-1.15128,367.0,0.42,0.45,2026-07-24,134,N21,VIIRS,h,2.0NRT,347.61,46.39,N,2026-07-24 18:07:12,2026-07-24 03:34:00,,
44.38158,-1.15659,348.07,0.42,0.45,2026-07-24,134,N21,VIIRS,n,2.0NRT,330.14,40.39,N,2026-07-24 18:07:12,2026-07-24 03:34:00,,
44.38197,-1.11349,306.61,0.42,0.45,2026-07-24,134,N21,VIIRS,n,2.0NRT,291.99,30.25,N,2026-07-24 18:07:12,2026-07-24 03:34:00,,
44.38205,-1.16192,337.05,0.42,0.45,2026-07-24,134,N21,VIIRS,n,2.0NRT,296.77,40.39,N,2026-07-24 18:07:12,2026-07-24 03:34:00,,
44.38245,-1.11878,338.56,0.42,0.45,2026-07-24,134,N21,VIIRS,n,2.0NRT,326.04,30.25,N,2026-07-24 18:07:12,2026-07-24 03:34:00,,
44.38292,-1.12406,354.81,0.42,0.45,2026-07-24,134,N21,VIIRS,n,2.0NRT,317.96,24.58,N,2026-07-24 18:07:12,2026-07-24 03:34:00,,
44.38338,-1.12936,352.43,0.42,0.45,2026-07-24,134,N21,VIIRS,n,2.0NRT,312.51,24.58,N,2026-07-24 18:07:12,2026-07-24 03:34:00,,
44.38386,-1.13467,367.0,0.42,0.45,2026-07-24,134,N21,VIIRS,h,2.0NRT,322.65,20.52,N,2026-07-24 18:07:12,2026-07-24 03:34:00,,
44.38433,-1.13997,367.0,0.42,0.45,2026-07-24,134,N21,VIIRS,h,2.0NRT,309.04,20.52,N,2026-07-24 18:07:12,2026-07-24 03:34:00,,
44.3848,-1.14527,367.0,0.42,0.45,2026-07-24,134,N21,VIIRS,h,2.0NRT,307.61,46.39,N,2026-07-24 18:07:12,2026-07-24 03:34:00,,
44.38527,-1.15058,335.99,0.42,0.45,2026-07-24,134,N21,VIIRS,n,2.0NRT,298.1,46.39,N,2026-07-24 18:07:12,2026-07-24 03:34:00,,
44.38565,-1.10749,323.06,0.42,0.45,2026-07-24,134,N21,VIIRS,n,2.0NRT,290.6,6.04,N,2026-07-24 18:07:12,2026-07-24 03:34:00,,
44.38575,-1.15589,309.04,0.42,0.45,2026-07-24,134,N21,VIIRS,n,2.0NRT,296.2,40.39,N,2026-07-24 18:07:12,2026-07-24 03:34:00,,
44.38613,-1.11279,367.0,0.42,0.45,2026-07-24,134,N21,VIIRS,h,2.0NRT,314.34,20.91,N,2026-07-24 18:07:12,2026-07-24 03:34:00,,
44.3866,-1.11808,367.0,0.42,0.45,2026-07-24,134,N21,VIIRS,h,2.0NRT,322.78,20.91,N,2026-07-24 18:07:12,2026-07-24 03:34:00,,
44.38707,-1.12336,367.0,0.42,0.45,2026-07-24,134,N21,VIIRS,h,2.0NRT,329.64,26.2,N,2026-07-24 18:07:12,2026-07-24 03:34:00,,
44.38755,-1.12865,367.0,0.42,0.45,2026-07-24,134,N21,VIIRS,h,2.0NRT,317.76,26.2,N,2026-07-24 18:07:12,2026-07-24 03:34:00,,
44.38802,-1.13395,348.42,0.42,0.45,2026-07-24,134,N21,VIIRS,n,2.0NRT,312.06,20.98,N,2026-07-24 18:07:12,2026-07-24 03:34:00,,
44.38849,-1.13925,367.0,0.42,0.45,2026-07-24,134,N21,VIIRS,h,2.0NRT,330.13,20.98,N,2026-07-24 18:07:12,2026-07-24 03:34:00,,
44.38896,-1.14455,347.62,0.42,0.45,2026-07-24,134,N21,VIIRS,n,2.0NRT,330.09,34.33,N,2026-07-24 18:07:12,2026-07-24 03:34:00,,
44.38943,-1.14988,341.25,0.42,0.45,2026-07-24,134,N21,VIIRS,n,2.0NRT,325.09,34.33,N,2026-07-24 18:07:12,2026-07-24 03:34:00,,
44.38981,-1.10678,337.61,0.42,0.45,2026-07-24,134,N21,VIIRS,n,2.0NRT,293.47,6.04,N,2026-07-24 18:07:12,2026-07-24 03:34:00,,
44.39029,-1.11209,342.16,0.42,0.45,2026-07-24,134,N21,VIIRS,n,2.0NRT,304.52,20.91,N,2026-07-24 18:07:12,2026-07-24 03:34:00,,
44.39076,-1.11737,354.8,0.42,0.45,2026-07-24,134,N21,VIIRS,n,2.0NRT,320.06,20.91,N,2026-07-24 18:07:12,2026-07-24 03:34:00,,
44.39123,-1.12265,367.0,0.42,0.45,2026-07-24,134,N21,VIIRS,h,2.0NRT,319.98,26.2,N,2026-07-24 18:07:12,2026-07-24 03:34:00,,
44.3917,-1.12795,367.0,0.42,0.45,2026-07-24,134,N21,VIIRS,h,2.0NRT,330.17,26.2,N,2026-07-24 18:07:12,2026-07-24 03:34:00,,
44.39218,-1.13324,367.0,0.42,0.45,2026-07-24,134,N21,VIIRS,h,2.0NRT,319.55,20.98,N,2026-07-24 18:07:12,2026-07-24 03:34:00,,
44.39265,-1.13854,367.0,0.42,0.45,2026-07-24,134,N21,VIIRS,h,2.0NRT,320.24,20.98,N,2026-07-24 18:07:12,2026-07-24 03:34:00,,
44.39312,-1.14385,367.0,0.42,0.45,2026-07-24,134,N21,VIIRS,h,2.0NRT,321.89,34.33,N,2026-07-24 18:07:12,2026-07-24 03:34:00,,
44.39349,-1.10078,328.21,0.42,0.45,2026-07-24,134,N21,VIIRS,n,2.0NRT,289.57,6.13,N,2026-07-24 18:07:12,2026-07-24 03:34:00,,
44.3936,-1.14917,350.71,0.42,0.45,2026-07-24,134,N21,VIIRS,n,2.0NRT,313.07,34.33,N,2026-07-24 18:07:12,2026-07-24 03:34:00,,
44.39397,-1.10608,349.55,0.42,0.45,2026-07-24,134,N21,VIIRS,n,2.0NRT,305.0,6.13,N,2026-07-24 18:07:12,2026-07-24 03:34:00,,
44.39407,-1.1545,323.34,0.42,0.45,2026-07-24,134,N21,VIIRS,n,2.0NRT,296.98,4.7,N,2026-07-24 18:07:12,2026-07-24 03:34:00,,
44.39444,-1.11137,367.0,0.42,0.45,2026-07-24,134,N21,VIIRS,h,2.0NRT,312.48,8.79,N,2026-07-24 18:07:12,2026-07-24 03:34:00,,
44.39491,-1.11666,351.91,0.42,0.45,2026-07-24,134,N21,VIIRS,n,2.0NRT,309.93,8.79,N,2026-07-24 18:07:12,2026-07-24 03:34:00,,
44.39539,-1.12195,367.0,0.42,0.45,2026-07-24,134,N21,VIIRS,h,2.0NRT,320.82,13.21,N,2026-07-24 18:07:12,2026-07-24 03:34:00,,
44.39586,-1.12723,367.0,0.42,0.45,2026-07-24,134,N21,VIIRS,h,2.0NRT,314.38,13.21,N,2026-07-24 18:07:12,2026-07-24 03:34:00,,
44.39634,-1.13253,353.52,0.42,0.45,2026-07-24,134,N21,VIIRS,n,2.0NRT,313.2,18.77,N,2026-07-24 18:07:12,2026-07-24 03:34:00,,
44.39681,-1.13784,367.0,0.42,0.45,2026-07-24,134,N21,VIIRS,h,2.0NRT,324.01,18.77,N,2026-07-24 18:07:12,2026-07-24 03:34:00,,
44.39728,-1.14314,367.0,0.42,0.45,2026-07-24,134,N21,VIIRS,h,2.0NRT,328.63,29.92,N,2026-07-24 18:07:12,2026-07-24 03:34:00,,
44.39764,-1.10009,301.69,0.42,0.45,2026-07-24,134,N21,VIIRS,n,2.0NRT,290.04,6.13,N,2026-07-24 18:07:12,2026-07-24 03:34:00,,
44.39776,-1.14846,367.0,0.42,0.45,2026-07-24,134,N21,VIIRS,h,2.0NRT,319.4,29.92,N,2026-07-24 18:07:12,2026-07-24 03:34:00,,
44.39811,-1.10538,324.73,0.42,0.45,2026-07-24,134,N21,VIIRS,n,2.0NRT,296.08,6.13,N,2026-07-24 18:07:12,2026-07-24 03:34:00,,
44.39824,-1.1538,321.04,0.42,0.45,2026-07-24,134,N21,VIIRS,n,2.0NRT,297.48,6.57,N,2026-07-24 18:07:12,2026-07-24 03:34:00,,
44.39859,-1.11067,326.73,0.42,0.45,2026-07-24,134,N21,VIIRS,n,2.0NRT,298.69,8.79,N,2026-07-24 18:07:12,2026-07-24 03:34:00,,
44.39907,-1.11595,339.98,0.42,0.45,2026-07-24,134,N21,VIIRS,n,2.0NRT,304.82,8.79,N,2026-07-24 18:07:12,2026-07-24 03:34:00,,
44.39954,-1.12124,340.14,0.42,0.45,2026-07-24,134,N21,VIIRS,n,2.0NRT,307.14,13.21,N,2026-07-24 18:07:12,2026-07-24 03:34:00,,
44.40002,-1.12653,352.45,0.42,0.45,2026-07-24,134,N21,VIIRS,n,2.0NRT,312.34,13.21,N,2026-07-24 18:07:12,2026-07-24 03:34:00,,
44.40049,-1.13183,367.0,0.42,0.45,2026-07-24,134,N21,VIIRS,h,2.0NRT,316.82,18.77,N,2026-07-24 18:07:12,2026-07-24 03:34:00,,
44.40097,-1.13713,367.0,0.42,0.45,2026-07-24,134,N21,VIIRS,h,2.0NRT,325.66,18.77,N,2026-07-24 18:07:12,2026-07-24 03:34:00,,
44.40144,-1.14245,354.42,0.42,0.45,2026-07-24,134,N21,VIIRS,n,2.0NRT,328.0,29.92,N,2026-07-24 18:07:12,2026-07-24 03:34:00,,
44.40192,-1.14777,352.9,0.42,0.45,2026-07-24,134,N21,VIIRS,n,2.0NRT,324.52,29.92,N,2026-07-24 18:07:12,2026-07-24 03:34:00,,
44.40227,-1.10469,312.03,0.42,0.45,2026-07-24,134,N21,VIIRS,n,2.0NRT,292.35,8.45,N,2026-07-24 18:07:12,2026-07-24 03:34:00,,
44.40274,-1.10997,367.0,0.42,0.45,2026-07-24,134,N21,VIIRS,h,2.0NRT,311.61,13.26,N,2026-07-24 18:07:12,2026-07-24 03:34:00,,
44.40322,-1.11525,339.47,0.42,0.45,2026-07-24,134,N21,VIIRS,n,2.0NRT,306.64,13.26,N,2026-07-24 18:07:12,2026-07-24 03:34:00,,
44.4037,-1.12053,343.93,0.42,0.45,2026-07-24,134,N21,VIIRS,n,2.0NRT,307.81,10.2,N,2026-07-24 18:07:12,2026-07-24 03:34:00,,
44.40417,-1.12583,350.67,0.42,0.45,2026-07-24,134,N21,VIIRS,n,2.0NRT,311.22,10.2,N,2026-07-24 18:07:12,2026-07-24 03:34:00,,
44.40466,-1.13114,367.0,0.42,0.45,2026-07-24,134,N21,VIIRS,h,2.0NRT,316.46,21.05,N,2026-07-24 18:07:12,2026-07-24 03:34:00,,
44.40513,-1.13644,367.0,0.42,0.45,2026-07-24,134,N21,VIIRS,h,2.0NRT,330.01,21.05,N,2026-07-24 18:07:12,2026-07-24 03:34:00,,
44.40561,-1.14176,355.33,0.42,0.45,2026-07-24,134,N21,VIIRS,n,2.0NRT,328.16,20.2,N,2026-07-24 18:07:12,2026-07-24 03:34:00,,
44.40609,-1.14708,353.43,0.42,0.45,2026-07-24,134,N21,VIIRS,n,2.0NRT,308.93,20.2,N,2026-07-24 18:07:12,2026-07-24 03:34:00,,
44.40643,-1.10401,339.12,0.42,0.45,2026-07-24,134,N21,VIIRS,n,2.0NRT,302.99,8.45,N,2026-07-24 18:07:12,2026-07-24 03:34:00,,
44.40691,-1.10928,367.0,0.42,0.45,2026-07-24,134,N21,VIIRS,h,2.0NRT,317.24,13.26,N,2026-07-24 18:07:12,2026-07-24 03:34:00,,
44.40738,-1.11456,352.05,0.42,0.45,2026-07-24,134,N21,VIIRS,n,2.0NRT,313.52,13.26,N,2026-07-24 18:07:12,2026-07-24 03:34:00,,
44.40786,-1.11985,338.24,0.42,0.45,2026-07-24,134,N21,VIIRS,n,2.0NRT,304.68,10.2,N,2026-07-24 18:07:12,2026-07-24 03:34:00,,
44.40792,-1.10246,336.0,0.42,0.45,2026-07-24,134,N21,VIIRS,n,2.0NRT,293.71,39.7,N,2026-07-24 18:07:12,2026-07-24 03:34:00,,
44.40834,-1.12515,353.61,0.42,0.45,2026-07-24,134,N21,VIIRS,n,2.0NRT,313.87,10.2,N,2026-07-24 18:07:12,2026-07-24 03:34:00,,
44.40836,-1.10774,367.0,0.42,0.45,2026-07-24,134,N21,VIIRS,h,2.0NRT,319.84,39.7,N,2026-07-24 18:07:12,2026-07-24 03:34:00,,
44.40881,-1.13045,367.0,0.42,0.45,2026-07-24,134,N21,VIIRS,h,2.0NRT,316.79,21.05,N,2026-07-24 18:07:12,2026-07-24 03:34:00,,
44.40881,-1.11302,352.84,0.42,0.45,2026-07-24,134,N21,VIIRS,n,2.0NRT,331.53,41.76,N,2026-07-24 18:07:12,2026-07-24 03:34:00,,
44.40926,-1.11832,340.42,0.42,0.45,2026-07-24,134,N21,VIIRS,n,2.0NRT,304.12,41.76,N,2026-07-24 18:07:12,2026-07-24 03:34:00,,
44.40929,-1.13576,367.0,0.42,0.45,2026-07-24,134,N21,VIIRS,h,2.0NRT,320.03,21.05,N,2026-07-24 18:07:12,2026-07-24 03:34:00,,
44.40971,-1.12363,344.76,0.42,0.45,2026-07-24,134,N21,VIIRS,n,2.0NRT,306.93,12.81,N,2026-07-24 18:07:12,2026-07-24 03:34:00,,
44.40977,-1.14108,367.0,0.42,0.45,2026-07-24,134,N21,VIIRS,h,2.0NRT,316.64,20.2,N,2026-07-24 18:07:12,2026-07-24 03:34:00,,
44.41016,-1.12894,367.0,0.42,0.45,2026-07-24,134,N21,VIIRS,h,2.0NRT,319.62,12.81,N,2026-07-24 18:07:12,2026-07-24 03:34:00,,
44.41025,-1.1464,336.18,0.42,0.45,2026-07-24,134,N21,VIIRS,n,2.0NRT,298.78,20.2,N,2026-07-24 18:07:12,2026-07-24 03:34:00,,
44.41058,-1.10331,341.52,0.42,0.45,2026-07-24,134,N21,VIIRS,n,2.0NRT,308.54,32.95,N,2026-07-24 18:07:12,2026-07-24 03:34:00,,
44.41061,-1.13426,367.0,0.42,0.45,2026-07-24,134,N21,VIIRS,h,2.0NRT,320.88,23.33,N,2026-07-24 18:07:12,2026-07-24 03:34:00,,
44.41106,-1.13958,367.0,0.42,0.45,2026-07-24,134,N21,VIIRS,h,2.0NRT,318.57,23.33,N,2026-07-24 18:07:12,2026-07-24 03:34:00,,
44.41106,-1.10858,340.55,0.42,0.45,2026-07-24,134,N21,VIIRS,n,2.0NRT,324.46,58.85,N,2026-07-24 18:07:12,2026-07-24 03:34:00,,
44.41151,-1.14491,355.89,0.42,0.45,2026-07-24,134,N21,VIIRS,n,2.0NRT,304.33,21.11,N,2026-07-24 18:07:12,2026-07-24 03:34:00,,
44.41154,-1.11386,345.12,0.42,0.45,2026-07-24,134,N21,VIIRS,n,2.0NRT,332.94,58.85,N,2026-07-24 18:07:12,2026-07-24 03:34:00,,
44.41202,-1.11915,354.54,0.42,0.45,2026-07-24,134,N21,VIIRS,n,2.0NRT,310.62,9.06,N,2026-07-24 18:07:12,2026-07-24 03:34:00,,
44.41207,-1.10176,322.19,0.42,0.45,2026-07-24,134,N21,VIIRS,n,2.0NRT,304.32,39.7,N,2026-07-24 18:07:12,2026-07-24 03:34:00,,
44.4125,-1.12446,349.75,0.42,0.45,2026-07-24,134,N21,VIIRS,n,2.0NRT,309.54,9.06,N,2026-07-24 18:07:12,2026-07-24 03:34:00,,
44.41252,-1.10703,347.1,0.42,0.45,2026-07-24,134,N21,VIIRS,n,2.0NRT,337.7,39.7,N,2026-07-24 18:07:12,2026-07-24 03:34:00,,
44.41297,-1.11231,336.47,0.42,0.45,2026-07-24,134,N21,VIIRS,n,2.0NRT,324.79,41.76,N,2026-07-24 18:07:12,2026-07-24 03:34:00,,
44.41298,-1.12976,367.0,0.42,0.45,2026-07-24,134,N21,VIIRS,h,2.0NRT,314.7,15.68,N,2026-07-24 18:07:12,2026-07-24 03:34:00,,
44.41342,-1.11762,349.79,0.42,0.45,2026-07-24,134,N21,VIIRS,n,2.0NRT,308.02,41.76,N,2026-07-24 18:07:12,2026-07-24 03:34:00,,
44.41346,-1.13508,367.0,0.42,0.45,2026-07-24,134,N21,VIIRS,h,2.0NRT,321.31,15.68,N,2026-07-24 18:07:12,2026-07-24 03:34:00,,
44.41388,-1.12293,353.97,0.42,0.45,2026-07-24,134,N21,VIIRS,n,2.0NRT,311.95,12.81,N,2026-07-24 18:07:12,2026-07-24 03:34:00,,
44.41394,-1.14039,367.0,0.42,0.45,2026-07-24,134,N21,VIIRS,h,2.0NRT,314.89,15.37,N,2026-07-24 18:07:12,2026-07-24 03:34:00,,
44.41432,-1.12825,349.9,0.42,0.45,2026-07-24,134,N21,VIIRS,n,2.0NRT,309.44,12.81,N,2026-07-24 18:07:12,2026-07-24 03:34:00,,
44.41442,-1.14571,349.56,0.42,0.45,2026-07-24,134,N21,VIIRS,n,2.0NRT,309.11,15.37,N,2026-07-24 18:07:12,2026-07-24 03:34:00,,
44.41474,-1.10262,348.15,0.42,0.45,2026-07-24,134,N21,VIIRS,n,2.0NRT,303.02,32.95,N,2026-07-24 18:07:12,2026-07-24 03:34:00,,
44.41478,-1.13357,367.0,0.42,0.45,2026-07-24,134,N21,VIIRS,h,2.0NRT,322.35,23.33,N,2026-07-24 18:07:12,2026-07-24 03:34:00,,
44.41522,-1.10788,349.54,0.42,0.45,2026-07-24,134,N21,VIIRS,n,2.0NRT,317.85,58.85,N,2026-07-24 18:07:12,2026-07-24 03:34:00,,
44.41523,-1.1389,367.0,0.42,0.45,2026-07-24,134,N21,VIIRS,h,2.0NRT,312.85,23.33,N,2026-07-24 18:07:12,2026-07-24 03:34:00,,
44.41568,-1.14422,355.67,0.42,0.45,2026-07-24,134,N21,VIIRS,n,2.0NRT,311.72,21.11,N,2026-07-24 18:07:12,2026-07-24 03:34:00,,
44.4157,-1.11317,346.8,0.42,0.45,2026-07-24,134,N21,VIIRS,n,2.0NRT,303.72,58.85,N,2026-07-24 18:07:12,2026-07-24 03:34:00,,
44.41618,-1.11846,342.9,0.42,0.45,2026-07-24,134,N21,VIIRS,n,2.0NRT,305.39,9.06,N,2026-07-24 18:07:12,2026-07-24 03:34:00,,
44.41623,-1.10105,297.81,0.42,0.45,2026-07-24,134,N21,VIIRS,n,2.0NRT,287.78,3.08,N,2026-07-24 18:07:12,2026-07-24 03:34:00,,
44.41666,-1.12377,333.85,0.42,0.45,2026-07-24,134,N21,VIIRS,n,2.0NRT,301.78,9.06,N,2026-07-24 18:07:12,2026-07-24 03:34:00,,
44.41668,-1.10632,323.55,0.42,0.45,2026-07-24,134,N21,VIIRS,n,2.0NRT,289.79,3.08,N,2026-07-24 18:07:12,2026-07-24 03:34:00,,
44.41713,-1.11162,351.41,0.42,0.45,2026-07-24,134,N21,VIIRS,n,2.0NRT,307.35,11.57,N,2026-07-24 18:07:12,2026-07-24 03:34:00,,
44.41714,-1.12908,343.79,0.42,0.45,2026-07-24,134,N21,VIIRS,n,2.0NRT,305.63,15.68,N,2026-07-24 18:07:12,2026-07-24 03:34:00,,
44.41758,-1.11692,344.25,0.42,0.45,2026-07-24,134,N21,VIIRS,n,2.0NRT,306.18,11.57,N,2026-07-24 18:07:12,2026-07-24 03:34:00,,
44.41762,-1.1344,367.0,0.42,0.45,2026-07-24,134,N21,VIIRS,h,2.0NRT,315.53,15.68,N,2026-07-24 18:07:12,2026-07-24 03:34:00,,
44.41803,-1.12224,328.42,0.42,0.45,2026-07-24,134,N21,VIIRS,n,2.0NRT,299.17,8.04,N,2026-07-24 18:07:12,2026-07-24 03:34:00,,
44.4181,-1.13971,349.64,0.42,0.45,2026-07-24,134,N21,VIIRS,n,2.0NRT,299.01,15.37,N,2026-07-24 18:07:12,2026-07-24 03:34:00,,
44.41849,-1.12755,330.53,0.42,0.45,2026-07-24,134,N21,VIIRS,n,2.0NRT,300.75,8.04,N,2026-07-24 18:07:12,2026-07-24 03:34:00,,
44.41858,-1.14503,321.66,0.42,0.45,2026-07-24,134,N21,VIIRS,n,2.0NRT,295.44,15.37,N,2026-07-24 18:07:12,2026-07-24 03:34:00,,
44.41894,-1.13288,367.0,0.42,0.45,2026-07-24,134,N21,VIIRS,h,2.0NRT,313.73,13.84,N,2026-07-24 18:07:12,2026-07-24 03:34:00,,
44.4194,-1.13821,341.02,0.42,0.45,2026-07-24,134,N21,VIIRS,n,2.0NRT,299.3,13.84,N,2026-07-24 18:07:12,2026-07-24 03:34:00,,
44.41985,-1.14353,312.54,0.42,0.45,2026-07-24,134,N21,VIIRS,n,2.0NRT,295.35,3.09,N,2026-07-24 18:07:12,2026-07-24 03:34:00,,
44.42129,-1.11091,367.0,0.42,0.45,2026-07-24,134,N21,VIIRS,h,2.0NRT,309.27,11.57,N,2026-07-24 18:07:12,2026-07-24 03:34:00,,
44.42174,-1.11622,345.88,0.42,0.45,2026-07-24,134,N21,VIIRS,n,2.0NRT,305.69,11.57,N,2026-07-24 18:07:12,2026-07-24 03:34:00,,
44.4222,-1.12155,323.07,0.42,0.45,2026-07-24,134,N21,VIIRS,n,2.0NRT,298.56,8.04,N,2026-07-24 18:07:12,2026-07-24 03:34:00,,
44.42265,-1.12686,367.0,0.42,0.45,2026-07-24,134,N21,VIIRS,h,2.0NRT,319.14,8.04,N,2026-07-24 18:07:12,2026-07-24 03:34:00,,
44.4231,-1.13219,353.46,0.42,0.45,2026-07-24,134,N21,VIIRS,n,2.0NRT,312.57,13.84,N,2026-07-24 18:07:12,2026-07-24 03:34:00,,
44.42356,-1.13751,337.4,0.42,0.45,2026-07-24,134,N21,VIIRS,n,2.0NRT,295.88,13.84,N,2026-07-24 18:07:12,2026-07-24 03:34:00,,
44.42545,-1.11024,338.14,0.42,0.45,2026-07-24,134,N21,VIIRS,n,2.0NRT,300.21,20.01,N,2026-07-24 18:07:12,2026-07-24 03:34:00,,
44.4259,-1.11555,367.0,0.42,0.45,2026-07-24,134,N21,VIIRS,h,2.0NRT,319.42,20.01,N,2026-07-24 18:07:12,2026-07-24 03:34:00,,
44.42635,-1.12087,342.7,0.42,0.45,2026-07-24,134,N21,VIIRS,n,2.0NRT,306.76,19.3,N,2026-07-24 18:07:12,2026-07-24 03:34:00,,
44.42681,-1.12618,367.0,0.42,0.45,2026-07-24,134,N21,VIIRS,h,2.0NRT,321.06,19.3,N,2026-07-24 18:07:12,2026-07-24 03:34:00,,
44.42727,-1.1315,354.51,0.42,0.45,2026-07-24,134,N21,VIIRS,n,2.0NRT,318.19,42.64,N,2026-07-24 18:07:12,2026-07-24 03:34:00,,
44.42772,-1.13681,337.84,0.42,0.45,2026-07-24,134,N21,VIIRS,n,2.0NRT,310.81,42.64,N,2026-07-24 18:07:12,2026-07-24 03:34:00,,
44.42818,-1.14213,315.76,0.42,0.45,2026-07-24,134,N21,VIIRS,n,2.0NRT,294.71,1.81,N,2026-07-24 18:07:12,2026-07-24 03:34:00,,
44.43006,-1.11486,355.22,0.42,0.45,2026-07-24,134,N21,VIIRS,n,2.0NRT,318.37,20.01,N,2026-07-24 18:07:12,2026-07-24 03:34:00,,
44.43052,-1.12018,340.63,0.42,0.45,2026-07-24,134,N21,VIIRS,n,2.0NRT,306.61,19.3,N,2026-07-24 18:07:12,2026-07-24 03:34:00,,
44.43097,-1.12549,354.74,0.42,0.45,2026-07-24,134,N21,VIIRS,n,2.0NRT,325.01,19.3,N,2026-07-24 18:07:12,2026-07-24 03:34:00,,
44.43143,-1.1308,345.37,0.42,0.45,2026-07-24,134,N21,VIIRS,n,2.0NRT,328.06,42.64,N,2026-07-24 18:07:12,2026-07-24 03:34:00,,
44.43188,-1.13611,334.87,0.42,0.45,2026-07-24,134,N21,VIIRS,n,2.0NRT,295.51,42.64,N,2026-07-24 18:07:12,2026-07-24 03:34:00,,
44.43234,-1.14143,304.89,0.42,0.45,2026-07-24,134,N21,VIIRS,n,2.0NRT,292.18,1.81,N,2026-07-24 18:07:12,2026-07-24 03:34:00,,
44.43422,-1.11415,325.05,0.42,0.45,2026-07-24,134,N21,VIIRS,n,2.0NRT,294.32,4.89,N,2026-07-24 18:07:12,2026-07-24 03:34:00,,
44.43468,-1.11947,367.0,0.42,0.45,2026-07-24,134,N21,VIIRS,h,2.0NRT,312.04,10.78,N,2026-07-24 18:07:12,2026-07-24 03:34:00,,
44.43513,-1.12479,347.97,0.42,0.45,2026-07-24,134,N21,VIIRS,n,2.0NRT,306.22,10.78,N,2026-07-24 18:07:12,2026-07-24 03:34:00,,
44.43559,-1.13011,345.13,0.42,0.45,2026-07-24,134,N21,VIIRS,n,2.0NRT,303.05,20.33,N,2026-07-24 18:07:12,2026-07-24 03:34:00,,
44.43884,-1.11877,342.8,0.42,0.45,2026-07-24,134,N21,VIIRS,n,2.0NRT,301.02,10.78,N,2026-07-24 18:07:12,2026-07-24 03:34:00,,
44.4393,-1.12409,345.6,0.42,0.45,2026-07-24,134,N21,VIIRS,n,2.0NRT,304.05,10.78,N,2026-07-24 18:07:12,2026-07-24 03:34:00,,
44.443,-1.11807,337.26,0.42,0.45,2026-07-24,134,N21,VIIRS,n,2.0NRT,296.08,6.51,N,2026-07-24 18:07:12,2026-07-24 03:34:00,,
44.44346,-1.1234,332.24,0.42,0.45,2026-07-24,134,N21,VIIRS,n,2.0NRT,294.53,6.51,N,2026-07-24 18:07:12,2026-07-24 03:34:00,,
44.78403,-1.20761,307.21,0.43,0.46,2026-07-24,134,N21,VIIRS,n,2.0NRT,295.9,3.22,N,2026-07-24 18:07:12,2026-07-24 03:34:00,,
44.78449,-1.21305,331.56,0.43,0.46,2026-07-24,134,N21,VIIRS,n,2.0NRT,297.2,6.34,N,2026-07-24 18:07:12,2026-07-24 03:34:00,,
44.78496,-1.2185,339.14,0.43,0.46,2026-07-24,134,N21,VIIRS,n,2.0NRT,298.13,6.34,N,2026-07-24 18:07:12,2026-07-24 03:34:00,,
44.78542,-1.22398,354.04,0.43,0.46,2026-07-24,134,N21,VIIRS,n,2.0NRT,301.05,13.11,N,2026-07-24 18:07:12,2026-07-24 03:34:00,,
44.78589,-1.22946,329.57,0.43,0.46,2026-07-24,134,N21,VIIRS,n,2.0NRT,298.0,13.11,N,2026-07-24 18:07:12,2026-07-24 03:34:00,,
44.78593,-1.13064,319.9,0.43,0.46,2026-07-24,134,N21,VIIRS,n,2.0NRT,292.74,13.43,N,2026-07-24 18:07:12,2026-07-24 03:34:00,,
44.78636,-1.23494,307.76,0.43,0.46,2026-07-24,134,N21,VIIRS,n,2.0NRT,295.86,2.41,N,2026-07-24 18:07:12,2026-07-24 03:34:00,,
44.78639,-1.13604,354.7,0.43,0.46,2026-07-24,134,N21,VIIRS,n,2.0NRT,312.88,23.93,N,2026-07-24 18:07:12,2026-07-24 03:34:00,,
44.78686,-1.14145,345.66,0.43,0.46,2026-07-24,134,N21,VIIRS,n,2.0NRT,307.04,23.93,N,2026-07-24 18:07:12,2026-07-24 03:34:00,,
44.7873,-1.1961,307.36,0.43,0.46,2026-07-24,134,N21,VIIRS,n,2.0NRT,295.89,17.04,N,2026-07-24 18:07:12,2026-07-24 03:34:00,,
44.78776,-1.20151,337.19,0.43,0.46,2026-07-24,134,N21,VIIRS,n,2.0NRT,300.19,45.99,N,2026-07-24 18:07:12,2026-07-24 03:34:00,,
44.78779,-1.15226,315.52,0.43,0.46,2026-07-24,134,N21,VIIRS,n,2.0NRT,295.52,4.28,N,2026-07-24 18:07:12,2026-07-24 03:34:00,,
44.78823,-1.20691,352.15,0.43,0.46,2026-07-24,134,N21,VIIRS,n,2.0NRT,309.94,45.99,N,2026-07-24 18:07:12,2026-07-24 03:34:00,,
44.78868,-1.21232,367.0,0.43,0.46,2026-07-24,134,N21,VIIRS,h,2.0NRT,345.84,1488.83,N,2026-07-24 18:07:12,2026-07-24 03:34:00,,
44.78917,-1.11916,303.73,0.43,0.46,2026-07-24,134,N21,VIIRS,n,2.0NRT,292.55,12.1,N,2026-07-24 18:07:12,2026-07-24 03:34:00,,
44.78962,-1.22328,367.0,0.43,0.46,2026-07-24,134,N21,VIIRS,h,2.0NRT,362.51,193.7,N,2026-07-24 18:07:12,2026-07-24 03:34:00,,
44.78964,-1.12454,367.0,0.43,0.46,2026-07-24,134,N21,VIIRS,h,2.0NRT,329.85,66.13,N,2026-07-24 18:07:12,2026-07-24 03:34:00,,
44.79009,-1.22876,345.22,0.43,0.46,2026-07-24,134,N21,VIIRS,n,2.0NRT,301.18,193.7,N,2026-07-24 18:07:12,2026-07-24 03:34:00,,
44.79011,-1.12993,337.21,0.43,0.46,2026-07-24,134,N21,VIIRS,n,2.0NRT,326.84,66.13,N,2026-07-24 18:07:12,2026-07-24 03:34:00,,
44.79056,-1.23426,314.67,0.43,0.46,2026-07-24,134,N21,VIIRS,n,2.0NRT,297.21,2.57,N,2026-07-24 18:07:12,2026-07-24 03:34:00,,
44.79057,-1.18457,342.13,0.43,0.46,2026-07-24,134,N21,VIIRS,n,2.0NRT,301.43,17.88,N,2026-07-24 18:07:12,2026-07-24 03:34:00,,
44.79057,-1.13533,367.0,0.43,0.46,2026-07-24,134,N21,VIIRS,h,2.0NRT,318.18,19.38,N,2026-07-24 18:07:12,2026-07-24 03:34:00,,
44.79103,-1.18999,354.91,0.43,0.46,2026-07-24,134,N21,VIIRS,n,2.0NRT,313.07,17.04,N,2026-07-24 18:07:12,2026-07-24 03:34:00,,
44.79104,-1.14074,327.17,0.43,0.46,2026-07-24,134,N21,VIIRS,n,2.0NRT,298.5,19.38,N,2026-07-24 18:07:12,2026-07-24 03:34:00,,
44.7915,-1.19543,367.0,0.43,0.46,2026-07-24,134,N21,VIIRS,h,2.0NRT,315.57,17.04,N,2026-07-24 18:07:12,2026-07-24 03:34:00,,
44.79151,-1.14615,313.85,0.43,0.46,2026-07-24,134,N21,VIIRS,n,2.0NRT,294.96,2.29,N,2026-07-24 18:07:12,2026-07-24 03:34:00,,
44.79196,-1.20082,367.0,0.43,0.46,2026-07-24,134,N21,VIIRS,h,2.0NRT,314.01,45.99,N,2026-07-24 18:07:12,2026-07-24 03:34:00,,
44.79242,-1.20621,367.0,0.43,0.46,2026-07-24,134,N21,VIIRS,h,2.0NRT,339.24,45.99,N,2026-07-24 18:07:12,2026-07-24 03:34:00,,
44.79288,-1.11306,335.97,0.43,0.46,2026-07-24,134,N21,VIIRS,n,2.0NRT,294.46,12.1,N,2026-07-24 18:07:12,2026-07-24 03:34:00,,
44.79335,-1.11844,367.0,0.43,0.46,2026-07-24,134,N21,VIIRS,h,2.0NRT,314.08,12.1,N,2026-07-24 18:07:12,2026-07-24 03:34:00,,
44.79382,-1.22258,350.84,0.43,0.46,2026-07-24,134,N21,VIIRS,n,2.0NRT,301.14,193.7,N,2026-07-24 18:07:12,2026-07-24 03:34:00,,
44.79382,-1.12382,367.0,0.43,0.46,2026-07-24,134,N21,VIIRS,h,2.0NRT,322.95,66.13,N,2026-07-24 18:07:12,2026-07-24 03:34:00,,
44.79383,-1.17307,324.98,0.43,0.46,2026-07-24,134,N21,VIIRS,n,2.0NRT,297.44,5.76,N,2026-07-24 18:07:12,2026-07-24 03:34:00,,
44.79428,-1.12922,367.0,0.43,0.46,2026-07-24,134,N21,VIIRS,h,2.0NRT,316.3,66.13,N,2026-07-24 18:07:12,2026-07-24 03:34:00,,
44.79429,-1.22808,325.4,0.43,0.46,2026-07-24,134,N21,VIIRS,n,2.0NRT,296.8,193.7,N,2026-07-24 18:07:12,2026-07-24 03:34:00,,
44.79429,-1.17847,341.9,0.43,0.46,2026-07-24,134,N21,VIIRS,n,2.0NRT,301.2,12.93,N,2026-07-24 18:07:12,2026-07-24 03:34:00,,
44.79475,-1.13463,352.04,0.43,0.46,2026-07-24,134,N21,VIIRS,n,2.0NRT,312.77,19.38,N,2026-07-24 18:07:12,2026-07-24 03:34:00,,
44.79476,-1.23357,310.01,0.43,0.46,2026-07-24,134,N21,VIIRS,n,2.0NRT,295.05,2.57,N,2026-07-24 18:07:12,2026-07-24 03:34:00,,
44.79476,-1.18387,367.0,0.43,0.46,2026-07-24,134,N21,VIIRS,h,2.0NRT,316.72,12.93,N,2026-07-24 18:07:12,2026-07-24 03:34:00,,
44.79522,-1.14003,333.53,0.43,0.46,2026-07-24,134,N21,VIIRS,n,2.0NRT,295.58,19.38,N,2026-07-24 18:07:12,2026-07-24 03:34:00,,
44.79523,-1.18931,352.71,0.43,0.46,2026-07-24,134,N21,VIIRS,n,2.0NRT,309.08,121.16,N,2026-07-24 18:07:12,2026-07-24 03:34:00,,
44.79569,-1.19475,344.88,0.43,0.46,2026-07-24,134,N21,VIIRS,n,2.0NRT,321.22,121.16,N,2026-07-24 18:07:12,2026-07-24 03:34:00,,
44.79616,-1.15084,311.73,0.43,0.46,2026-07-24,134,N21,VIIRS,n,2.0NRT,296.64,2.29,N,2026-07-24 18:07:12,2026-07-24 03:34:00,,
44.79708,-1.21093,349.64,0.43,0.46,2026-07-24,134,N21,VIIRS,n,2.0NRT,299.76,12.19,N,2026-07-24 18:07:12,2026-07-24 03:34:00,,
44.79753,-1.11773,367.0,0.43,0.46,2026-07-24,134,N21,VIIRS,h,2.0NRT,323.19,36.48,N,2026-07-24 18:07:12,2026-07-24 03:34:00,,
44.79755,-1.21638,330.76,0.43,0.46,2026-07-24,134,N21,VIIRS,n,2.0NRT,296.5,12.19,N,2026-07-24 18:07:12,2026-07-24 03:34:00,,
44.79755,-1.16698,335.42,0.43,0.46,2026-07-24,134,N21,VIIRS,n,2.0NRT,299.75,5.76,N,2026-07-24 18:07:12,2026-07-24 03:34:00,,
44.798,-1.12312,367.0,0.43,0.46,2026-07-24,134,N21,VIIRS,h,2.0NRT,318.22,15.14,N,2026-07-24 18:07:12,2026-07-24 03:34:00,,
44.79802,-1.22186,320.18,0.43,0.46,2026-07-24,134,N21,VIIRS,n,2.0NRT,295.69,1.85,N,2026-07-24 18:07:12,2026-07-24 03:34:00,,
44.79802,-1.17234,342.92,0.43,0.46,2026-07-24,134,N21,VIIRS,n,2.0NRT,305.74,5.76,N,2026-07-24 18:07:12,2026-07-24 03:34:00,,
44.79846,-1.12852,367.0,0.43,0.46,2026-07-24,134,N21,VIIRS,h,2.0NRT,312.79,15.14,N,2026-07-24 18:07:12,2026-07-24 03:34:00,,
44.79848,-1.17775,336.85,0.43,0.46,2026-07-24,134,N21,VIIRS,n,2.0NRT,304.79,12.93,N,2026-07-24 18:07:12,2026-07-24 03:34:00,,
44.79849,-1.22736,308.45,0.43,0.46,2026-07-24,134,N21,VIIRS,n,2.0NRT,295.39,1.85,N,2026-07-24 18:07:12,2026-07-24 03:34:00,,
44.79893,-1.13393,338.75,0.43,0.46,2026-07-24,134,N21,VIIRS,n,2.0NRT,297.32,14.24,N,2026-07-24 18:07:12,2026-07-24 03:34:00,,
44.79895,-1.18315,349.56,0.43,0.46,2026-07-24,134,N21,VIIRS,n,2.0NRT,311.1,12.93,N,2026-07-24 18:07:12,2026-07-24 03:34:00,,
44.7994,-1.13933,310.06,0.43,0.46,2026-07-24,134,N21,VIIRS,n,2.0NRT,294.81,14.24,N,2026-07-24 18:07:12,2026-07-24 03:34:00,,
44.79942,-1.18856,367.0,0.43,0.46,2026-07-24,134,N21,VIIRS,h,2.0NRT,344.03,121.16,N,2026-07-24 18:07:12,2026-07-24 03:34:00,,
44.79987,-1.14473,342.27,0.43,0.46,2026-07-24,134,N21,VIIRS,n,2.0NRT,300.79,7.03,N,2026-07-24 18:07:12,2026-07-24 03:34:00,,
44.79988,-1.19402,367.0,0.43,0.46,2026-07-24,134,N21,VIIRS,h,2.0NRT,335.59,121.16,N,2026-07-24 18:07:12,2026-07-24 03:34:00,,
44.80034,-1.15012,329.02,0.43,0.46,2026-07-24,134,N21,VIIRS,n,2.0NRT,303.26,7.03,N,2026-07-24 18:07:12,2026-07-24 03:34:00,,
44.80035,-1.19943,344.35,0.43,0.46,2026-07-24,134,N21,VIIRS,n,2.0NRT,308.06,209.46,N,2026-07-24 18:07:12,2026-07-24 03:34:00,,
44.80077,-1.10627,329.05,0.43,0.46,2026-07-24,134,N21,VIIRS,n,2.0NRT,295.04,5.06,N,2026-07-24 18:07:12,2026-07-24 03:34:00,,
44.80081,-1.20479,315.32,0.43,0.46,2026-07-24,134,N21,VIIRS,n,2.0NRT,296.05,209.46,N,2026-07-24 18:07:12,2026-07-24 03:34:00,,
44.80081,-1.15552,326.62,0.43,0.46,2026-07-24,134,N21,VIIRS,n,2.0NRT,303.18,3.54,N,2026-07-24 18:07:12,2026-07-24 03:34:00,,
44.80123,-1.11164,349.28,0.43,0.46,2026-07-24,134,N21,VIIRS,n,2.0NRT,303.97,36.48,N,2026-07-24 18:07:12,2026-07-24 03:34:00,,
44.80127,-1.16091,312.06,0.43,0.46,2026-07-24,134,N21,VIIRS,n,2.0NRT,298.69,3.54,N,2026-07-24 18:07:12,2026-07-24 03:34:00,,
44.80128,-1.21022,312.34,0.43,0.46,2026-07-24,134,N21,VIIRS,n,2.0NRT,295.15,12.19,N,2026-07-24 18:07:12,2026-07-24 03:34:00,,
44.8017,-1.11703,367.0,0.43,0.46,2026-07-24,134,N21,VIIRS,h,2.0NRT,317.57,36.48,N,2026-07-24 18:07:12,2026-07-24 03:34:00,,
44.80174,-1.16626,311.97,0.43,0.46,2026-07-24,134,N21,VIIRS,n,2.0NRT,297.24,5.69,N,2026-07-24 18:07:12,2026-07-24 03:34:00,,
44.80175,-1.21568,320.15,0.43,0.46,2026-07-24,134,N21,VIIRS,n,2.0NRT,295.24,12.19,N,2026-07-24 18:07:12,2026-07-24 03:34:00,,
44.80217,-1.12242,367.0,0.43,0.46,2026-07-24,134,N21,VIIRS,h,2.0NRT,315.8,15.14,N,2026-07-24 18:07:12,2026-07-24 03:34:00,,
44.8022,-1.17163,337.72,0.43,0.46,2026-07-24,134,N21,VIIRS,n,2.0NRT,305.58,5.69,N,2026-07-24 18:07:12,2026-07-24 03:34:00,,
44.80222,-1.22117,312.69,0.43,0.46,2026-07-24,134,N21,VIIRS,n,2.0NRT,294.68,1.85,N,2026-07-24 18:07:12,2026-07-24 03:34:00,,
44.80264,-1.12782,349.94,0.43,0.46,2026-07-24,134,N21,VIIRS,n,2.0NRT,308.3,15.14,N,2026-07-24 18:07:12,2026-07-24 03:34:00,,
44.80267,-1.17703,321.44,0.43,0.46,2026-07-24,134,N21,VIIRS,n,2.0NRT,318.89,53.3,N,2026-07-24 18:07:12,2026-07-24 03:34:00,,
44.80312,-1.13322,341.0,0.43,0.46,2026-07-24,134,N21,VIIRS,n,2.0NRT,307.95,14.24,N,2026-07-24 18:07:12,2026-07-24 03:34:00,,
44.80313,-1.18242,351.32,0.43,0.46,2026-07-24,134,N21,VIIRS,n,2.0NRT,322.76,53.3,N,2026-07-24 18:07:12,2026-07-24 03:34:00,,
44.80359,-1.13862,332.92,0.43,0.46,2026-07-24,134,N21,VIIRS,n,2.0NRT,297.31,14.24,N,2026-07-24 18:07:12,2026-07-24 03:34:00,,
44.8036,-1.18783,351.96,0.43,0.46,2026-07-24,134,N21,VIIRS,n,2.0NRT,308.09,28.95,N,2026-07-24 18:07:12,2026-07-24 03:34:00,,
44.80405,-1.14401,351.78,0.43,0.46,2026-07-24,134,N21,VIIRS,n,2.0NRT,305.7,7.03,N,2026-07-24 18:07:12,2026-07-24 03:34:00,,
44.80407,-1.19327,321.39,0.43,0.46,2026-07-24,134,N21,VIIRS,n,2.0NRT,296.08,28.95,N,2026-07-24 18:07:12,2026-07-24 03:34:00,,
44.80447,-1.10019,367.0,0.42,0.46,2026-07-24,134,N21,VIIRS,h,2.0NRT,317.08,54.64,N,2026-07-24 18:07:12,2026-07-24 03:34:00,,
44.80452,-1.14941,334.14,0.43,0.46,2026-07-24,134,N21,VIIRS,n,2.0NRT,306.18,7.03,N,2026-07-24 18:07:12,2026-07-24 03:34:00,,
44.80454,-1.19869,306.71,0.43,0.46,2026-07-24,134,N21,VIIRS,n,2.0NRT,295.08,1.15,N,2026-07-24 18:07:12,2026-07-24 03:34:00,,
44.80494,-1.10556,336.61,0.43,0.46,2026-07-24,134,N21,VIIRS,n,2.0NRT,329.57,54.64,N,2026-07-24 18:07:12,2026-07-24 03:34:00,,
44.80499,-1.15481,314.31,0.43,0.46,2026-07-24,134,N21,VIIRS,n,2.0NRT,299.96,3.54,N,2026-07-24 18:07:12,2026-07-24 03:34:00,,
44.80501,-1.20409,309.26,0.43,0.46,2026-07-24,134,N21,VIIRS,n,2.0NRT,294.99,1.15,N,2026-07-24 18:07:12,2026-07-24 03:34:00,,
44.80541,-1.11093,313.57,0.43,0.46,2026-07-24,134,N21,VIIRS,n,2.0NRT,296.08,5.03,N,2026-07-24 18:07:12,2026-07-24 03:34:00,,
44.80548,-1.20952,315.65,0.43,0.46,2026-07-24,134,N21,VIIRS,n,2.0NRT,294.2,1.4,N,2026-07-24 18:07:12,2026-07-24 03:34:00,,
44.80588,-1.11632,347.05,0.43,0.46,2026-07-24,134,N21,VIIRS,n,2.0NRT,310.59,5.03,N,2026-07-24 18:07:12,2026-07-24 03:34:00,,
44.80592,-1.16555,331.95,0.43,0.46,2026-07-24,134,N21,VIIRS,n,2.0NRT,302.15,5.69,N,2026-07-24 18:07:12,2026-07-24 03:34:00,,
44.80595,-1.21498,307.64,0.43,0.46,2026-07-24,134,N21,VIIRS,n,2.0NRT,295.08,1.4,N,2026-07-24 18:07:12,2026-07-24 03:34:00,,
44.80635,-1.12171,367.0,0.43,0.46,2026-07-24,134,N21,VIIRS,h,2.0NRT,317.75,12.37,N,2026-07-24 18:07:12,2026-07-24 03:34:00,,
44.80639,-1.17092,344.25,0.43,0.46,2026-07-24,134,N21,VIIRS,n,2.0NRT,305.14,5.69,N,2026-07-24 18:07:12,2026-07-24 03:34:00,,
44.80682,-1.1271,351.23,0.43,0.46,2026-07-24,134,N21,VIIRS,n,2.0NRT,312.26,12.37,N,2026-07-24 18:07:12,2026-07-24 03:34:00,,
44.80686,-1.17631,341.55,0.43,0.46,2026-07-24,134,N21,VIIRS,n,2.0NRT,320.23,53.3,N,2026-07-24 18:07:12,2026-07-24 03:34:00,,
44.80729,-1.1325,349.19,0.43,0.46,2026-07-24,134,N21,VIIRS,n,2.0NRT,312.84,11.99,N,2026-07-24 18:07:12,2026-07-24 03:34:00,,
44.80733,-1.18172,339.55,0.43,0.46,2026-07-24,134,N21,VIIRS,n,2.0NRT,299.04,53.3,N,2026-07-24 18:07:12,2026-07-24 03:34:00,,
44.80777,-1.13791,349.01,0.43,0.46,2026-07-24,134,N21,VIIRS,n,2.0NRT,305.49,11.99,N,2026-07-24 18:07:12,2026-07-24 03:34:00,,
44.80817,-1.0941,354.53,0.42,0.46,2026-07-24,134,N21,VIIRS,n,2.0NRT,300.78,21.45,N,2026-07-24 18:07:12,2026-07-24 03:34:00,,
44.80824,-1.14331,337.35,0.43,0.46,2026-07-24,134,N21,VIIRS,n,2.0NRT,298.5,4.1,N,2026-07-24 18:07:12,2026-07-24 03:34:00,,
44.80864,-1.09947,346.06,0.42,0.46,2026-07-24,134,N21,VIIRS,n,2.0NRT,301.03,54.64,N,2026-07-24 18:07:12,2026-07-24 03:34:00,,
44.80871,-1.14871,324.48,0.43,0.46,2026-07-24,134,N21,VIIRS,n,2.0NRT,299.91,4.1,N,2026-07-24 18:07:12,2026-07-24 03:34:00,,
44.80873,-1.19797,305.71,0.43,0.46,2026-07-24,134,N21,VIIRS,n,2.0NRT,294.96,1.15,N,2026-07-24 18:07:12,2026-07-24 03:34:00,,
44.80911,-1.10484,321.2,0.43,0.46,2026-07-24,134,N21,VIIRS,n,2.0NRT,299.94,54.64,N,2026-07-24 18:07:12,2026-07-24 03:34:00,,
44.80918,-1.15411,313.26,0.43,0.46,2026-07-24,134,N21,VIIRS,n,2.0NRT,297.21,2.84,N,2026-07-24 18:07:12,2026-07-24 03:34:00,,
44.80958,-1.11022,309.54,0.43,0.46,2026-07-24,134,N21,VIIRS,n,2.0NRT,296.17,5.03,N,2026-07-24 18:07:12,2026-07-24 03:34:00,,
44.81006,-1.11561,328.42,0.43,0.46,2026-07-24,134,N21,VIIRS,n,2.0NRT,301.45,5.03,N,2026-07-24 18:07:12,2026-07-24 03:34:00,,
44.81011,-1.16485,315.59,0.43,0.46,2026-07-24,134,N21,VIIRS,n,2.0NRT,297.99,5.75,N,2026-07-24 18:07:12,2026-07-24 03:34:00,,
44.81053,-1.12101,351.21,0.43,0.46,2026-07-24,134,N21,VIIRS,n,2.0NRT,310.97,12.37,N,2026-07-24 18:07:12,2026-07-24 03:34:00,,
44.81058,-1.17021,353.52,0.43,0.46,2026-07-24,134,N21,VIIRS,n,2.0NRT,306.83,5.75,N,2026-07-24 18:07:12,2026-07-24 03:34:00,,
44.811,-1.12639,351.66,0.43,0.46,2026-07-24,134,N21,VIIRS,n,2.0NRT,311.16,12.37,N,2026-07-24 18:07:12,2026-07-24 03:34:00,,
44.81105,-1.17561,367.0,0.43,0.46,2026-07-24,134,N21,VIIRS,h,2.0NRT,303.12,23.45,N,2026-07-24 18:07:12,2026-07-24 03:34:00,,
44.81147,-1.13179,367.0,0.43,0.46,2026-07-24,134,N21,VIIRS,h,2.0NRT,313.21,11.99,N,2026-07-24 18:07:12,2026-07-24 03:34:00,,
44.81195,-1.13719,350.41,0.43,0.46,2026-07-24,134,N21,VIIRS,n,2.0NRT,310.23,11.99,N,2026-07-24 18:07:12,2026-07-24 03:34:00,,
44.81199,-1.18644,308.27,0.43,0.46,2026-07-24,134,N21,VIIRS,n,2.0NRT,294.33,1.48,N,2026-07-24 18:07:12,2026-07-24 03:34:00,,
44.81234,-1.09338,350.56,0.42,0.46,2026-07-24,134,N21,VIIRS,n,2.0NRT,305.85,16.17,N,2026-07-24 18:07:12,2026-07-24 03:34:00,,
44.81242,-1.14261,325.45,0.43,0.46,2026-07-24,134,N21,VIIRS,n,2.0NRT,301.04,4.1,N,2026-07-24 18:07:12,2026-07-24 03:34:00,,
44.81281,-1.09875,308.03,0.42,0.46,2026-07-24,134,N21,VIIRS,n,2.0NRT,295.82,2.8,N,2026-07-24 18:07:12,2026-07-24 03:34:00,,
44.81289,-1.14801,313.54,0.43,0.46,2026-07-24,134,N21,VIIRS,n,2.0NRT,298.41,4.1,N,2026-07-24 18:07:12,2026-07-24 03:34:00,,
44.81336,-1.15342,313.71,0.43,0.46,2026-07-24,134,N21,VIIRS,n,2.0NRT,296.95,2.84,N,2026-07-24 18:07:12,2026-07-24 03:34:00,,
44.8143,-1.16416,310.92,0.43,0.46,2026-07-24,134,N21,VIIRS,n,2.0NRT,296.52,5.75,N,2026-07-24 18:07:12,2026-07-24 03:34:00,,
44.81471,-1.1203,329.23,0.43,0.46,2026-07-24,134,N21,VIIRS,n,2.0NRT,303.22,4.33,N,2026-07-24 18:07:12,2026-07-24 03:34:00,,
44.81477,-1.16953,313.6,0.43,0.46,2026-07-24,134,N21,VIIRS,n,2.0NRT,295.51,5.75,N,2026-07-24 18:07:12,2026-07-24 03:34:00,,
44.81518,-1.12569,343.61,0.43,0.46,2026-07-24,134,N21,VIIRS,n,2.0NRT,307.31,4.33,N,2026-07-24 18:07:12,2026-07-24 03:34:00,,
44.81565,-1.13108,367.0,0.43,0.46,2026-07-24,134,N21,VIIRS,h,2.0NRT,311.17,5.5,N,2026-07-24 18:07:12,2026-07-24 03:34:00,,
44.81604,-1.0873,351.84,0.42,0.46,2026-07-24,134,N21,VIIRS,n,2.0NRT,296.67,16.17,N,2026-07-24 18:07:12,2026-07-24 03:34:00,,
44.81613,-1.13649,320.9,0.43,0.46,2026-07-24,134,N21,VIIRS,n,2.0NRT,299.13,5.5,N,2026-07-24 18:07:12,2026-07-24 03:34:00,,
44.81651,-1.09266,343.05,0.42,0.46,2026-07-24,134,N21,VIIRS,n,2.0NRT,302.52,16.17,N,2026-07-24 18:07:12,2026-07-24 03:34:00,,
44.81699,-1.09804,306.72,0.42,0.46,2026-07-24,134,N21,VIIRS,n,2.0NRT,294.95,2.8,N,2026-07-24 18:07:12,2026-07-24 03:34:00,,
44.81802,-1.15809,327.21,0.43,0.46,2026-07-24,134,N21,VIIRS,n,2.0NRT,301.54,5.06,N,2026-07-24 18:07:12,2026-07-24 03:34:00,,
44.81849,-1.16348,327.3,0.43,0.46,2026-07-24,134,N21,VIIRS,n,2.0NRT,298.57,3.08,N,2026-07-24 18:07:12,2026-07-24 03:34:00,,
44.81889,-1.11959,327.55,0.43,0.46,2026-07-24,134,N21,VIIRS,n,2.0NRT,298.71,4.33,N,2026-07-24 18:07:12,2026-07-24 03:34:00,,
44.81936,-1.12499,315.32,0.43,0.46,2026-07-24,134,N21,VIIRS,n,2.0NRT,298.5,4.33,N,2026-07-24 18:07:12,2026-07-24 03:34:00,,
44.81974,-1.08123,354.54,0.42,0.46,2026-07-24,134,N21,VIIRS,n,2.0NRT,301.23,22.03,N,2026-07-24 18:07:12,2026-07-24 03:34:00,,
44.81984,-1.13037,314.68,0.43,0.46,2026-07-24,134,N21,VIIRS,n,2.0NRT,298.59,5.5,N,2026-07-24 18:07:12,2026-07-24 03:34:00,,
44.82021,-1.08658,345.27,0.42,0.46,2026-07-24,134,N21,VIIRS,n,2.0NRT,303.58,3.62,N,2026-07-24 18:07:12,2026-07-24 03:34:00,,
44.82031,-1.13578,313.62,0.43,0.46,2026-07-24,134,N21,VIIRS,n,2.0NRT,299.55,5.5,N,2026-07-24 18:07:12,2026-07-24 03:34:00,,
44.82069,-1.09195,318.43,0.42,0.46,2026-07-24,134,N21,VIIRS,n,2.0NRT,300.06,3.62,N,2026-07-24 18:07:12,2026-07-24 03:34:00,,
44.82211,-1.10808,308.77,0.43,0.46,2026-07-24,134,N21,VIIRS,n,2.0NRT,296.32,2.85,N,2026-07-24 18:07:12,2026-07-24 03:34:00,,
44.8222,-1.15739,320.23,0.43,0.46,2026-07-24,134,N21,VIIRS,n,2.0NRT,299.72,5.06,N,2026-07-24 18:07:12,2026-07-24 03:34:00,,
44.82268,-1.16279,313.4,0.43,0.46,2026-07-24,134,N21,VIIRS,n,2.0NRT,295.86,3.08,N,2026-07-24 18:07:12,2026-07-24 03:34:00,,
44.82343,-1.07518,350.82,0.42,0.45,2026-07-24,134,N21,VIIRS,n,2.0NRT,306.57,22.03,N,2026-07-24 18:07:12,2026-07-24 03:34:00,,
44.82391,-1.08053,340.92,0.42,0.46,2026-07-24,134,N21,VIIRS,n,2.0NRT,301.75,22.03,N,2026-07-24 18:07:12,2026-07-24 03:34:00,,
44.82438,-1.08588,313.28,0.42,0.46,2026-07-24,134,N21,VIIRS,n,2.0NRT,296.69,3.62,N,2026-07-24 18:07:12,2026-07-24 03:34:00,,
44.82486,-1.09126,309.05,0.42,0.46,2026-07-24,134,N21,VIIRS,n,2.0NRT,295.91,3.62,N,2026-07-24 18:07:12,2026-07-24 03:34:00,,
44.82592,-1.15128,319.54,0.43,0.46,2026-07-24,134,N21,VIIRS,n,2.0NRT,300.69,3.31,N,2026-07-24 18:07:12,2026-07-24 03:34:00,,
44.82639,-1.15667,323.87,0.43,0.46,2026-07-24,134,N21,VIIRS,n,2.0NRT,297.57,3.31,N,2026-07-24 18:07:12,2026-07-24 03:34:00,,
44.82676,-1.11278,312.53,0.43,0.46,2026-07-24,134,N21,VIIRS,n,2.0NRT,299.25,2.85,N,2026-07-24 18:07:12,2026-07-24 03:34:00,,
44.82713,-1.06911,329.18,0.42,0.45,2026-07-24,134,N21,VIIRS,n,2.0NRT,291.69,53.85,N,2026-07-24 18:07:12,2026-07-24 03:34:00,,
44.8276,-1.07448,353.85,0.42,0.45,2026-07-24,134,N21,VIIRS,n,2.0NRT,322.93,20.91,N,2026-07-24 18:07:12,2026-07-24 03:34:00,,
44.82808,-1.07983,325.95,0.42,0.46,2026-07-24,134,N21,VIIRS,n,2.0NRT,302.04,20.91,N,2026-07-24 18:07:12,2026-07-24 03:34:00,,
44.82855,-1.08519,314.32,0.42,0.46,2026-07-24,134,N21,VIIRS,n,2.0NRT,298.47,2.4,N,2026-07-24 18:07:12,2026-07-24 03:34:00,,
44.82903,-1.09056,310.94,0.42,0.46,2026-07-24,134,N21,VIIRS,n,2.0NRT,297.95,2.4,N,2026-07-24 18:07:12,2026-07-24 03:34:00,,
44.82962,-1.14517,331.79,0.43,0.46,2026-07-24,134,N21,VIIRS,n,2.0NRT,296.17,6.28,N,2026-07-24 18:07:12,2026-07-24 03:34:00,,
44.8301,-1.15057,317.64,0.43,0.46,2026-07-24,134,N21,VIIRS,n,2.0NRT,297.22,3.31,N,2026-07-24 18:07:12,2026-07-24 03:34:00,,
44.83177,-1.07377,343.19,0.42,0.45,2026-07-24,134,N21,VIIRS,n,2.0NRT,311.5,20.91,N,2026-07-24 18:07:12,2026-07-24 03:34:00,,
44.83225,-1.07914,319.0,0.42,0.46,2026-07-24,134,N21,VIIRS,n,2.0NRT,298.85,20.91,N,2026-07-24 18:07:12,2026-07-24 03:34:00,,
44.83273,-1.08449,320.84,0.42,0.46,2026-07-24,134,N21,VIIRS,n,2.0NRT,300.93,2.4,N,2026-07-24 18:07:12,2026-07-24 03:34:00,,
44.83286,-1.07061,341.54,0.42,0.46,2026-07-24,134,N21,VIIRS,n,2.0NRT,309.67,27.38,N,2026-07-24 18:07:12,2026-07-24 03:34:00,,
44.83321,-1.08986,319.38,0.42,0.46,2026-07-24,134,N21,VIIRS,n,2.0NRT,302.19,2.4,N,2026-07-24 18:07:12,2026-07-24 03:34:00,,
44.83331,-1.07599,317.71,0.42,0.46,2026-07-24,134,N21,VIIRS,n,2.0NRT,298.49,5.22,N,2026-07-24 18:07:12,2026-07-24 03:34:00,,
44.83376,-1.08136,324.46,0.42,0.46,2026-07-24,134,N21,VIIRS,n,2.0NRT,301.42,5.22,N,2026-07-24 18:07:12,2026-07-24 03:34:00,,
44.83421,-1.08673,314.04,0.42,0.46,2026-07-24,134,N21,VIIRS,n,2.0NRT,299.1,2.43,N,2026-07-24 18:07:12,2026-07-24 03:34:00,,
44.83466,-1.09211,317.03,0.43,0.46,2026-07-24,134,N21,VIIRS,n,2.0NRT,301.5,2.43,N,2026-07-24 18:07:12,2026-07-24 03:34:00,,
44.83594,-1.07307,326.14,0.42,0.45,2026-07-24,134,N21,VIIRS,n,2.0NRT,297.21,7.19,N,2026-07-24 18:07:12,2026-07-24 03:34:00,,
44.83642,-1.07843,319.34,0.42,0.46,2026-07-24,134,N21,VIIRS,n,2.0NRT,300.38,7.19,N,2026-07-24 18:07:12,2026-07-24 03:34:00,,
44.8369,-1.0838,319.06,0.42,0.46,2026-07-24,134,N21,VIIRS,n,2.0NRT,301.28,2.6,N,2026-07-24 18:07:12,2026-07-24 03:34:00,,
44.83702,-1.06991,347.76,0.42,0.46,2026-07-24,134,N21,VIIRS,n,2.0NRT,297.65,27.38,N,2026-07-24 18:07:12,2026-07-24 03:34:00,,
44.83738,-1.08916,313.88,0.42,0.46,2026-07-24,134,N21,VIIRS,n,2.0NRT,298.96,2.6,N,2026-07-24 18:07:12,2026-07-24 03:34:00,,
44.83748,-1.07528,329.01,0.42,0.46,2026-07-24,134,N21,VIIRS,n,2.0NRT,301.61,5.22,N,2026-07-24 18:07:12,2026-07-24 03:34:00,,
44.83793,-1.08065,319.54,0.42,0.46,2026-07-24,134,N21,VIIRS,n,2.0NRT,301.41,5.22,N,2026-07-24 18:07:12,2026-07-24 03:34:00,,
44.83838,-1.08602,316.12,0.42,0.46,2026-07-24,134,N21,VIIRS,n,2.0NRT,299.94,2.43,N,2026-07-24 18:07:12,2026-07-24 03:34:00,,
44.83883,-1.0914,313.14,0.43,0.46,2026-07-24,134,N21,VIIRS,n,2.0NRT,298.16,2.43,N,2026-07-24 18:07:12,2026-07-24 03:34:00,,
44.83963,-1.06701,348.81,0.42,0.45,2026-07-24,134,N21,VIIRS,n,2.0NRT,308.77,39.79,N,2026-07-24 18:07:12,2026-07-24 03:34:00,,
44.84011,-1.07238,342.82,0.42,0.45,2026-07-24,134,N21,VIIRS,n,2.0NRT,306.49,7.19,N,2026-07-24 18:07:12,2026-07-24 03:34:00,,
44.84059,-1.07774,312.02,0.42,0.46,2026-07-24,134,N21,VIIRS,n,2.0NRT,298.93,7.19,N,2026-07-24 18:07:12,2026-07-24 03:34:00,,
44.84074,-1.06382,328.06,0.42,0.45,2026-07-24,134,N21,VIIRS,n,2.0NRT,306.37,32.87,N,2026-07-24 18:07:12,2026-07-24 03:34:00,,
44.84107,-1.0831,315.23,0.42,0.46,2026-07-24,134,N21,VIIRS,n,2.0NRT,299.31,2.6,N,2026-07-24 18:07:12,2026-07-24 03:34:00,,
44.84119,-1.0692,352.1,0.42,0.46,2026-07-24,134,N21,VIIRS,n,2.0NRT,310.32,32.87,N,2026-07-24 18:07:12,2026-07-24 03:34:00,,
44.84165,-1.07458,314.49,0.42,0.46,2026-07-24,134,N21,VIIRS,n,2.0NRT,298.56,3.93,N,2026-07-24 18:07:12,2026-07-24 03:34:00,,
44.8421,-1.07995,313.17,0.42,0.46,2026-07-24,134,N21,VIIRS,n,2.0NRT,297.87,3.93,N,2026-07-24 18:07:12,2026-07-24 03:34:00,,
44.844,-1.05238,321.89,0.42,0.45,2026-07-24,134,N21,VIIRS,n,2.0NRT,291.89,20.1,N,2026-07-24 18:07:12,2026-07-24 03:34:00,,
44.84446,-1.05775,351.38,0.42,0.45,2026-07-24,134,N21,VIIRS,n,2.0NRT,307.06,20.1,N,2026-07-24 18:07:12,2026-07-24 03:34:00,,
44.84481,-1.11226,310.69,0.43,0.46,2026-07-24,134,N21,VIIRS,n,2.0NRT,295.77,4.36,N,2026-07-24 18:07:12,2026-07-24 03:34:00,,
44.84491,-1.06312,351.87,0.42,0.45,2026-07-24,134,N21,VIIRS,n,2.0NRT,324.79,32.87,N,2026-07-24 18:07:12,2026-07-24 03:34:00,,
44.84536,-1.06849,318.05,0.42,0.46,2026-07-24,134,N21,VIIRS,n,2.0NRT,298.76,32.87,N,2026-07-24 18:07:12,2026-07-24 03:34:00,,
44.84817,-1.05166,367.0,0.42,0.45,2026-07-24,134,N21,VIIRS,h,2.0NRT,305.78,16.11,N,2026-07-24 18:07:12,2026-07-24 03:34:00,,
44.84863,-1.05703,340.75,0.42,0.45,2026-07-24,134,N21,VIIRS,n,2.0NRT,305.26,16.11,N,2026-07-24 18:07:12,2026-07-24 03:34:00,,
44.84908,-1.0624,315.29,0.42,0.45,2026-07-24,134,N21,VIIRS,n,2.0NRT,297.8,3.58,N,2026-07-24 18:07:12,2026-07-24 03:34:00,,
44.84953,-1.06778,310.94,0.42,0.46,2026-07-24,134,N21,VIIRS,n,2.0NRT,297.64,3.58,N,2026-07-24 18:07:12,2026-07-24 03:34:00,,
44.85188,-1.04558,351.23,0.42,0.45,2026-07-24,134,N21,VIIRS,n,2.0NRT,298.94,22.8,N,2026-07-24 18:07:12,2026-07-24 03:34:00,,
44.85233,-1.05094,353.4,0.42,0.45,2026-07-24,134,N21,VIIRS,n,2.0NRT,308.51,16.11,N,2026-07-24 18:07:12,2026-07-24 03:34:00,,
44.85279,-1.05631,343.43,0.42,0.45,2026-07-24,134,N21,VIIRS,n,2.0NRT,305.06,16.11,N,2026-07-24 18:07:12,2026-07-24 03:34:00,,
44.85499,-1.13246,342.09,0.43,0.46,2026-07-24,134,N21,VIIRS,n,2.0NRT,297.47,79.98,N,2026-07-24 18:07:12,2026-07-24 03:34:00,,
44.85545,-1.13786,367.0,0.43,0.46,2026-07-24,134,N21,VIIRS,h,2.0NRT,303.31,127.29,N,2026-07-24 18:07:12,2026-07-24 03:34:00,,
44.8559,-1.14329,348.47,0.43,0.46,2026-07-24,134,N21,VIIRS,n,2.0NRT,309.48,127.29,N,2026-07-24 18:07:12,2026-07-24 03:34:00,,
44.85598,-1.09396,316.94,0.43,0.46,2026-07-24,134,N21,VIIRS,n,2.0NRT,298.36,9.08,N,2026-07-24 18:07:12,2026-07-24 03:34:00,,
44.85604,-1.04489,338.8,0.42,0.45,2026-07-24,134,N21,VIIRS,n,2.0NRT,300.38,5.43,N,2026-07-24 18:07:12,2026-07-24 03:34:00,,
44.85636,-1.14871,341.0,0.43,0.46,2026-07-24,134,N21,VIIRS,n,2.0NRT,302.02,22.53,N,2026-07-24 18:07:12,2026-07-24 03:34:00,,
44.8565,-1.05025,325.59,0.42,0.45,2026-07-24,134,N21,VIIRS,n,2.0NRT,299.3,5.97,N,2026-07-24 18:07:12,2026-07-24 03:34:00,,
44.85826,-1.12094,322.95,0.43,0.46,2026-07-24,134,N21,VIIRS,n,2.0NRT,303.07,38.95,N,2026-07-24 18:07:12,2026-07-24 03:34:00,,
44.85872,-1.12634,337.25,0.43,0.46,2026-07-24,134,N21,VIIRS,n,2.0NRT,322.46,79.98,N,2026-07-24 18:07:12,2026-07-24 03:34:00,,
44.85918,-1.13175,367.0,0.43,0.46,2026-07-24,134,N21,VIIRS,h,2.0NRT,342.16,79.98,N,2026-07-24 18:07:12,2026-07-24 03:34:00,,
44.85963,-1.13716,367.0,0.43,0.46,2026-07-24,134,N21,VIIRS,h,2.0NRT,342.35,127.29,N,2026-07-24 18:07:12,2026-07-24 03:34:00,,
44.8597,-1.08786,311.28,0.43,0.46,2026-07-24,134,N21,VIIRS,n,2.0NRT,297.02,9.24,N,2026-07-24 18:07:12,2026-07-24 03:34:00,,
44.85975,-1.03884,311.26,0.42,0.45,2026-07-24,134,N21,VIIRS,n,2.0NRT,294.66,5.43,N,2026-07-24 18:07:12,2026-07-24 03:34:00,,
44.86009,-1.14259,367.0,0.43,0.46,2026-07-24,134,N21,VIIRS,h,2.0NRT,336.47,127.29,N,2026-07-24 18:07:12,2026-07-24 03:34:00,,
44.86016,-1.09324,317.45,0.43,0.46,2026-07-24,134,N21,VIIRS,n,2.0NRT,298.08,4.73,N,2026-07-24 18:07:12,2026-07-24 03:34:00,,
44.86021,-1.04419,342.19,0.42,0.45,2026-07-24,134,N21,VIIRS,n,2.0NRT,305.29,5.43,N,2026-07-24 18:07:12,2026-07-24 03:34:00,,
44.86055,-1.14801,342.14,0.43,0.46,2026-07-24,134,N21,VIIRS,n,2.0NRT,298.03,22.53,N,2026-07-24 18:07:12,2026-07-24 03:34:00,,
44.86067,-1.04955,331.11,0.42,0.45,2026-07-24,134,N21,VIIRS,n,2.0NRT,302.01,5.97,N,2026-07-24 18:07:12,2026-07-24 03:34:00,,
44.861,-1.15341,307.51,0.43,0.46,2026-07-24,134,N21,VIIRS,n,2.0NRT,294.77,22.53,N,2026-07-24 18:07:12,2026-07-24 03:34:00,,
44.86199,-1.11483,314.61,0.43,0.46,2026-07-24,134,N21,VIIRS,n,2.0NRT,293.79,144.41,N,2026-07-24 18:07:12,2026-07-24 03:34:00,,
44.86245,-1.12023,349.92,0.43,0.46,2026-07-24,134,N21,VIIRS,n,2.0NRT,303.22,144.41,N,2026-07-24 18:07:12,2026-07-24 03:34:00,,
44.8629,-1.12563,367.0,0.43,0.46,2026-07-24,134,N21,VIIRS,h,2.0NRT,330.28,1238.64,N,2026-07-24 18:07:12,2026-07-24 03:34:00,,
44.863,-1.02743,323.88,0.42,0.45,2026-07-24,134,N21,VIIRS,n,2.0NRT,290.74,5.79,N,2026-07-24 18:07:12,2026-07-24 03:34:00,,
44.86346,-1.03278,338.51,0.42,0.45,2026-07-24,134,N21,VIIRS,n,2.0NRT,295.65,5.79,N,2026-07-24 18:07:12,2026-07-24 03:34:00,,
44.86392,-1.03813,325.81,0.42,0.45,2026-07-24,134,N21,VIIRS,n,2.0NRT,300.45,4.61,N,2026-07-24 18:07:12,2026-07-24 03:34:00,,
44.86428,-1.14188,354.98,0.43,0.46,2026-07-24,134,N21,VIIRS,n,2.0NRT,305.95,295.98,N,2026-07-24 18:07:12,2026-07-24 03:34:00,,
44.86434,-1.09255,325.22,0.43,0.46,2026-07-24,134,N21,VIIRS,n,2.0NRT,297.09,4.73,N,2026-07-24 18:07:12,2026-07-24 03:34:00,,
44.86438,-1.04348,330.44,0.42,0.45,2026-07-24,134,N21,VIIRS,n,2.0NRT,300.9,4.61,N,2026-07-24 18:07:12,2026-07-24 03:34:00,,
44.86473,-1.14729,327.88,0.43,0.46,2026-07-24,134,N21,VIIRS,n,2.0NRT,295.05,2.59,N,2026-07-24 18:07:12,2026-07-24 03:34:00,,
44.86483,-1.04884,307.65,0.42,0.45,2026-07-24,134,N21,VIIRS,n,2.0NRT,295.04,4.26,N,2026-07-24 18:07:12,2026-07-24 03:34:00,,
44.86519,-1.15269,308.57,0.43,0.46,2026-07-24,134,N21,VIIRS,n,2.0NRT,294.05,2.59,N,2026-07-24 18:07:12,2026-07-24 03:34:00,,
44.86525,-1.10331,308.91,0.43,0.46,2026-07-24,134,N21,VIIRS,n,2.0NRT,292.59,21.38,N,2026-07-24 18:07:12,2026-07-24 03:34:00,,
44.86571,-1.10872,328.96,0.43,0.46,2026-07-24,134,N21,VIIRS,n,2.0NRT,306.2,21.38,N,2026-07-24 18:07:12,2026-07-24 03:34:00,,
44.86663,-1.11953,367.0,0.43,0.46,2026-07-24,134,N21,VIIRS,h,2.0NRT,337.76,144.41,N,2026-07-24 18:07:12,2026-07-24 03:34:00,,
44.86716,-1.02673,338.16,0.42,0.45,2026-07-24,134,N21,VIIRS,n,2.0NRT,297.56,5.79,N,2026-07-24 18:07:12,2026-07-24 03:34:00,,
44.86759,-1.08108,310.64,0.42,0.46,2026-07-24,134,N21,VIIRS,n,2.0NRT,296.67,3.25,N,2026-07-24 18:07:12,2026-07-24 03:34:00,,
44.86762,-1.03208,321.79,0.42,0.45,2026-07-24,134,N21,VIIRS,n,2.0NRT,297.13,5.79,N,2026-07-24 18:07:12,2026-07-24 03:34:00,,
44.868,-1.13578,367.0,0.43,0.46,2026-07-24,134,N21,VIIRS,h,2.0NRT,304.18,295.98,N,2026-07-24 18:07:12,2026-07-24 03:34:00,,
44.86808,-1.03742,338.92,0.42,0.45,2026-07-24,134,N21,VIIRS,n,2.0NRT,303.92,4.61,N,2026-07-24 18:07:12,2026-07-24 03:34:00,,
44.86846,-1.14118,333.86,0.43,0.46,2026-07-24,134,N21,VIIRS,n,2.0NRT,295.78,295.98,N,2026-07-24 18:07:12,2026-07-24 03:34:00,,
44.86854,-1.04277,321.29,0.42,0.45,2026-07-24,134,N21,VIIRS,n,2.0NRT,298.49,4.61,N,2026-07-24 18:07:12,2026-07-24 03:34:00,,
44.86892,-1.14657,313.63,0.43,0.46,2026-07-24,134,N21,VIIRS,n,2.0NRT,294.45,2.59,N,2026-07-24 18:07:12,2026-07-24 03:34:00,,
44.86897,-1.09723,322.97,0.43,0.46,2026-07-24,134,N21,VIIRS,n,2.0NRT,294.48,13.19,N,2026-07-24 18:07:12,2026-07-24 03:34:00,,
44.86943,-1.10262,332.78,0.43,0.46,2026-07-24,134,N21,VIIRS,n,2.0NRT,318.74,67.28,N,2026-07-24 18:07:12,2026-07-24 03:34:00,,
44.86989,-1.10801,341.65,0.43,0.46,2026-07-24,134,N21,VIIRS,n,2.0NRT,334.05,67.28,N,2026-07-24 18:07:12,2026-07-24 03:34:00,,
44.87035,-1.11342,332.78,0.43,0.46,2026-07-24,134,N21,VIIRS,n,2.0NRT,318.59,268.98,N,2026-07-24 18:07:12,2026-07-24 03:34:00,,
44.87127,-1.12425,367.0,0.43,0.46,2026-07-24,134,N21,VIIRS,h,2.0NRT,346.42,118.88,N,2026-07-24 18:07:12,2026-07-24 03:34:00,,
44.87131,-1.07499,310.33,0.42,0.46,2026-07-24,134,N21,VIIRS,n,2.0NRT,295.94,7.4,N,2026-07-24 18:07:12,2026-07-24 03:34:00,,
44.87132,-1.02604,307.3,0.42,0.45,2026-07-24,134,N21,VIIRS,n,2.0NRT,293.93,1.93,N,2026-07-24 18:07:12,2026-07-24 03:34:00,,
44.87173,-1.12967,340.02,0.43,0.46,2026-07-24,134,N21,VIIRS,n,2.0NRT,295.69,118.88,N,2026-07-24 18:07:12,2026-07-24 03:34:00,,
44.87177,-1.08038,312.75,0.42,0.46,2026-07-24,134,N21,VIIRS,n,2.0NRT,295.68,3.25,N,2026-07-24 18:07:12,2026-07-24 03:34:00,,
44.87178,-1.03138,313.42,0.42,0.45,2026-07-24,134,N21,VIIRS,n,2.0NRT,296.76,1.93,N,2026-07-24 18:07:12,2026-07-24 03:34:00,,
44.87219,-1.13509,322.57,0.43,0.46,2026-07-24,134,N21,VIIRS,n,2.0NRT,294.53,1.79,N,2026-07-24 18:07:12,2026-07-24 03:34:00,,
44.87225,-1.03672,313.23,0.42,0.45,2026-07-24,134,N21,VIIRS,n,2.0NRT,296.89,5.12,N,2026-07-24 18:07:12,2026-07-24 03:34:00,,
44.87265,-1.14048,310.79,0.43,0.46,2026-07-24,134,N21,VIIRS,n,2.0NRT,293.53,1.79,N,2026-07-24 18:07:12,2026-07-24 03:34:00,,
44.87315,-1.09653,309.76,0.43,0.46,2026-07-24,134,N21,VIIRS,n,2.0NRT,293.51,13.19,N,2026-07-24 18:07:12,2026-07-24 03:34:00,,
44.87361,-1.10191,321.46,0.43,0.46,2026-07-24,134,N21,VIIRS,n,2.0NRT,294.52,67.28,N,2026-07-24 18:07:12,2026-07-24 03:34:00,,
44.87407,-1.1073,333.12,0.43,0.46,2026-07-24,134,N21,VIIRS,n,2.0NRT,295.73,67.28,N,2026-07-24 18:07:12,2026-07-24 03:34:00,,
44.87453,-1.11271,349.3,0.43,0.46,2026-07-24,134,N21,VIIRS,n,2.0NRT,318.69,268.98,N,2026-07-24 18:07:12,2026-07-24 03:34:00,,
44.87499,-1.11813,345.55,0.43,0.46,2026-07-24,134,N21,VIIRS,n,2.0NRT,305.65,268.98,N,2026-07-24 18:07:12,2026-07-24 03:34:00,,
44.87545,-1.12355,324.08,0.43,0.46,2026-07-24,134,N21,VIIRS,n,2.0NRT,293.65,118.88,N,2026-07-24 18:07:12,2026-07-24 03:34:00,,
44.87548,-1.07429,310.84,0.42,0.46,2026-07-24,134,N21,VIIRS,n,2.0NRT,296.38,6.24,N,2026-07-24 18:07:12,2026-07-24 03:34:00,,
44.87549,-1.02534,310.56,0.42,0.45,2026-07-24,134,N21,VIIRS,n,2.0NRT,293.54,1.93,N,2026-07-24 18:07:12,2026-07-24 03:34:00,,
44.87592,-1.12897,321.81,0.43,0.46,2026-07-24,134,N21,VIIRS,n,2.0NRT,293.51,118.88,N,2026-07-24 18:07:12,2026-07-24 03:34:00,,
44.87594,-1.07968,337.68,0.42,0.46,2026-07-24,134,N21,VIIRS,n,2.0NRT,301.06,24.87,N,2026-07-24 18:07:12,2026-07-24 03:34:00,,
44.87595,-1.03068,316.01,0.42,0.45,2026-07-24,134,N21,VIIRS,n,2.0NRT,297.2,1.93,N,2026-07-24 18:07:12,2026-07-24 03:34:00,,
44.87637,-1.13439,318.08,0.43,0.46,2026-07-24,134,N21,VIIRS,n,2.0NRT,293.3,1.79,N,2026-07-24 18:07:12,2026-07-24 03:34:00,,
44.8764,-1.08507,314.72,0.43,0.46,2026-07-24,134,N21,VIIRS,n,2.0NRT,293.23,24.87,N,2026-07-24 18:07:12,2026-07-24 03:34:00,,
44.87687,-1.09045,350.87,0.43,0.46,2026-07-24,134,N21,VIIRS,n,2.0NRT,301.72,268.42,N,2026-07-24 18:07:12,2026-07-24 03:34:00,,
44.87732,-1.09582,367.0,0.43,0.46,2026-07-24,134,N21,VIIRS,h,2.0NRT,329.32,268.42,N,2026-07-24 18:07:12,2026-07-24 03:34:00,,
44.87778,-1.10121,367.0,0.43,0.46,2026-07-24,134,N21,VIIRS,h,2.0NRT,361.65,169.14,N,2026-07-24 18:07:12,2026-07-24 03:34:00,,
44.87825,-1.10661,340.65,0.43,0.46,2026-07-24,134,N21,VIIRS,n,2.0NRT,323.01,169.14,N,2026-07-24 18:07:12,2026-07-24 03:34:00,,
44.87871,-1.11202,346.6,0.43,0.46,2026-07-24,134,N21,VIIRS,n,2.0NRT,295.74,3.82,N,2026-07-24 18:07:12,2026-07-24 03:34:00,,
44.87917,-1.11743,322.92,0.43,0.46,2026-07-24,134,N21,VIIRS,n,2.0NRT,294.02,3.82,N,2026-07-24 18:07:12,2026-07-24 03:34:00,,
44.87918,-1.06821,310.41,0.42,0.46,2026-07-24,134,N21,VIIRS,n,2.0NRT,295.89,6.24,N,2026-07-24 18:07:12,2026-07-24 03:34:00,,
44.87963,-1.12284,321.21,0.43,0.46,2026-07-24,134,N21,VIIRS,n,2.0NRT,293.76,1.53,N,2026-07-24 18:07:12,2026-07-24 03:34:00,,
44.87965,-1.07358,346.42,0.42,0.46,2026-07-24,134,N21,VIIRS,n,2.0NRT,308.37,6.24,N,2026-07-24 18:07:12,2026-07-24 03:34:00,,
44.87965,-1.02464,315.86,0.42,0.45,2026-07-24,134,N21,VIIRS,n,2.0NRT,296.35,3.06,N,2026-07-24 18:07:12,2026-07-24 03:34:00,,
44.8801,-1.12827,306.25,0.43,0.46,2026-07-24,134,N21,VIIRS,n,2.0NRT,293.19,1.53,N,2026-07-24 18:07:12,2026-07-24 03:34:00,,
44.88012,-1.07897,349.17,0.42,0.46,2026-07-24,134,N21,VIIRS,n,2.0NRT,335.99,24.87,N,2026-07-24 18:07:12,2026-07-24 03:34:00,,
44.88058,-1.08436,353.81,0.43,0.46,2026-07-24,134,N21,VIIRS,n,2.0NRT,305.05,24.87,N,2026-07-24 18:07:12,2026-07-24 03:34:00,,
44.88196,-1.10051,367.0,0.43,0.46,2026-07-24,134,N21,VIIRS,h,2.0NRT,348.34,169.14,N,2026-07-24 18:07:12,2026-07-24 03:34:00,,
44.88243,-1.10591,345.2,0.43,0.46,2026-07-24,134,N21,VIIRS,n,2.0NRT,307.98,169.14,N,2026-07-24 18:07:12,2026-07-24 03:34:00,,
44.88288,-1.01324,301.76,0.42,0.45,2026-07-24,134,N21,VIIRS,n,2.0NRT,290.84,1.18,N,2026-07-24 18:07:12,2026-07-24 03:34:00,,
44.88289,-1.11132,314.83,0.43,0.46,2026-07-24,134,N21,VIIRS,n,2.0NRT,293.8,3.82,N,2026-07-24 18:07:12,2026-07-24 03:34:00,,
44.88289,-1.06213,309.14,0.42,0.46,2026-07-24,134,N21,VIIRS,n,2.0NRT,295.06,4.34,N,2026-07-24 18:07:12,2026-07-24 03:34:00,,
44.88335,-1.11672,315.73,0.43,0.46,2026-07-24,134,N21,VIIRS,n,2.0NRT,293.11,3.82,N,2026-07-24 18:07:12,2026-07-24 03:34:00,,
44.88335,-1.01858,306.24,0.42,0.45,2026-07-24,134,N21,VIIRS,n,2.0NRT,293.22,1.18,N,2026-07-24 18:07:12,2026-07-24 03:34:00,,
44.88336,-1.0675,346.3,0.42,0.46,2026-07-24,134,N21,VIIRS,n,2.0NRT,310.56,29.77,N,2026-07-24 18:07:12,2026-07-24 03:34:00,,
44.88381,-1.02393,311.73,0.42,0.45,2026-07-24,134,N21,VIIRS,n,2.0NRT,296.8,3.06,N,2026-07-24 18:07:12,2026-07-24 03:34:00,,
44.88382,-1.07286,354.92,0.42,0.46,2026-07-24,134,N21,VIIRS,n,2.0NRT,331.15,29.77,N,2026-07-24 18:07:12,2026-07-24 03:34:00,,
44.88428,-1.07823,367.0,0.42,0.46,2026-07-24,134,N21,VIIRS,h,2.0NRT,342.16,246.53,N,2026-07-24 18:07:12,2026-07-24 03:34:00,,
44.88475,-1.08364,367.0,0.43,0.46,2026-07-24,134,N21,VIIRS,h,2.0NRT,345.66,246.53,N,2026-07-24 18:07:12,2026-07-24 03:34:00,,
44.88568,-1.09442,354.85,0.43,0.46,2026-07-24,134,N21,VIIRS,n,2.0NRT,320.84,158.49,N,2026-07-24 18:07:12,2026-07-24 03:34:00,,
44.88614,-1.0998,326.29,0.43,0.46,2026-07-24,134,N21,VIIRS,n,2.0NRT,294.15,2.76,N,2026-07-24 18:07:12,2026-07-24 03:34:00,,
44.8866,-1.05608,323.31,0.42,0.45,2026-07-24,134,N21,VIIRS,n,2.0NRT,292.79,4.34,N,2026-07-24 18:07:12,2026-07-24 03:34:00,,
44.88661,-1.10521,311.23,0.43,0.46,2026-07-24,134,N21,VIIRS,n,2.0NRT,293.1,2.76,N,2026-07-24 18:07:12,2026-07-24 03:34:00,,
44.88704,-1.01255,334.02,0.42,0.45,2026-07-24,134,N21,VIIRS,n,2.0NRT,295.38,6.64,N,2026-07-24 18:07:12,2026-07-24 03:34:00,,
44.88707,-1.06143,333.07,0.42,0.46,2026-07-24,134,N21,VIIRS,n,2.0NRT,302.13,4.34,N,2026-07-24 18:07:12,2026-07-24 03:34:00,,
44.88751,-1.01787,329.54,0.42,0.45,2026-07-24,134,N21,VIIRS,n,2.0NRT,298.82,6.64,N,2026-07-24 18:07:12,2026-07-24 03:34:00,,
44.88753,-1.06678,354.7,0.42,0.46,2026-07-24,134,N21,VIIRS,n,2.0NRT,321.24,29.77,N,2026-07-24 18:07:12,2026-07-24 03:34:00,,
44.88797,-1.02321,310.24,0.42,0.45,2026-07-24,134,N21,VIIRS,n,2.0NRT,296.96,4.77,N,2026-07-24 18:07:12,2026-07-24 03:34:00,,
44.88799,-1.07214,354.49,0.42,0.46,2026-07-24,134,N21,VIIRS,n,2.0NRT,327.36,29.77,N,2026-07-24 18:07:12,2026-07-24 03:34:00,,
44.88845,-1.07751,367.0,0.42,0.46,2026-07-24,134,N21,VIIRS,h,2.0NRT,358.73,246.53,N,2026-07-24 18:07:12,2026-07-24 03:34:00,,
44.88939,-1.08835,350.64,0.43,0.46,2026-07-24,134,N21,VIIRS,n,2.0NRT,305.64,158.49,N,2026-07-24 18:07:12,2026-07-24 03:34:00,,
44.88985,-1.09372,315.76,0.43,0.46,2026-07-24,134,N21,VIIRS,n,2.0NRT,293.45,158.49,N,2026-07-24 18:07:12,2026-07-24 03:34:00,,
44.89032,-1.09911,310.98,0.43,0.46,2026-07-24,134,N21,VIIRS,n,2.0NRT,292.53,2.76,N,2026-07-24 18:07:12,2026-07-24 03:34:00,,
44.89074,-1.00649,336.45,0.42,0.45,2026-07-24,134,N21,VIIRS,n,2.0NRT,301.28,19.5,N,2026-07-24 18:07:12,2026-07-24 03:34:00,,
44.89077,-1.05537,315.26,0.42,0.45,2026-07-24,134,N21,VIIRS,n,2.0NRT,290.99,4.33,N,2026-07-24 18:07:12,2026-07-24 03:34:00,,
44.8912,-1.01183,342.27,0.42,0.45,2026-07-24,134,N21,VIIRS,n,2.0NRT,303.19,6.64,N,2026-07-24 18:07:12,2026-07-24 03:34:00,,
44.89124,-1.06073,315.88,0.42,0.46,2026-07-24,134,N21,VIIRS,n,2.0NRT,296.41,4.33,N,2026-07-24 18:07:12,2026-07-24 03:34:00,,
44.89167,-1.01715,318.37,0.42,0.45,2026-07-24,134,N21,VIIRS,n,2.0NRT,299.42,6.64,N,2026-07-24 18:07:12,2026-07-24 03:34:00,,
44.8917,-1.06608,350.8,0.42,0.46,2026-07-24,134,N21,VIIRS,n,2.0NRT,325.13,124.09,N,2026-07-24 18:07:12,2026-07-24 03:34:00,,
44.89216,-1.07144,367.0,0.42,0.46,2026-07-24,134,N21,VIIRS,h,2.0NRT,345.3,124.09,N,2026-07-24 18:07:12,2026-07-24 03:34:00,,
44.8931,-1.08224,346.6,0.43,0.46,2026-07-24,134,N21,VIIRS,n,2.0NRT,306.01,182.35,N,2026-07-24 18:07:12,2026-07-24 03:34:00,,
44.89357,-1.08765,319.12,0.43,0.46,2026-07-24,134,N21,VIIRS,n,2.0NRT,292.68,1.34,N,2026-07-24 18:07:12,2026-07-24 03:34:00,,
44.89403,-1.09303,311.09,0.43,0.46,2026-07-24,134,N21,VIIRS,n,2.0NRT,292.11,1.34,N,2026-07-24 18:07:12,2026-07-24 03:34:00,,
44.89489,-1.00578,329.48,0.42,0.45,2026-07-24,134,N21,VIIRS,n,2.0NRT,288.56,11.36,N,2026-07-24 18:07:12,2026-07-24 03:34:00,,
44.89494,-1.05465,319.49,0.42,0.45,2026-07-24,134,N21,VIIRS,n,2.0NRT,296.05,4.33,N,2026-07-24 18:07:12,2026-07-24 03:34:00,,
44.89536,-1.01111,367.0,0.42,0.45,2026-07-24,134,N21,VIIRS,h,2.0NRT,315.24,14.34,N,2026-07-24 18:07:12,2026-07-24 03:34:00,,
44.89541,-1.06002,344.45,0.42,0.46,2026-07-24,134,N21,VIIRS,n,2.0NRT,306.91,4.33,N,2026-07-24 18:07:12,2026-07-24 03:34:00,,
44.89583,-1.01644,344.72,0.42,0.45,2026-07-24,134,N21,VIIRS,n,2.0NRT,309.18,14.34,N,2026-07-24 18:07:12,2026-07-24 03:34:00,,
44.89587,-1.06538,348.05,0.42,0.46,2026-07-24,134,N21,VIIRS,n,2.0NRT,315.01,124.09,N,2026-07-24 18:07:12,2026-07-24 03:34:00,,
44.89629,-1.02177,306.42,0.42,0.45,2026-07-24,134,N21,VIIRS,n,2.0NRT,294.62,3.33,N,2026-07-24 18:07:12,2026-07-24 03:34:00,,
44.89681,-1.07612,343.66,0.42,0.46,2026-07-24,134,N21,VIIRS,n,2.0NRT,297.84,182.35,N,2026-07-24 18:07:12,2026-07-24 03:34:00,,
44.89727,-1.08154,311.92,0.43,0.46,2026-07-24,134,N21,VIIRS,n,2.0NRT,292.54,182.35,N,2026-07-24 18:07:12,2026-07-24 03:34:00,,
44.89774,-1.08695,307.95,0.43,0.46,2026-07-24,134,N21,VIIRS,n,2.0NRT,291.17,1.34,N,2026-07-24 18:07:12,2026-07-24 03:34:00,,
44.89911,-1.05396,320.07,0.42,0.45,2026-07-24,134,N21,VIIRS,n,2.0NRT,296.01,13.65,N,2026-07-24 18:07:12,2026-07-24 03:34:00,,
44.89952,-1.01041,347.2,0.42,0.45,2026-07-24,134,N21,VIIRS,n,2.0NRT,296.23,14.34,N,2026-07-24 18:07:12,2026-07-24 03:34:00,,
44.89958,-1.05933,341.2,0.42,0.46,2026-07-24,134,N21,VIIRS,n,2.0NRT,304.27,13.65,N,2026-07-24 18:07:12,2026-07-24 03:34:00,,
44.89999,-1.01574,339.51,0.42,0.45,2026-07-24,134,N21,VIIRS,n,2.0NRT,300.4,14.34,N,2026-07-24 18:07:12,2026-07-24 03:34:00,,
44.90004,-1.06468,353.11,0.42,0.46,2026-07-24,134,N21,VIIRS,n,2.0NRT,313.92,23.64,N,2026-07-24 18:07:12,2026-07-24 03:34:00,,
44.90051,-1.07003,312.24,0.42,0.46,2026-07-24,134,N21,VIIRS,n,2.0NRT,292.41,23.64,N,2026-07-24 18:07:12,2026-07-24 03:34:00,,
44.90098,-1.07542,309.68,0.42,0.46,2026-07-24,134,N21,VIIRS,n,2.0NRT,291.88,0.66,N,2026-07-24 18:07:12,2026-07-24 03:34:00,,
44.90145,-1.08083,306.95,0.43,0.46,2026-07-24,134,N21,VIIRS,n,2.0NRT,290.66,0.66,N,2026-07-24 18:07:12,2026-07-24 03:34:00,,
44.90234,-1.04254,313.3,0.42,0.45,2026-07-24,134,N21,VIIRS,n,2.0NRT,293.41,7.07,N,2026-07-24 18:07:12,2026-07-24 03:34:00,,
44.90281,-1.0479,349.45,0.42,0.45,2026-07-24,134,N21,VIIRS,n,2.0NRT,306.53,7.07,N,2026-07-24 18:07:12,2026-07-24 03:34:00,,
44.90328,-1.05327,354.22,0.42,0.45,2026-07-24,134,N21,VIIRS,n,2.0NRT,312.43,13.65,N,2026-07-24 18:07:12,2026-07-24 03:34:00,,
44.90375,-1.05862,367.0,0.42,0.46,2026-07-24,134,N21,VIIRS,h,2.0NRT,302.63,13.65,N,2026-07-24 18:07:12,2026-07-24 03:34:00,,
44.90462,-1.02039,302.07,0.42,0.45,2026-07-24,134,N21,VIIRS,n,2.0NRT,291.71,1.18,N,2026-07-24 18:07:12,2026-07-24 03:34:00,,
44.90469,-1.06936,304.93,0.42,0.46,2026-07-24,134,N21,VIIRS,n,2.0NRT,290.65,23.64,N,2026-07-24 18:07:12,2026-07-24 03:34:00,,
44.90516,-1.07474,307.53,0.42,0.46,2026-07-24,134,N21,VIIRS,n,2.0NRT,291.19,0.66,N,2026-07-24 18:07:12,2026-07-24 03:34:00,,
44.90698,-1.04721,367.0,0.42,0.45,2026-07-24,134,N21,VIIRS,h,2.0NRT,299.71,14.69,N,2026-07-24 18:07:12,2026-07-24 03:34:00,,
44.90745,-1.05258,349.48,0.42,0.45,2026-07-24,134,N21,VIIRS,n,2.0NRT,298.17,11.99,N,2026-07-24 18:07:12,2026-07-24 03:34:00,,
44.36251,-1.15358,318.17,0.6,0.71,2026-07-24,313,N21,VIIRS,n,2.0NRT,290.12,8.03,N,2026-07-24 18:07:12,2026-07-24 05:13:00,,
44.36306,-1.16205,321.55,0.6,0.71,2026-07-24,313,N21,VIIRS,n,2.0NRT,291.1,5.6,N,2026-07-24 18:07:12,2026-07-24 05:13:00,,
44.36479,-1.16039,346.25,0.6,0.7,2026-07-24,313,N21,VIIRS,n,2.0NRT,298.37,9.37,N,2026-07-24 18:07:12,2026-07-24 05:13:00,,
44.36613,-1.14296,302.47,0.6,0.71,2026-07-24,313,N21,VIIRS,n,2.0NRT,288.93,15.32,N,2026-07-24 18:07:12,2026-07-24 05:13:00,,
44.36672,-1.15144,367.0,0.6,0.71,2026-07-24,313,N21,VIIRS,h,2.0NRT,306.16,26.28,N,2026-07-24 18:07:12,2026-07-24 05:13:00,,
44.36706,-1.16719,315.33,0.6,0.7,2026-07-24,313,N21,VIIRS,n,2.0NRT,293.75,9.37,N,2026-07-24 18:07:12,2026-07-24 05:13:00,,
44.36842,-1.14981,367.0,0.6,0.71,2026-07-24,313,N21,VIIRS,h,2.0NRT,304.29,15.32,N,2026-07-24 18:07:12,2026-07-24 05:13:00,,
44.36897,-1.15829,367.0,0.6,0.71,2026-07-24,313,N21,VIIRS,h,2.0NRT,306.04,26.28,N,2026-07-24 18:07:12,2026-07-24 05:13:00,,
44.37035,-1.14073,340.17,0.6,0.71,2026-07-24,313,N21,VIIRS,n,2.0NRT,298.61,23.93,N,2026-07-24 18:07:12,2026-07-24 05:13:00,,
44.37069,-1.15664,367.0,0.6,0.7,2026-07-24,313,N21,VIIRS,h,2.0NRT,302.5,27.45,N,2026-07-24 18:07:12,2026-07-24 05:13:00,,
44.37119,-1.16508,355.62,0.6,0.7,2026-07-24,313,N21,VIIRS,n,2.0NRT,302.25,19.11,N,2026-07-24 18:07:12,2026-07-24 05:13:00,,
44.37202,-1.13913,342.39,0.6,0.71,2026-07-24,313,N21,VIIRS,n,2.0NRT,300.03,15.32,N,2026-07-24 18:07:12,2026-07-24 05:13:00,,
44.37261,-1.1476,354.66,0.6,0.71,2026-07-24,313,N21,VIIRS,n,2.0NRT,303.61,26.28,N,2026-07-24 18:07:12,2026-07-24 05:13:00,,
44.37296,-1.16343,367.0,0.6,0.7,2026-07-24,313,N21,VIIRS,h,2.0NRT,309.16,27.45,N,2026-07-24 18:07:12,2026-07-24 05:13:00,,
44.37338,-1.12172,319.88,0.6,0.71,2026-07-24,313,N21,VIIRS,n,2.0NRT,290.38,13.8,N,2026-07-24 18:07:12,2026-07-24 05:13:00,,
44.37341,-1.17185,340.9,0.6,0.7,2026-07-24,313,N21,VIIRS,n,2.0NRT,295.28,19.11,N,2026-07-24 18:07:12,2026-07-24 05:13:00,,
44.374,-1.13005,328.72,0.6,0.71,2026-07-24,313,N21,VIIRS,n,2.0NRT,293.66,12.67,N,2026-07-24 18:07:12,2026-07-24 05:13:00,,
44.37431,-1.146,340.03,0.6,0.71,2026-07-24,313,N21,VIIRS,n,2.0NRT,303.19,15.32,N,2026-07-24 18:07:12,2026-07-24 05:13:00,,
44.37485,-1.15445,340.36,0.6,0.71,2026-07-24,313,N21,VIIRS,n,2.0NRT,297.59,26.28,N,2026-07-24 18:07:12,2026-07-24 05:13:00,,
44.37522,-1.17018,367.0,0.6,0.7,2026-07-24,313,N21,VIIRS,h,2.0NRT,299.67,22.41,N,2026-07-24 18:07:12,2026-07-24 05:13:00,,
44.37565,-1.12854,345.9,0.6,0.71,2026-07-24,313,N21,VIIRS,n,2.0NRT,297.56,13.8,N,2026-07-24 18:07:12,2026-07-24 05:13:00,,
44.37624,-1.13687,339.81,0.6,0.71,2026-07-24,313,N21,VIIRS,n,2.0NRT,300.6,12.67,N,2026-07-24 18:07:12,2026-07-24 05:13:00,,
44.37659,-1.15284,342.6,0.6,0.7,2026-07-24,313,N21,VIIRS,n,2.0NRT,299.34,27.45,N,2026-07-24 18:07:12,2026-07-24 05:13:00,,
44.37708,-1.16125,367.0,0.6,0.7,2026-07-24,313,N21,VIIRS,h,2.0NRT,303.2,19.11,N,2026-07-24 18:07:12,2026-07-24 05:13:00,,
44.37747,-1.17692,312.0,0.6,0.7,2026-07-24,313,N21,VIIRS,n,2.0NRT,292.16,22.41,N,2026-07-24 18:07:12,2026-07-24 05:13:00,,
44.37766,-1.11937,347.72,0.6,0.71,2026-07-24,313,N21,VIIRS,n,2.0NRT,293.93,20.68,N,2026-07-24 18:07:12,2026-07-24 05:13:00,,
44.37792,-1.13532,339.76,0.6,0.71,2026-07-24,313,N21,VIIRS,n,2.0NRT,301.67,15.22,N,2026-07-24 18:07:12,2026-07-24 05:13:00,,
44.37848,-1.14373,335.01,0.6,0.71,2026-07-24,313,N21,VIIRS,n,2.0NRT,300.17,22.52,N,2026-07-24 18:07:12,2026-07-24 05:13:00,,
44.37885,-1.1596,367.0,0.6,0.7,2026-07-24,313,N21,VIIRS,h,2.0NRT,302.08,27.45,N,2026-07-24 18:07:12,2026-07-24 05:13:00,,
44.37928,-1.1179,367.0,0.6,0.71,2026-07-24,313,N21,VIIRS,h,2.0NRT,294.65,13.8,N,2026-07-24 18:07:12,2026-07-24 05:13:00,,
44.3793,-1.16804,339.02,0.6,0.7,2026-07-24,313,N21,VIIRS,n,2.0NRT,295.45,19.11,N,2026-07-24 18:07:12,2026-07-24 05:13:00,,
44.3799,-1.12623,338.44,0.6,0.71,2026-07-24,313,N21,VIIRS,n,2.0NRT,299.44,12.67,N,2026-07-24 18:07:12,2026-07-24 05:13:00,,
44.38019,-1.14216,335.8,0.6,0.71,2026-07-24,313,N21,VIIRS,n,2.0NRT,298.91,15.22,N,2026-07-24 18:07:12,2026-07-24 05:13:00,,
44.38073,-1.15059,367.0,0.6,0.71,2026-07-24,313,N21,VIIRS,h,2.0NRT,305.09,22.52,N,2026-07-24 18:07:12,2026-07-24 05:13:00,,
44.38155,-1.12473,340.4,0.6,0.71,2026-07-24,313,N21,VIIRS,n,2.0NRT,301.11,13.8,N,2026-07-24 18:07:12,2026-07-24 05:13:00,,
44.38213,-1.13304,338.86,0.6,0.71,2026-07-24,313,N21,VIIRS,n,2.0NRT,301.61,12.67,N,2026-07-24 18:07:12,2026-07-24 05:13:00,,
44.38247,-1.14898,367.0,0.6,0.7,2026-07-24,313,N21,VIIRS,h,2.0NRT,301.15,21.09,N,2026-07-24 18:07:12,2026-07-24 05:13:00,,
44.38289,-1.10723,301.39,0.6,0.71,2026-07-24,313,N21,VIIRS,n,2.0NRT,288.95,8.4,N,2026-07-24 18:07:12,2026-07-24 05:13:00,,
44.38295,-1.15739,354.9,0.6,0.7,2026-07-24,313,N21,VIIRS,n,2.0NRT,297.89,22.01,N,2026-07-24 18:07:12,2026-07-24 05:13:00,,
44.38381,-1.13152,331.17,0.6,0.71,2026-07-24,313,N21,VIIRS,n,2.0NRT,299.6,15.22,N,2026-07-24 18:07:12,2026-07-24 05:13:00,,
44.38436,-1.13987,340.18,0.6,0.71,2026-07-24,313,N21,VIIRS,n,2.0NRT,300.03,22.52,N,2026-07-24 18:07:12,2026-07-24 05:13:00,,
44.38473,-1.15576,347.71,0.6,0.7,2026-07-24,313,N21,VIIRS,n,2.0NRT,296.27,21.09,N,2026-07-24 18:07:12,2026-07-24 05:13:00,,
44.38515,-1.11402,349.84,0.6,0.71,2026-07-24,313,N21,VIIRS,n,2.0NRT,297.94,13.28,N,2026-07-24 18:07:12,2026-07-24 05:13:00,,
44.38608,-1.13834,341.61,0.6,0.71,2026-07-24,313,N21,VIIRS,n,2.0NRT,302.4,15.22,N,2026-07-24 18:07:12,2026-07-24 05:13:00,,
44.3866,-1.14671,367.0,0.6,0.71,2026-07-24,313,N21,VIIRS,h,2.0NRT,302.19,22.52,N,2026-07-24 18:07:12,2026-07-24 05:13:00,,
44.38743,-1.12086,347.76,0.6,0.71,2026-07-24,313,N21,VIIRS,n,2.0NRT,305.64,13.28,N,2026-07-24 18:07:12,2026-07-24 05:13:00,,
44.38835,-1.14515,367.0,0.6,0.7,2026-07-24,313,N21,VIIRS,h,2.0NRT,305.97,21.09,N,2026-07-24 18:07:12,2026-07-24 05:13:00,,
44.38882,-1.15349,315.55,0.6,0.7,2026-07-24,313,N21,VIIRS,n,2.0NRT,293.98,22.01,N,2026-07-24 18:07:12,2026-07-24 05:13:00,,
44.3897,-1.12768,352.65,0.6,0.71,2026-07-24,313,N21,VIIRS,n,2.0NRT,308.38,15.69,N,2026-07-24 18:07:12,2026-07-24 05:13:00,,
44.3906,-1.15191,328.4,0.6,0.7,2026-07-24,313,N21,VIIRS,n,2.0NRT,296.25,21.09,N,2026-07-24 18:07:12,2026-07-24 05:13:00,,
44.39104,-1.11017,323.77,0.6,0.71,2026-07-24,313,N21,VIIRS,n,2.0NRT,294.47,13.28,N,2026-07-24 18:07:12,2026-07-24 05:13:00,,
44.39197,-1.13451,342.34,0.6,0.71,2026-07-24,313,N21,VIIRS,n,2.0NRT,304.59,15.69,N,2026-07-24 18:07:12,2026-07-24 05:13:00,,
44.39332,-1.117,328.21,0.6,0.71,2026-07-24,313,N21,VIIRS,n,2.0NRT,298.71,13.28,N,2026-07-24 18:07:12,2026-07-24 05:13:00,,
44.39423,-1.14131,345.93,0.6,0.7,2026-07-24,313,N21,VIIRS,n,2.0NRT,305.53,16.37,N,2026-07-24 18:07:12,2026-07-24 05:13:00,,
44.39559,-1.12384,337.86,0.6,0.71,2026-07-24,313,N21,VIIRS,n,2.0NRT,302.08,15.69,N,2026-07-24 18:07:12,2026-07-24 05:13:00,,
44.39648,-1.14808,343.49,0.6,0.7,2026-07-24,313,N21,VIIRS,n,2.0NRT,303.69,16.37,N,2026-07-24 18:07:12,2026-07-24 05:13:00,,
44.39693,-1.10632,306.77,0.6,0.71,2026-07-24,313,N21,VIIRS,n,2.0NRT,291.52,6.78,N,2026-07-24 18:07:12,2026-07-24 05:13:00,,
44.39785,-1.13066,331.74,0.6,0.71,2026-07-24,313,N21,VIIRS,n,2.0NRT,298.71,15.69,N,2026-07-24 18:07:12,2026-07-24 05:13:00,,
44.39919,-1.11314,318.04,0.6,0.71,2026-07-24,313,N21,VIIRS,n,2.0NRT,295.09,6.78,N,2026-07-24 18:07:12,2026-07-24 05:13:00,,
44.40011,-1.13746,340.81,0.6,0.7,2026-07-24,313,N21,VIIRS,n,2.0NRT,303.81,16.37,N,2026-07-24 18:07:12,2026-07-24 05:13:00,,
44.40147,-1.11998,314.93,0.6,0.71,2026-07-24,313,N21,VIIRS,n,2.0NRT,295.68,8.86,N,2026-07-24 18:07:12,2026-07-24 05:13:00,,
44.40235,-1.14422,353.66,0.6,0.7,2026-07-24,313,N21,VIIRS,n,2.0NRT,308.42,16.37,N,2026-07-24 18:07:12,2026-07-24 05:13:00,,
44.40372,-1.12678,329.99,0.6,0.71,2026-07-24,313,N21,VIIRS,n,2.0NRT,300.55,8.86,N,2026-07-24 18:07:12,2026-07-24 05:13:00,,
44.40459,-1.15095,325.93,0.6,0.7,2026-07-24,313,N21,VIIRS,n,2.0NRT,295.31,17.8,N,2026-07-24 18:07:12,2026-07-24 05:13:00,,
44.40506,-1.10924,337.19,0.6,0.71,2026-07-24,313,N21,VIIRS,n,2.0NRT,300.03,6.78,N,2026-07-24 18:07:12,2026-07-24 05:13:00,,
44.40597,-1.13356,339.8,0.6,0.7,2026-07-24,313,N21,VIIRS,n,2.0NRT,302.41,16.17,N,2026-07-24 18:07:12,2026-07-24 05:13:00,,
44.40733,-1.11608,326.13,0.6,0.71,2026-07-24,313,N21,VIIRS,n,2.0NRT,298.16,8.86,N,2026-07-24 18:07:12,2026-07-24 05:13:00,,
44.40822,-1.14032,344.62,0.6,0.7,2026-07-24,313,N21,VIIRS,n,2.0NRT,302.59,16.17,N,2026-07-24 18:07:12,2026-07-24 05:13:00,,
44.40864,-1.09842,303.78,0.6,0.71,2026-07-24,313,N21,VIIRS,n,2.0NRT,289.67,20.99,N,2026-07-24 18:07:12,2026-07-24 05:13:00,,
44.40959,-1.12287,325.25,0.6,0.71,2026-07-24,313,N21,VIIRS,n,2.0NRT,297.78,8.86,N,2026-07-24 18:07:12,2026-07-24 05:13:00,,
44.41045,-1.14707,351.96,0.6,0.7,2026-07-24,313,N21,VIIRS,n,2.0NRT,295.64,14.7,N,2026-07-24 18:07:12,2026-07-24 05:13:00,,
44.41093,-1.10531,367.0,0.6,0.71,2026-07-24,313,N21,VIIRS,h,2.0NRT,306.58,20.99,N,2026-07-24 18:07:12,2026-07-24 05:13:00,,
44.41183,-1.12966,339.21,0.6,0.7,2026-07-24,313,N21,VIIRS,n,2.0NRT,302.01,16.17,N,2026-07-24 18:07:12,2026-07-24 05:13:00,,
44.4127,-1.15385,348.14,0.6,0.7,2026-07-24,313,N21,VIIRS,n,2.0NRT,294.71,14.7,N,2026-07-24 18:07:12,2026-07-24 05:13:00,,
44.4132,-1.11218,367.0,0.6,0.71,2026-07-24,313,N21,VIIRS,h,2.0NRT,309.36,20.22,N,2026-07-24 18:07:12,2026-07-24 05:13:00,,
44.41407,-1.13641,351.07,0.6,0.7,2026-07-24,313,N21,VIIRS,n,2.0NRT,304.61,16.17,N,2026-07-24 18:07:12,2026-07-24 05:13:00,,
44.41545,-1.11898,329.35,0.6,0.71,2026-07-24,313,N21,VIIRS,n,2.0NRT,298.35,20.22,N,2026-07-24 18:07:12,2026-07-24 05:13:00,,
44.41631,-1.14316,344.65,0.6,0.7,2026-07-24,313,N21,VIIRS,n,2.0NRT,297.13,14.7,N,2026-07-24 18:07:12,2026-07-24 05:13:00,,
44.41679,-1.10141,335.91,0.6,0.71,2026-07-24,313,N21,VIIRS,n,2.0NRT,288.18,20.99,N,2026-07-24 18:07:12,2026-07-24 05:13:00,,
44.41769,-1.12574,316.22,0.6,0.7,2026-07-24,313,N21,VIIRS,n,2.0NRT,294.03,12.43,N,2026-07-24 18:07:12,2026-07-24 05:13:00,,
44.41855,-1.14993,320.59,0.6,0.7,2026-07-24,313,N21,VIIRS,n,2.0NRT,292.51,14.7,N,2026-07-24 18:07:12,2026-07-24 05:13:00,,
44.41906,-1.10827,311.86,0.6,0.71,2026-07-24,313,N21,VIIRS,n,2.0NRT,289.87,20.22,N,2026-07-24 18:07:12,2026-07-24 05:13:00,,
44.41992,-1.13249,338.56,0.6,0.7,2026-07-24,313,N21,VIIRS,n,2.0NRT,298.97,12.43,N,2026-07-24 18:07:12,2026-07-24 05:13:00,,
44.42131,-1.11508,336.05,0.6,0.71,2026-07-24,313,N21,VIIRS,n,2.0NRT,298.3,20.22,N,2026-07-24 18:07:12,2026-07-24 05:13:00,,
44.42216,-1.13924,348.79,0.6,0.7,2026-07-24,313,N21,VIIRS,n,2.0NRT,294.41,84.24,N,2026-07-24 18:07:12,2026-07-24 05:13:00,,
44.42354,-1.1218,324.18,0.6,0.7,2026-07-24,313,N21,VIIRS,n,2.0NRT,296.25,12.43,N,2026-07-24 18:07:12,2026-07-24 05:13:00,,
44.42441,-1.14603,327.04,0.6,0.7,2026-07-24,313,N21,VIIRS,n,2.0NRT,307.73,84.24,N,2026-07-24 18:07:12,2026-07-24 05:13:00,,
44.42578,-1.12856,348.62,0.6,0.7,2026-07-24,313,N21,VIIRS,n,2.0NRT,302.79,12.43,N,2026-07-24 18:07:12,2026-07-24 05:13:00,,
44.42665,-1.15282,367.0,0.6,0.7,2026-07-24,313,N21,VIIRS,h,2.0NRT,295.94,74.0,N,2026-07-24 18:07:12,2026-07-24 05:13:00,,
44.42716,-1.1111,327.3,0.6,0.71,2026-07-24,313,N21,VIIRS,n,2.0NRT,292.28,10.73,N,2026-07-24 18:07:12,2026-07-24 05:13:00,,
44.42802,-1.13535,352.27,0.6,0.7,2026-07-24,313,N21,VIIRS,n,2.0NRT,299.14,84.24,N,2026-07-24 18:07:12,2026-07-24 05:13:00,,
44.42939,-1.11786,334.26,0.6,0.7,2026-07-24,313,N21,VIIRS,n,2.0NRT,298.89,8.24,N,2026-07-24 18:07:12,2026-07-24 05:13:00,,
44.43027,-1.14215,367.0,0.6,0.7,2026-07-24,313,N21,VIIRS,h,2.0NRT,313.13,84.24,N,2026-07-24 18:07:12,2026-07-24 05:13:00,,
44.43163,-1.12465,337.86,0.6,0.7,2026-07-24,313,N21,VIIRS,n,2.0NRT,300.19,8.24,N,2026-07-24 18:07:12,2026-07-24 05:13:00,,
44.43251,-1.14893,310.97,0.6,0.7,2026-07-24,313,N21,VIIRS,n,2.0NRT,289.56,74.0,N,2026-07-24 18:07:12,2026-07-24 05:13:00,,
44.43388,-1.13144,329.64,0.6,0.7,2026-07-24,313,N21,VIIRS,n,2.0NRT,294.63,7.64,N,2026-07-24 18:07:12,2026-07-24 05:13:00,,
44.43527,-1.11401,304.72,0.6,0.7,2026-07-24,313,N21,VIIRS,n,2.0NRT,289.44,8.24,N,2026-07-24 18:07:12,2026-07-24 05:13:00,,
44.43749,-1.12075,325.28,0.6,0.7,2026-07-24,313,N21,VIIRS,n,2.0NRT,295.65,8.24,N,2026-07-24 18:07:12,2026-07-24 05:13:00,,
44.43973,-1.12753,307.68,0.6,0.7,2026-07-24,313,N21,VIIRS,n,2.0NRT,291.07,7.64,N,2026-07-24 18:07:12,2026-07-24 05:13:00,,
44.44336,-1.11685,303.59,0.6,0.7,2026-07-24,313,N21,VIIRS,n,2.0NRT,289.0,1.69,N,2026-07-24 18:07:12,2026-07-24 05:13:00,,
44.78132,-1.14363,316.68,0.58,0.7,2026-07-24,313,N21,VIIRS,n,2.0NRT,292.02,3.07,N,2026-07-24 18:07:12,2026-07-24 05:13:00,,
44.78276,-1.1265,302.97,0.58,0.7,2026-07-24,313,N21,VIIRS,n,2.0NRT,289.3,37.33,N,2026-07-24 18:07:12,2026-07-24 05:13:00,,
44.78375,-1.21537,316.79,0.58,0.69,2026-07-24,313,N21,VIIRS,n,2.0NRT,293.86,12.32,N,2026-07-24 18:07:12,2026-07-24 05:13:00,,
44.78495,-1.13316,347.47,0.58,0.7,2026-07-24,313,N21,VIIRS,n,2.0NRT,300.75,37.33,N,2026-07-24 18:07:12,2026-07-24 05:13:00,,
44.7859,-1.22189,367.0,0.58,0.69,2026-07-24,313,N21,VIIRS,h,2.0NRT,301.6,39.21,N,2026-07-24 18:07:12,2026-07-24 05:13:00,,
44.78713,-1.13979,367.0,0.58,0.7,2026-07-24,313,N21,VIIRS,h,2.0NRT,308.78,52.83,N,2026-07-24 18:07:12,2026-07-24 05:13:00,,
44.78736,-1.2049,321.81,0.58,0.7,2026-07-24,313,N21,VIIRS,n,2.0NRT,295.35,12.32,N,2026-07-24 18:07:12,2026-07-24 05:13:00,,
44.78804,-1.2284,367.0,0.58,0.69,2026-07-24,313,N21,VIIRS,h,2.0NRT,308.86,39.21,N,2026-07-24 18:07:12,2026-07-24 05:13:00,,
44.78856,-1.12262,348.92,0.58,0.7,2026-07-24,313,N21,VIIRS,n,2.0NRT,301.31,37.33,N,2026-07-24 18:07:12,2026-07-24 05:13:00,,
44.78876,-1.18771,335.35,0.58,0.7,2026-07-24,313,N21,VIIRS,n,2.0NRT,294.74,9.04,N,2026-07-24 18:07:12,2026-07-24 05:13:00,,
44.78956,-1.2116,346.9,0.58,0.69,2026-07-24,313,N21,VIIRS,n,2.0NRT,302.51,12.32,N,2026-07-24 18:07:12,2026-07-24 05:13:00,,
44.79017,-1.23488,348.86,0.58,0.69,2026-07-24,313,N21,VIIRS,n,2.0NRT,296.64,26.62,N,2026-07-24 18:07:12,2026-07-24 05:13:00,,
44.79076,-1.1293,367.0,0.58,0.7,2026-07-24,313,N21,VIIRS,h,2.0NRT,305.65,37.33,N,2026-07-24 18:07:12,2026-07-24 05:13:00,,
44.79092,-1.19429,324.23,0.58,0.7,2026-07-24,313,N21,VIIRS,n,2.0NRT,296.59,9.04,N,2026-07-24 18:07:12,2026-07-24 05:13:00,,
44.7917,-1.2181,367.0,0.58,0.69,2026-07-24,313,N21,VIIRS,h,2.0NRT,310.07,39.21,N,2026-07-24 18:07:12,2026-07-24 05:13:00,,
44.79218,-1.11209,326.61,0.58,0.7,2026-07-24,313,N21,VIIRS,n,2.0NRT,291.42,10.35,N,2026-07-24 18:07:12,2026-07-24 05:13:00,,
44.79233,-1.17711,312.83,0.58,0.7,2026-07-24,313,N21,VIIRS,n,2.0NRT,292.96,7.92,N,2026-07-24 18:07:12,2026-07-24 05:13:00,,
44.79294,-1.13594,335.66,0.58,0.7,2026-07-24,313,N21,VIIRS,n,2.0NRT,298.33,52.83,N,2026-07-24 18:07:12,2026-07-24 05:13:00,,
44.79312,-1.20097,328.24,0.58,0.7,2026-07-24,313,N21,VIIRS,n,2.0NRT,297.81,31.9,N,2026-07-24 18:07:12,2026-07-24 05:13:00,,
44.79384,-1.22461,367.0,0.58,0.69,2026-07-24,313,N21,VIIRS,h,2.0NRT,309.34,39.21,N,2026-07-24 18:07:12,2026-07-24 05:13:00,,
44.79438,-1.11878,367.0,0.58,0.7,2026-07-24,313,N21,VIIRS,h,2.0NRT,305.85,16.9,N,2026-07-24 18:07:12,2026-07-24 05:13:00,,
44.79454,-1.18381,331.92,0.58,0.7,2026-07-24,313,N21,VIIRS,n,2.0NRT,297.48,9.04,N,2026-07-24 18:07:12,2026-07-24 05:13:00,,
44.79534,-1.20772,354.01,0.58,0.69,2026-07-24,313,N21,VIIRS,n,2.0NRT,305.0,31.9,N,2026-07-24 18:07:12,2026-07-24 05:13:00,,
44.79545,-1.11185,350.29,0.58,0.7,2026-07-24,313,N21,VIIRS,n,2.0NRT,294.63,14.02,N,2026-07-24 18:07:12,2026-07-24 05:13:00,,
44.79592,-1.16652,308.15,0.58,0.7,2026-07-24,313,N21,VIIRS,n,2.0NRT,292.62,4.15,N,2026-07-24 18:07:12,2026-07-24 05:13:00,,
44.79597,-1.23108,325.51,0.58,0.69,2026-07-24,313,N21,VIIRS,n,2.0NRT,293.7,26.62,N,2026-07-24 18:07:12,2026-07-24 05:13:00,,
44.79656,-1.12544,339.87,0.58,0.7,2026-07-24,313,N21,VIIRS,n,2.0NRT,302.37,16.9,N,2026-07-24 18:07:12,2026-07-24 05:13:00,,
44.79671,-1.19042,330.6,0.58,0.7,2026-07-24,313,N21,VIIRS,n,2.0NRT,296.77,9.04,N,2026-07-24 18:07:12,2026-07-24 05:13:00,,
44.79751,-1.21433,347.76,0.58,0.69,2026-07-24,313,N21,VIIRS,n,2.0NRT,318.79,57.7,N,2026-07-24 18:07:12,2026-07-24 05:13:00,,
44.79768,-1.11852,351.08,0.58,0.7,2026-07-24,313,N21,VIIRS,n,2.0NRT,305.44,14.02,N,2026-07-24 18:07:12,2026-07-24 05:13:00,,
44.79799,-1.10822,311.06,0.58,0.7,2026-07-24,313,N21,VIIRS,n,2.0NRT,290.3,10.35,N,2026-07-24 18:07:12,2026-07-24 05:13:00,,
44.79814,-1.1733,314.02,0.58,0.7,2026-07-24,313,N21,VIIRS,n,2.0NRT,295.21,4.15,N,2026-07-24 18:07:12,2026-07-24 05:13:00,,
44.79874,-1.13207,323.68,0.58,0.7,2026-07-24,313,N21,VIIRS,n,2.0NRT,294.84,6.68,N,2026-07-24 18:07:12,2026-07-24 05:13:00,,
44.7989,-1.19707,367.0,0.58,0.7,2026-07-24,313,N21,VIIRS,h,2.0NRT,305.35,31.9,N,2026-07-24 18:07:12,2026-07-24 05:13:00,,
44.79965,-1.22082,348.85,0.58,0.69,2026-07-24,313,N21,VIIRS,n,2.0NRT,295.62,57.7,N,2026-07-24 18:07:12,2026-07-24 05:13:00,,
44.79989,-1.12515,338.91,0.58,0.7,2026-07-24,313,N21,VIIRS,n,2.0NRT,301.86,10.21,N,2026-07-24 18:07:12,2026-07-24 05:13:00,,
44.80018,-1.1149,342.31,0.58,0.7,2026-07-24,313,N21,VIIRS,n,2.0NRT,301.0,16.9,N,2026-07-24 18:07:12,2026-07-24 05:13:00,,
44.80034,-1.17999,330.83,0.58,0.7,2026-07-24,313,N21,VIIRS,n,2.0NRT,298.13,26.6,N,2026-07-24 18:07:12,2026-07-24 05:13:00,,
44.80092,-1.13871,304.7,0.58,0.7,2026-07-24,313,N21,VIIRS,n,2.0NRT,292.26,6.68,N,2026-07-24 18:07:12,2026-07-24 05:13:00,,
44.80113,-1.20388,367.0,0.58,0.69,2026-07-24,313,N21,VIIRS,h,2.0NRT,305.12,31.9,N,2026-07-24 18:07:12,2026-07-24 05:13:00,,
44.80127,-1.10802,352.72,0.58,0.7,2026-07-24,313,N21,VIIRS,n,2.0NRT,295.64,14.02,N,2026-07-24 18:07:12,2026-07-24 05:13:00,,
44.80159,-1.09763,325.41,0.58,0.7,2026-07-24,313,N21,VIIRS,n,2.0NRT,290.55,25.22,N,2026-07-24 18:07:12,2026-07-24 05:13:00,,
44.8021,-1.13176,324.43,0.58,0.7,2026-07-24,313,N21,VIIRS,n,2.0NRT,296.78,10.21,N,2026-07-24 18:07:12,2026-07-24 05:13:00,,
44.80237,-1.12157,338.94,0.58,0.7,2026-07-24,313,N21,VIIRS,n,2.0NRT,302.66,16.9,N,2026-07-24 18:07:12,2026-07-24 05:13:00,,
44.80253,-1.18668,352.2,0.58,0.7,2026-07-24,313,N21,VIIRS,n,2.0NRT,304.81,26.6,N,2026-07-24 18:07:12,2026-07-24 05:13:00,,
44.8031,-1.14537,316.94,0.58,0.7,2026-07-24,313,N21,VIIRS,n,2.0NRT,294.71,5.68,N,2026-07-24 18:07:12,2026-07-24 05:13:00,,
44.80331,-1.21051,339.51,0.58,0.69,2026-07-24,313,N21,VIIRS,n,2.0NRT,293.99,57.7,N,2026-07-24 18:07:12,2026-07-24 05:13:00,,
44.80349,-1.11467,322.93,0.58,0.7,2026-07-24,313,N21,VIIRS,n,2.0NRT,296.54,14.02,N,2026-07-24 18:07:12,2026-07-24 05:13:00,,
44.80379,-1.10435,367.0,0.58,0.7,2026-07-24,313,N21,VIIRS,h,2.0NRT,312.42,25.22,N,2026-07-24 18:07:12,2026-07-24 05:13:00,,
44.80393,-1.16942,311.36,0.58,0.7,2026-07-24,313,N21,VIIRS,n,2.0NRT,294.23,4.15,N,2026-07-24 18:07:12,2026-07-24 05:13:00,,
44.80432,-1.13838,312.02,0.58,0.7,2026-07-24,313,N21,VIIRS,n,2.0NRT,294.63,5.03,N,2026-07-24 18:07:12,2026-07-24 05:13:00,,
44.80455,-1.12822,327.71,0.58,0.7,2026-07-24,313,N21,VIIRS,n,2.0NRT,299.39,6.68,N,2026-07-24 18:07:12,2026-07-24 05:13:00,,
44.80471,-1.19332,367.0,0.58,0.7,2026-07-24,313,N21,VIIRS,h,2.0NRT,307.43,33.93,N,2026-07-24 18:07:12,2026-07-24 05:13:00,,
44.80485,-1.09749,347.43,0.58,0.7,2026-07-24,313,N21,VIIRS,n,2.0NRT,293.99,33.07,N,2026-07-24 18:07:12,2026-07-24 05:13:00,,
44.80571,-1.12131,335.45,0.58,0.7,2026-07-24,313,N21,VIIRS,n,2.0NRT,302.82,10.21,N,2026-07-24 18:07:12,2026-07-24 05:13:00,,
44.80598,-1.11104,310.87,0.58,0.7,2026-07-24,313,N21,VIIRS,n,2.0NRT,293.49,18.61,N,2026-07-24 18:07:12,2026-07-24 05:13:00,,
44.80614,-1.17616,334.47,0.58,0.7,2026-07-24,313,N21,VIIRS,n,2.0NRT,295.99,26.6,N,2026-07-24 18:07:12,2026-07-24 05:13:00,,
44.80653,-1.14503,311.85,0.58,0.7,2026-07-24,313,N21,VIIRS,n,2.0NRT,293.76,5.03,N,2026-07-24 18:07:12,2026-07-24 05:13:00,,
44.80672,-1.13487,329.31,0.58,0.7,2026-07-24,313,N21,VIIRS,n,2.0NRT,299.74,6.68,N,2026-07-24 18:07:12,2026-07-24 05:13:00,,
44.8069,-1.19999,320.86,0.58,0.69,2026-07-24,313,N21,VIIRS,n,2.0NRT,289.44,33.93,N,2026-07-24 18:07:12,2026-07-24 05:13:00,,
44.80709,-1.10419,367.0,0.58,0.7,2026-07-24,313,N21,VIIRS,h,2.0NRT,305.39,71.8,N,2026-07-24 18:07:12,2026-07-24 05:13:00,,
44.8074,-1.09377,347.88,0.58,0.7,2026-07-24,313,N21,VIIRS,n,2.0NRT,293.17,25.22,N,2026-07-24 18:07:12,2026-07-24 05:13:00,,
44.80792,-1.12794,325.82,0.58,0.7,2026-07-24,313,N21,VIIRS,n,2.0NRT,299.19,10.21,N,2026-07-24 18:07:12,2026-07-24 05:13:00,,
44.80817,-1.1177,328.07,0.58,0.7,2026-07-24,313,N21,VIIRS,n,2.0NRT,299.67,18.61,N,2026-07-24 18:07:12,2026-07-24 05:13:00,,
44.80833,-1.18283,367.0,0.58,0.7,2026-07-24,313,N21,VIIRS,h,2.0NRT,304.55,26.6,N,2026-07-24 18:07:12,2026-07-24 05:13:00,,
44.8089,-1.1415,311.71,0.58,0.7,2026-07-24,313,N21,VIIRS,n,2.0NRT,294.3,5.68,N,2026-07-24 18:07:12,2026-07-24 05:13:00,,
44.80909,-1.20666,301.75,0.58,0.69,2026-07-24,313,N21,VIIRS,n,2.0NRT,287.27,2.99,N,2026-07-24 18:07:12,2026-07-24 05:13:00,,
44.8096,-1.10049,311.83,0.58,0.7,2026-07-24,313,N21,VIIRS,n,2.0NRT,293.13,25.22,N,2026-07-24 18:07:12,2026-07-24 05:13:00,,
44.8097,-1.1655,305.19,0.58,0.7,2026-07-24,313,N21,VIIRS,n,2.0NRT,293.23,7.59,N,2026-07-24 18:07:12,2026-07-24 05:13:00,,
44.81013,-1.13458,332.39,0.58,0.7,2026-07-24,313,N21,VIIRS,n,2.0NRT,301.17,5.03,N,2026-07-24 18:07:12,2026-07-24 05:13:00,,
44.81035,-1.12436,323.47,0.58,0.7,2026-07-24,313,N21,VIIRS,n,2.0NRT,298.5,7.43,N,2026-07-24 18:07:12,2026-07-24 05:13:00,,
44.81051,-1.18948,311.44,0.58,0.7,2026-07-24,313,N21,VIIRS,n,2.0NRT,291.53,33.93,N,2026-07-24 18:07:12,2026-07-24 05:13:00,,
44.81068,-1.09367,367.0,0.58,0.7,2026-07-24,313,N21,VIIRS,h,2.0NRT,297.14,33.07,N,2026-07-24 18:07:12,2026-07-24 05:13:00,,
44.81152,-1.11748,311.98,0.58,0.7,2026-07-24,313,N21,VIIRS,n,2.0NRT,295.02,5.8,N,2026-07-24 18:07:12,2026-07-24 05:13:00,,
44.81192,-1.17226,343.15,0.58,0.7,2026-07-24,313,N21,VIIRS,n,2.0NRT,295.18,12.46,N,2026-07-24 18:07:12,2026-07-24 05:13:00,,
44.81234,-1.14119,311.86,0.58,0.7,2026-07-24,313,N21,VIIRS,n,2.0NRT,295.45,5.03,N,2026-07-24 18:07:12,2026-07-24 05:13:00,,
44.81253,-1.13103,331.8,0.58,0.7,2026-07-24,313,N21,VIIRS,n,2.0NRT,300.8,7.43,N,2026-07-24 18:07:12,2026-07-24 05:13:00,,
44.81323,-1.08993,367.0,0.58,0.7,2026-07-24,313,N21,VIIRS,h,2.0NRT,296.06,11.98,N,2026-07-24 18:07:12,2026-07-24 05:13:00,,
44.81372,-1.1241,316.88,0.58,0.7,2026-07-24,313,N21,VIIRS,n,2.0NRT,296.63,5.8,N,2026-07-24 18:07:12,2026-07-24 05:13:00,,
44.8147,-1.13765,312.36,0.58,0.7,2026-07-24,313,N21,VIIRS,n,2.0NRT,295.63,5.0,N,2026-07-24 18:07:12,2026-07-24 05:13:00,,
44.81542,-1.09663,311.77,0.58,0.7,2026-07-24,313,N21,VIIRS,n,2.0NRT,293.3,11.98,N,2026-07-24 18:07:12,2026-07-24 05:13:00,,
44.81546,-1.17178,304.73,0.58,0.7,2026-07-24,313,N21,VIIRS,n,2.0NRT,292.0,2.93,N,2026-07-24 18:07:12,2026-07-24 05:13:00,,
44.81594,-1.13075,330.71,0.58,0.7,2026-07-24,313,N21,VIIRS,n,2.0NRT,298.75,12.35,N,2026-07-24 18:07:12,2026-07-24 05:13:00,,
44.81651,-1.08986,350.59,0.58,0.7,2026-07-24,313,N21,VIIRS,n,2.0NRT,296.31,11.14,N,2026-07-24 18:07:12,2026-07-24 05:13:00,,
44.81683,-1.07931,307.63,0.58,0.7,2026-07-24,313,N21,VIIRS,n,2.0NRT,290.5,10.43,N,2026-07-24 18:07:12,2026-07-24 05:13:00,,
44.81833,-1.12715,317.11,0.58,0.7,2026-07-24,313,N21,VIIRS,n,2.0NRT,295.48,7.43,N,2026-07-24 18:07:12,2026-07-24 05:13:00,,
44.81898,-1.16112,306.57,0.58,0.7,2026-07-24,313,N21,VIIRS,n,2.0NRT,294.2,2.93,N,2026-07-24 18:07:12,2026-07-24 05:13:00,,
44.81903,-1.08606,346.51,0.58,0.7,2026-07-24,313,N21,VIIRS,n,2.0NRT,296.03,11.98,N,2026-07-24 18:07:12,2026-07-24 05:13:00,,
44.82009,-1.07929,352.79,0.58,0.7,2026-07-24,313,N21,VIIRS,n,2.0NRT,295.71,11.14,N,2026-07-24 18:07:12,2026-07-24 05:13:00,,
44.8205,-1.13379,308.62,0.58,0.7,2026-07-24,313,N21,VIIRS,n,2.0NRT,294.62,5.0,N,2026-07-24 18:07:12,2026-07-24 05:13:00,,
44.82232,-1.08603,323.79,0.58,0.7,2026-07-24,313,N21,VIIRS,n,2.0NRT,293.71,11.14,N,2026-07-24 18:07:12,2026-07-24 05:13:00,,
44.82263,-1.07541,367.0,0.58,0.7,2026-07-24,313,N21,VIIRS,h,2.0NRT,299.1,27.31,N,2026-07-24 18:07:12,2026-07-24 05:13:00,,
44.82367,-1.06874,314.33,0.58,0.7,2026-07-24,313,N21,VIIRS,n,2.0NRT,290.29,14.04,N,2026-07-24 18:07:12,2026-07-24 05:13:00,,
44.82478,-1.15729,310.89,0.58,0.7,2026-07-24,313,N21,VIIRS,n,2.0NRT,293.8,4.39,N,2026-07-24 18:07:12,2026-07-24 05:13:00,,
44.82483,-1.08213,306.95,0.58,0.7,2026-07-24,313,N21,VIIRS,n,2.0NRT,293.2,13.99,N,2026-07-24 18:07:12,2026-07-24 05:13:00,,
44.82589,-1.07541,367.0,0.58,0.7,2026-07-24,313,N21,VIIRS,h,2.0NRT,304.16,13.8,N,2026-07-24 18:07:12,2026-07-24 05:13:00,,
44.82703,-1.15377,310.73,0.58,0.7,2026-07-24,313,N21,VIIRS,n,2.0NRT,293.86,5.63,N,2026-07-24 18:07:12,2026-07-24 05:13:00,,
44.82811,-1.08209,306.44,0.58,0.7,2026-07-24,313,N21,VIIRS,n,2.0NRT,294.13,13.8,N,2026-07-24 18:07:12,2026-07-24 05:13:00,,
44.82837,-1.14682,316.72,0.58,0.7,2026-07-24,313,N21,VIIRS,n,2.0NRT,293.2,6.22,N,2026-07-24 18:07:12,2026-07-24 05:13:00,,
44.82844,-1.0715,367.0,0.58,0.7,2026-07-24,313,N21,VIIRS,h,2.0NRT,304.66,27.31,N,2026-07-24 18:07:12,2026-07-24 05:13:00,,
44.8295,-1.06491,308.39,0.58,0.7,2026-07-24,313,N21,VIIRS,n,2.0NRT,289.59,14.04,N,2026-07-24 18:07:12,2026-07-24 05:13:00,,
44.83062,-1.0782,310.66,0.58,0.7,2026-07-24,313,N21,VIIRS,n,2.0NRT,294.4,13.99,N,2026-07-24 18:07:12,2026-07-24 05:13:00,,
44.83064,-1.1432,314.35,0.58,0.7,2026-07-24,313,N21,VIIRS,n,2.0NRT,292.27,3.17,N,2026-07-24 18:07:12,2026-07-24 05:13:00,,
44.83171,-1.07155,367.0,0.58,0.7,2026-07-24,313,N21,VIIRS,h,2.0NRT,300.59,13.8,N,2026-07-24 18:07:12,2026-07-24 05:13:00,,
44.83391,-1.0782,306.26,0.58,0.7,2026-07-24,313,N21,VIIRS,n,2.0NRT,293.68,13.8,N,2026-07-24 18:07:12,2026-07-24 05:13:00,,
44.83424,-1.13263,305.09,0.58,0.7,2026-07-24,313,N21,VIIRS,n,2.0NRT,292.96,3.71,N,2026-07-24 18:07:12,2026-07-24 05:13:00,,
44.83751,-1.06767,367.0,0.58,0.7,2026-07-24,313,N21,VIIRS,h,2.0NRT,299.82,27.72,N,2026-07-24 18:07:12,2026-07-24 05:13:00,,
44.83774,-1.13243,306.85,0.58,0.7,2026-07-24,313,N21,VIIRS,n,2.0NRT,292.03,2.52,N,2026-07-24 18:07:12,2026-07-24 05:13:00,,
44.83971,-1.0743,325.95,0.58,0.7,2026-07-24,313,N21,VIIRS,n,2.0NRT,295.52,27.72,N,2026-07-24 18:07:12,2026-07-24 05:13:00,,
44.8411,-1.05709,318.23,0.58,0.7,2026-07-24,313,N21,VIIRS,n,2.0NRT,290.93,27.56,N,2026-07-24 18:07:12,2026-07-24 05:13:00,,
44.84332,-1.06378,367.0,0.58,0.7,2026-07-24,313,N21,VIIRS,h,2.0NRT,305.92,27.72,N,2026-07-24 18:07:12,2026-07-24 05:13:00,,
44.84471,-1.04656,320.29,0.58,0.7,2026-07-24,313,N21,VIIRS,n,2.0NRT,289.17,12.94,N,2026-07-24 18:07:12,2026-07-24 05:13:00,,
44.84691,-1.05322,367.0,0.58,0.7,2026-07-24,313,N21,VIIRS,h,2.0NRT,297.79,12.94,N,2026-07-24 18:07:12,2026-07-24 05:13:00,,
44.84912,-1.05989,311.88,0.58,0.7,2026-07-24,313,N21,VIIRS,n,2.0NRT,294.65,9.13,N,2026-07-24 18:07:12,2026-07-24 05:13:00,,
44.85051,-1.04264,321.87,0.58,0.7,2026-07-24,313,N21,VIIRS,n,2.0NRT,289.62,12.94,N,2026-07-24 18:07:12,2026-07-24 05:13:00,,
44.85273,-1.04935,367.0,0.58,0.7,2026-07-24,313,N21,VIIRS,h,2.0NRT,298.76,12.94,N,2026-07-24 18:07:12,2026-07-24 05:13:00,,
44.85375,-1.13804,322.27,0.58,0.7,2026-07-24,313,N21,VIIRS,n,2.0NRT,293.22,7.61,N,2026-07-24 18:07:12,2026-07-24 05:13:00,,
44.8545,-1.15153,320.73,0.58,0.7,2026-07-24,313,N21,VIIRS,n,2.0NRT,293.84,5.61,N,2026-07-24 18:07:12,2026-07-24 05:13:00,,
44.8546,-1.16195,314.9,0.58,0.69,2026-07-24,313,N21,VIIRS,n,2.0NRT,292.72,6.21,N,2026-07-24 18:07:12,2026-07-24 05:13:00,,
44.85493,-1.05602,312.36,0.58,0.7,2026-07-24,313,N21,VIIRS,n,2.0NRT,294.21,9.13,N,2026-07-24 18:07:12,2026-07-24 05:13:00,,
44.85515,-1.1209,324.03,0.58,0.7,2026-07-24,313,N21,VIIRS,n,2.0NRT,291.85,36.93,N,2026-07-24 18:07:12,2026-07-24 05:13:00,,
44.85594,-1.14464,328.74,0.58,0.7,2026-07-24,313,N21,VIIRS,n,2.0NRT,295.51,7.61,N,2026-07-24 18:07:12,2026-07-24 05:13:00,,
44.85669,-1.15826,318.31,0.58,0.7,2026-07-24,313,N21,VIIRS,n,2.0NRT,292.74,4.3,N,2026-07-24 18:07:12,2026-07-24 05:13:00,,
44.85735,-1.12754,367.0,0.58,0.7,2026-07-24,313,N21,VIIRS,h,2.0NRT,306.25,36.93,N,2026-07-24 18:07:12,2026-07-24 05:13:00,,
44.85813,-1.15126,343.07,0.58,0.7,2026-07-24,313,N21,VIIRS,n,2.0NRT,296.27,6.21,N,2026-07-24 18:07:12,2026-07-24 05:13:00,,
44.85851,-1.0454,320.27,0.58,0.7,2026-07-24,313,N21,VIIRS,n,2.0NRT,295.72,4.02,N,2026-07-24 18:07:12,2026-07-24 05:13:00,,
44.8589,-1.16507,312.12,0.58,0.69,2026-07-24,313,N21,VIIRS,n,2.0NRT,292.08,4.3,N,2026-07-24 18:07:12,2026-07-24 05:13:00,,
44.85955,-1.13418,367.0,0.58,0.7,2026-07-24,313,N21,VIIRS,h,2.0NRT,303.31,67.92,N,2026-07-24 18:07:12,2026-07-24 05:13:00,,
44.86015,-1.09324,310.58,0.58,0.7,2026-07-24,313,N21,VIIRS,n,2.0NRT,294.01,7.29,N,2026-07-24 18:07:12,2026-07-24 05:13:00,,
44.86036,-1.15799,312.96,0.58,0.69,2026-07-24,313,N21,VIIRS,n,2.0NRT,292.17,6.21,N,2026-07-24 18:07:12,2026-07-24 05:13:00,,
44.86072,-1.05209,303.61,0.58,0.7,2026-07-24,313,N21,VIIRS,n,2.0NRT,292.41,5.76,N,2026-07-24 18:07:12,2026-07-24 05:13:00,,
44.86094,-1.11703,334.78,0.58,0.7,2026-07-24,313,N21,VIIRS,n,2.0NRT,292.97,36.93,N,2026-07-24 18:07:12,2026-07-24 05:13:00,,
44.86173,-1.14078,351.07,0.58,0.7,2026-07-24,313,N21,VIIRS,n,2.0NRT,303.28,67.92,N,2026-07-24 18:07:12,2026-07-24 05:13:00,,
44.86314,-1.12368,350.68,0.58,0.7,2026-07-24,313,N21,VIIRS,n,2.0NRT,310.65,36.93,N,2026-07-24 18:07:12,2026-07-24 05:13:00,,
44.86392,-1.14741,367.0,0.58,0.7,2026-07-24,313,N21,VIIRS,h,2.0NRT,297.02,46.88,N,2026-07-24 18:07:12,2026-07-24 05:13:00,,
44.86431,-1.04149,312.24,0.58,0.7,2026-07-24,313,N21,VIIRS,n,2.0NRT,294.09,4.02,N,2026-07-24 18:07:12,2026-07-24 05:13:00,,
44.86455,-1.10654,355.75,0.58,0.7,2026-07-24,313,N21,VIIRS,n,2.0NRT,294.74,71.38,N,2026-07-24 18:07:12,2026-07-24 05:13:00,,
44.86532,-1.13029,355.02,0.58,0.7,2026-07-24,313,N21,VIIRS,n,2.0NRT,313.24,67.92,N,2026-07-24 18:07:12,2026-07-24 05:13:00,,
44.86673,-1.11317,350.24,0.58,0.7,2026-07-24,313,N21,VIIRS,n,2.0NRT,313.56,107.52,N,2026-07-24 18:07:12,2026-07-24 05:13:00,,
44.8675,-1.13688,350.29,0.58,0.7,2026-07-24,313,N21,VIIRS,n,2.0NRT,309.08,67.92,N,2026-07-24 18:07:12,2026-07-24 05:13:00,,
44.8679,-1.03086,305.1,0.58,0.7,2026-07-24,313,N21,VIIRS,n,2.0NRT,291.82,2.5,N,2026-07-24 18:07:12,2026-07-24 05:13:00,,
44.86813,-1.09598,319.24,0.58,0.7,2026-07-24,313,N21,VIIRS,n,2.0NRT,291.64,71.38,N,2026-07-24 18:07:12,2026-07-24 05:13:00,,
44.86892,-1.11978,367.0,0.58,0.7,2026-07-24,313,N21,VIIRS,h,2.0NRT,309.77,107.52,N,2026-07-24 18:07:12,2026-07-24 05:13:00,,
44.86953,-1.07878,304.97,0.58,0.7,2026-07-24,313,N21,VIIRS,n,2.0NRT,293.36,9.0,N,2026-07-24 18:07:12,2026-07-24 05:13:00,,
44.86971,-1.14356,331.82,0.58,0.7,2026-07-24,313,N21,VIIRS,n,2.0NRT,292.51,46.88,N,2026-07-24 18:07:12,2026-07-24 05:13:00,,
44.87011,-1.03758,306.3,0.58,0.7,2026-07-24,313,N21,VIIRS,n,2.0NRT,292.89,2.5,N,2026-07-24 18:07:12,2026-07-24 05:13:00,,
44.87033,-1.10265,335.43,0.58,0.7,2026-07-24,313,N21,VIIRS,n,2.0NRT,325.89,71.38,N,2026-07-24 18:07:12,2026-07-24 05:13:00,,
44.87109,-1.12637,338.77,0.58,0.7,2026-07-24,313,N21,VIIRS,n,2.0NRT,309.67,54.28,N,2026-07-24 18:07:12,2026-07-24 05:13:00,,
44.87253,-1.1093,329.41,0.58,0.7,2026-07-24,313,N21,VIIRS,n,2.0NRT,309.78,107.52,N,2026-07-24 18:07:12,2026-07-24 05:13:00,,
44.87328,-1.13297,355.63,0.58,0.7,2026-07-24,313,N21,VIIRS,n,2.0NRT,293.63,54.28,N,2026-07-24 18:07:12,2026-07-24 05:13:00,,
44.87392,-1.09206,310.17,0.58,0.7,2026-07-24,313,N21,VIIRS,n,2.0NRT,291.23,57.8,N,2026-07-24 18:07:12,2026-07-24 05:13:00,,
44.87471,-1.1159,367.0,0.58,0.7,2026-07-24,313,N21,VIIRS,h,2.0NRT,305.94,107.52,N,2026-07-24 18:07:12,2026-07-24 05:13:00,,
44.87533,-1.07487,307.62,0.58,0.7,2026-07-24,313,N21,VIIRS,n,2.0NRT,292.92,9.0,N,2026-07-24 18:07:12,2026-07-24 05:13:00,,
44.87612,-1.09876,367.0,0.58,0.7,2026-07-24,313,N21,VIIRS,h,2.0NRT,304.35,57.8,N,2026-07-24 18:07:12,2026-07-24 05:13:00,,
44.87688,-1.12249,328.94,0.58,0.7,2026-07-24,313,N21,VIIRS,n,2.0NRT,293.31,54.28,N,2026-07-24 18:07:12,2026-07-24 05:13:00,,
44.87751,-1.08151,337.42,0.58,0.7,2026-07-24,313,N21,VIIRS,n,2.0NRT,297.08,9.0,N,2026-07-24 18:07:12,2026-07-24 05:13:00,,
44.87831,-1.1054,351.53,0.58,0.7,2026-07-24,313,N21,VIIRS,n,2.0NRT,309.57,93.53,N,2026-07-24 18:07:12,2026-07-24 05:13:00,,
44.8797,-1.08816,350.47,0.58,0.7,2026-07-24,313,N21,VIIRS,n,2.0NRT,303.49,57.8,N,2026-07-24 18:07:12,2026-07-24 05:13:00,,
44.88049,-1.11202,367.0,0.58,0.7,2026-07-24,313,N21,VIIRS,h,2.0NRT,303.0,93.53,N,2026-07-24 18:07:12,2026-07-24 05:13:00,,
44.88113,-1.071,333.93,0.58,0.7,2026-07-24,313,N21,VIIRS,n,2.0NRT,299.82,28.13,N,2026-07-24 18:07:12,2026-07-24 05:13:00,,
44.88191,-1.09485,349.29,0.58,0.7,2026-07-24,313,N21,VIIRS,n,2.0NRT,311.27,57.8,N,2026-07-24 18:07:12,2026-07-24 05:13:00,,
44.88268,-1.11864,367.0,0.58,0.7,2026-07-24,313,N21,VIIRS,h,2.0NRT,293.49,25.35,N,2026-07-24 18:07:12,2026-07-24 05:13:00,,
44.88308,-1.01233,315.58,0.58,0.7,2026-07-24,313,N21,VIIRS,n,2.0NRT,289.1,3.59,N,2026-07-24 18:07:12,2026-07-24 05:13:00,,
44.88332,-1.07768,367.0,0.58,0.7,2026-07-24,313,N21,VIIRS,h,2.0NRT,313.15,28.13,N,2026-07-24 18:07:12,2026-07-24 05:13:00,,
44.8841,-1.10151,353.19,0.58,0.7,2026-07-24,313,N21,VIIRS,n,2.0NRT,319.34,93.53,N,2026-07-24 18:07:12,2026-07-24 05:13:00,,
44.88472,-1.0604,304.57,0.58,0.7,2026-07-24,313,N21,VIIRS,n,2.0NRT,292.0,9.07,N,2026-07-24 18:07:12,2026-07-24 05:13:00,,
44.88528,-1.01906,314.06,0.58,0.7,2026-07-24,313,N21,VIIRS,n,2.0NRT,292.06,6.01,N,2026-07-24 18:07:12,2026-07-24 05:13:00,,
44.88551,-1.08431,353.78,0.58,0.7,2026-07-24,313,N21,VIIRS,n,2.0NRT,316.15,90.59,N,2026-07-24 18:07:12,2026-07-24 05:13:00,,
44.88628,-1.10814,335.96,0.58,0.7,2026-07-24,313,N21,VIIRS,n,2.0NRT,292.46,93.53,N,2026-07-24 18:07:12,2026-07-24 05:13:00,,
44.88692,-1.06712,347.41,0.58,0.7,2026-07-24,313,N21,VIIRS,n,2.0NRT,303.64,28.13,N,2026-07-24 18:07:12,2026-07-24 05:13:00,,
44.88739,-1.01424,353.26,0.58,0.7,2026-07-24,313,N21,VIIRS,n,2.0NRT,294.92,15.16,N,2026-07-24 18:07:12,2026-07-24 05:13:00,,
44.88768,-1.09093,349.54,0.58,0.7,2026-07-24,313,N21,VIIRS,n,2.0NRT,305.8,90.59,N,2026-07-24 18:07:12,2026-07-24 05:13:00,,
44.88846,-1.11474,338.94,0.58,0.7,2026-07-24,313,N21,VIIRS,n,2.0NRT,291.19,25.35,N,2026-07-24 18:07:12,2026-07-24 05:13:00,,
44.88887,-1.0084,333.28,0.58,0.7,2026-07-24,313,N21,VIIRS,n,2.0NRT,292.13,7.84,N,2026-07-24 18:07:12,2026-07-24 05:13:00,,
44.88913,-1.07383,367.0,0.58,0.7,2026-07-24,313,N21,VIIRS,h,2.0NRT,311.44,28.13,N,2026-07-24 18:07:12,2026-07-24 05:13:00,,
44.88988,-1.0976,367.0,0.58,0.7,2026-07-24,313,N21,VIIRS,h,2.0NRT,294.95,38.59,N,2026-07-24 18:07:12,2026-07-24 05:13:00,,
44.89096,-1.00367,306.31,0.58,0.7,2026-07-24,313,N21,VIIRS,n,2.0NRT,288.0,6.57,N,2026-07-24 18:07:12,2026-07-24 05:13:00,,
44.89108,-1.01514,314.5,0.58,0.7,2026-07-24,313,N21,VIIRS,n,2.0NRT,293.55,7.72,N,2026-07-24 18:07:12,2026-07-24 05:13:00,,
44.8913,-1.08042,335.97,0.58,0.7,2026-07-24,313,N21,VIIRS,n,2.0NRT,323.75,90.59,N,2026-07-24 18:07:12,2026-07-24 05:13:00,,
44.8927,-1.06317,328.79,0.58,0.7,2026-07-24,313,N21,VIIRS,n,2.0NRT,297.46,18.16,N,2026-07-24 18:07:12,2026-07-24 05:13:00,,
44.8932,-1.01037,343.41,0.58,0.7,2026-07-24,313,N21,VIIRS,n,2.0NRT,295.73,5.36,N,2026-07-24 18:07:12,2026-07-24 05:13:00,,
44.89347,-1.08702,367.0,0.58,0.7,2026-07-24,313,N21,VIIRS,h,2.0NRT,308.75,90.59,N,2026-07-24 18:07:12,2026-07-24 05:13:00,,
44.89468,-1.0045,327.27,0.58,0.7,2026-07-24,313,N21,VIIRS,n,2.0NRT,287.63,7.84,N,2026-07-24 18:07:12,2026-07-24 05:13:00,,
44.89492,-1.06994,348.44,0.58,0.7,2026-07-24,313,N21,VIIRS,n,2.0NRT,307.29,18.16,N,2026-07-24 18:07:12,2026-07-24 05:13:00,,
44.89499,-1.05819,313.4,0.58,0.7,2026-07-24,313,N21,VIIRS,n,2.0NRT,293.76,7.56,N,2026-07-24 18:07:12,2026-07-24 05:13:00,,
44.89545,-1.0171,323.09,0.58,0.7,2026-07-24,313,N21,VIIRS,n,2.0NRT,296.83,5.36,N,2026-07-24 18:07:12,2026-07-24 05:13:00,,
44.89565,-1.09366,309.96,0.58,0.7,2026-07-24,313,N21,VIIRS,n,2.0NRT,289.4,38.59,N,2026-07-24 18:07:12,2026-07-24 05:13:00,,
44.89689,-1.01123,335.48,0.58,0.7,2026-07-24,313,N21,VIIRS,n,2.0NRT,294.78,7.72,N,2026-07-24 18:07:12,2026-07-24 05:13:00,,
44.8971,-1.07655,367.0,0.58,0.7,2026-07-24,313,N21,VIIRS,h,2.0NRT,297.68,53.08,N,2026-07-24 18:07:12,2026-07-24 05:13:00,,
44.89722,-1.06487,334.1,0.58,0.7,2026-07-24,313,N21,VIIRS,n,2.0NRT,296.47,7.56,N,2026-07-24 18:07:12,2026-07-24 05:13:00,,
44.89849,-1.05924,324.02,0.58,0.7,2026-07-24,313,N21,VIIRS,n,2.0NRT,294.89,18.16,N,2026-07-24 18:07:12,2026-07-24 05:13:00,,
44.89901,-1.00647,305.84,0.58,0.7,2026-07-24,313,N21,VIIRS,n,2.0NRT,287.27,5.36,N,2026-07-24 18:07:12,2026-07-24 05:13:00,,
44.8991,-1.01797,312.36,0.58,0.7,2026-07-24,313,N21,VIIRS,n,2.0NRT,291.67,7.72,N,2026-07-24 18:07:12,2026-07-24 05:13:00,,
44.89946,-1.07157,338.99,0.58,0.7,2026-07-24,313,N21,VIIRS,n,2.0NRT,291.99,17.33,N,2026-07-24 18:07:12,2026-07-24 05:13:00,,
44.9007,-1.06599,340.85,0.58,0.7,2026-07-24,313,N21,VIIRS,n,2.0NRT,293.55,18.16,N,2026-07-24 18:07:12,2026-07-24 05:13:00,,
44.90077,-1.05428,317.27,0.58,0.7,2026-07-24,313,N21,VIIRS,n,2.0NRT,294.11,7.56,N,2026-07-24 18:07:12,2026-07-24 05:13:00,,
44.90125,-1.01317,312.38,0.58,0.7,2026-07-24,313,N21,VIIRS,n,2.0NRT,289.61,5.36,N,2026-07-24 18:07:12,2026-07-24 05:13:00,,
44.90207,-1.0486,316.87,0.58,0.7,2026-07-24,313,N21,VIIRS,n,2.0NRT,293.89,4.91,N,2026-07-24 18:07:12,2026-07-24 05:13:00,,
44.90301,-1.06097,349.33,0.58,0.7,2026-07-24,313,N21,VIIRS,n,2.0NRT,294.99,7.56,N,2026-07-24 18:07:12,2026-07-24 05:13:00,,
44.90427,-1.0553,336.47,0.58,0.7,2026-07-24,313,N21,VIIRS,n,2.0NRT,297.28,5.03,N,2026-07-24 18:07:12,2026-07-24 05:13:00,,
44.90434,-1.04369,306.31,0.58,0.7,2026-07-24,313,N21,VIIRS,n,2.0NRT,289.68,4.35,N,2026-07-24 18:07:12,2026-07-24 05:13:00,,
44.90646,-1.062,301.37,0.58,0.7,2026-07-24,313,N21,VIIRS,n,2.0NRT,288.8,5.03,N,2026-07-24 18:07:12,2026-07-24 05:13:00,,
44.90655,-1.05033,338.67,0.58,0.7,2026-07-24,313,N21,VIIRS,n,2.0NRT,293.7,5.17,N,2026-07-24 18:07:12,2026-07-24 05:13:00,,
44.90785,-1.04465,308.35,0.58,0.7,2026-07-24,313,N21,VIIRS,n,2.0NRT,288.3,4.91,N,2026-07-24 18:07:12,2026-07-24 05:13:00,,
44.90878,-1.05699,300.48,0.58,0.7,2026-07-24,313,N21,VIIRS,n,2.0NRT,288.97,5.17,N,2026-07-24 18:07:12,2026-07-24 05:13:00,,
44.91003,-1.05132,315.16,0.58,0.7,2026-07-24,313,N21,VIIRS,n,2.0NRT,288.68,5.03,N,2026-07-24 18:07:12,2026-07-24 05:13:00,,
44.36637,-1.15394,355.41,0.39,0.36,2026-07-24,1257,N21,VIIRS,l,2.0NRT,332.45,28.72,D,2026-07-24 18:07:12,2026-07-24 14:57:00,,
44.36707,-1.14917,367.0,0.39,0.36,2026-07-24,1257,N21,VIIRS,h,2.0NRT,338.33,50.44,D,2026-07-24 18:07:12,2026-07-24 14:57:00,,
44.36777,-1.14439,367.0,0.39,0.36,2026-07-24,1257,N21,VIIRS,l,2.0NRT,326.25,50.44,D,2026-07-24 18:07:12,2026-07-24 14:57:00,,
44.36894,-1.15966,367.0,0.39,0.36,2026-07-24,1257,N21,VIIRS,h,2.0NRT,330.48,23.56,D,2026-07-24 18:07:12,2026-07-24 14:57:00,,
44.36964,-1.15488,367.0,0.39,0.36,2026-07-24,1257,N21,VIIRS,h,2.0NRT,326.93,23.56,D,2026-07-24 18:07:12,2026-07-24 14:57:00,,
44.37384,-1.12622,367.0,0.39,0.36,2026-07-24,1257,N21,VIIRS,l,2.0NRT,329.01,58.14,D,2026-07-24 18:07:12,2026-07-24 14:57:00,,
44.37454,-1.12144,367.0,0.39,0.36,2026-07-24,1257,N21,VIIRS,h,2.0NRT,336.04,122.4,D,2026-07-24 18:07:12,2026-07-24 14:57:00,,
44.37477,-1.16631,353.86,0.39,0.36,2026-07-24,1257,N21,VIIRS,n,2.0NRT,314.61,29.17,D,2026-07-24 18:07:12,2026-07-24 14:57:00,,
44.37524,-1.11666,367.0,0.39,0.36,2026-07-24,1257,N21,VIIRS,h,2.0NRT,356.1,122.4,D,2026-07-24 18:07:12,2026-07-24 14:57:00,,
44.37548,-1.16154,355.22,0.39,0.36,2026-07-24,1257,N21,VIIRS,l,2.0NRT,328.35,43.44,D,2026-07-24 18:07:12,2026-07-24 14:57:00,,
44.37781,-1.12238,354.28,0.39,0.36,2026-07-24,1257,N21,VIIRS,n,2.0NRT,327.06,122.4,D,2026-07-24 18:07:12,2026-07-24 14:57:00,,
44.37804,-1.16725,354.6,0.39,0.36,2026-07-24,1257,N21,VIIRS,l,2.0NRT,325.54,29.17,D,2026-07-24 18:07:12,2026-07-24 14:57:00,,
44.37851,-1.1176,367.0,0.39,0.36,2026-07-24,1257,N21,VIIRS,l,2.0NRT,326.74,122.4,D,2026-07-24 18:07:12,2026-07-24 14:57:00,,
44.38248,-1.11375,355.54,0.39,0.36,2026-07-24,1257,N21,VIIRS,l,2.0NRT,326.58,23.01,D,2026-07-24 18:07:12,2026-07-24 14:57:00,,
44.38575,-1.11468,353.74,0.39,0.36,2026-07-24,1257,N21,VIIRS,n,2.0NRT,323.56,23.01,D,2026-07-24 18:07:12,2026-07-24 14:57:00,,
44.38645,-1.1099,355.44,0.39,0.36,2026-07-24,1257,N21,VIIRS,n,2.0NRT,321.44,23.01,D,2026-07-24 18:07:12,2026-07-24 14:57:00,,
44.41145,-1.1021,367.0,0.39,0.36,2026-07-24,1257,N21,VIIRS,l,2.0NRT,338.85,64.72,D,2026-07-24 18:07:12,2026-07-24 14:57:00,,
44.41378,-1.13267,367.0,0.39,0.36,2026-07-24,1257,N21,VIIRS,h,2.0NRT,324.42,26.49,D,2026-07-24 18:07:12,2026-07-24 14:57:00,,
44.41401,-1.10782,367.0,0.39,0.36,2026-07-24,1257,N21,VIIRS,h,2.0NRT,326.54,31.96,D,2026-07-24 18:07:12,2026-07-24 14:57:00,,
44.42405,-1.15548,354.86,0.39,0.36,2026-07-24,1257,N21,VIIRS,l,2.0NRT,332.29,38.19,D,2026-07-24 18:07:12,2026-07-24 14:57:00,,
44.42476,-1.15069,367.0,0.39,0.36,2026-07-24,1257,N21,VIIRS,h,2.0NRT,327.41,38.19,D,2026-07-24 18:07:12,2026-07-24 14:57:00,,
44.42545,-1.14598,354.18,0.39,0.36,2026-07-24,1257,N21,VIIRS,l,2.0NRT,336.99,32.57,D,2026-07-24 18:07:12,2026-07-24 14:57:00,,
44.42615,-1.1412,367.0,0.39,0.36,2026-07-24,1257,N21,VIIRS,h,2.0NRT,323.36,32.57,D,2026-07-24 18:07:12,2026-07-24 14:57:00,,
44.42802,-1.15163,352.04,0.39,0.36,2026-07-24,1257,N21,VIIRS,l,2.0NRT,345.45,38.19,D,2026-07-24 18:07:12,2026-07-24 14:57:00,,
44.42826,-1.12685,367.0,0.39,0.36,2026-07-24,1257,N21,VIIRS,h,2.0NRT,321.35,15.14,D,2026-07-24 18:07:12,2026-07-24 14:57:00,,
44.42872,-1.14692,367.0,0.39,0.36,2026-07-24,1257,N21,VIIRS,l,2.0NRT,346.46,32.57,D,2026-07-24 18:07:12,2026-07-24 14:57:00,,
44.42942,-1.14214,352.66,0.39,0.36,2026-07-24,1257,N21,VIIRS,l,2.0NRT,336.45,32.57,D,2026-07-24 18:07:12,2026-07-24 14:57:00,,
44.43013,-1.13735,353.18,0.39,0.36,2026-07-24,1257,N21,VIIRS,n,2.0NRT,321.7,39.16,D,2026-07-24 18:07:12,2026-07-24 14:57:00,,
44.4313,-1.15257,354.55,0.39,0.36,2026-07-24,1257,N21,VIIRS,n,2.0NRT,313.85,16.99,D,2026-07-24 18:07:12,2026-07-24 14:57:00,,
44.43153,-1.12779,367.0,0.39,0.36,2026-07-24,1257,N21,VIIRS,h,2.0NRT,318.26,15.14,D,2026-07-24 18:07:12,2026-07-24 14:57:00,,
44.43199,-1.14786,354.23,0.39,0.36,2026-07-24,1257,N21,VIIRS,n,2.0NRT,322.5,52.73,D,2026-07-24 18:07:12,2026-07-24 14:57:00,,
44.43269,-1.14308,367.0,0.39,0.36,2026-07-24,1257,N21,VIIRS,l,2.0NRT,338.12,52.73,D,2026-07-24 18:07:12,2026-07-24 14:57:00,,
44.43339,-1.13829,367.0,0.39,0.36,2026-07-24,1257,N21,VIIRS,h,2.0NRT,342.3,59.64,D,2026-07-24 18:07:12,2026-07-24 14:57:00,,
44.4341,-1.13351,367.0,0.39,0.36,2026-07-24,1257,N21,VIIRS,l,2.0NRT,327.05,59.64,D,2026-07-24 18:07:12,2026-07-24 14:57:00,,
44.43596,-1.14401,367.0,0.39,0.36,2026-07-24,1257,N21,VIIRS,h,2.0NRT,340.73,52.73,D,2026-07-24 18:07:12,2026-07-24 14:57:00,,
44.43666,-1.13923,367.0,0.39,0.36,2026-07-24,1257,N21,VIIRS,h,2.0NRT,348.67,59.64,D,2026-07-24 18:07:12,2026-07-24 14:57:00,,
44.43737,-1.13444,355.6,0.39,0.36,2026-07-24,1257,N21,VIIRS,n,2.0NRT,311.5,59.64,D,2026-07-24 18:07:12,2026-07-24 14:57:00,,
44.44274,-1.12102,351.32,0.39,0.36,2026-07-24,1257,N21,VIIRS,n,2.0NRT,311.05,8.11,D,2026-07-24 18:07:12,2026-07-24 14:57:00,,
44.78364,-1.21996,344.41,0.39,0.36,2026-07-24,1257,N21,VIIRS,n,2.0NRT,312.2,12.64,D,2026-07-24 18:07:12,2026-07-24 14:57:00,,
44.78434,-1.21514,346.17,0.39,0.36,2026-07-24,1257,N21,VIIRS,n,2.0NRT,304.75,12.64,D,2026-07-24 18:07:12,2026-07-24 14:57:00,,
44.78505,-1.21033,337.93,0.39,0.36,2026-07-24,1257,N21,VIIRS,n,2.0NRT,303.46,7.73,D,2026-07-24 18:07:12,2026-07-24 14:57:00,,
44.78551,-1.23053,354.49,0.39,0.36,2026-07-24,1257,N21,VIIRS,n,2.0NRT,311.3,31.26,D,2026-07-24 18:07:12,2026-07-24 14:57:00,,
44.78575,-1.2055,339.29,0.39,0.36,2026-07-24,1257,N21,VIIRS,n,2.0NRT,306.27,7.73,D,2026-07-24 18:07:12,2026-07-24 14:57:00,,
44.78621,-1.22572,347.8,0.39,0.36,2026-07-24,1257,N21,VIIRS,n,2.0NRT,314.51,31.26,D,2026-07-24 18:07:12,2026-07-24 14:57:00,,
44.78645,-1.20068,367.0,0.39,0.36,2026-07-24,1257,N21,VIIRS,h,2.0NRT,339.58,92.93,D,2026-07-24 18:07:12,2026-07-24 14:57:00,,
44.78667,-1.12738,345.23,0.39,0.36,2026-07-24,1257,N21,VIIRS,l,2.0NRT,319.11,8.88,D,2026-07-24 18:07:12,2026-07-24 14:57:00,,
44.78691,-1.2209,341.68,0.39,0.36,2026-07-24,1257,N21,VIIRS,n,2.0NRT,309.94,12.64,D,2026-07-24 18:07:12,2026-07-24 14:57:00,,
44.78715,-1.19586,354.41,0.39,0.36,2026-07-24,1257,N21,VIIRS,n,2.0NRT,318.17,92.93,D,2026-07-24 18:07:12,2026-07-24 14:57:00,,
44.78737,-1.12256,353.25,0.39,0.36,2026-07-24,1257,N21,VIIRS,l,2.0NRT,328.6,72.37,D,2026-07-24 18:07:12,2026-07-24 14:57:00,,
44.78762,-1.21609,347.01,0.39,0.36,2026-07-24,1257,N21,VIIRS,n,2.0NRT,308.01,12.64,D,2026-07-24 18:07:12,2026-07-24 14:57:00,,
44.78786,-1.19104,350.99,0.39,0.36,2026-07-24,1257,N21,VIIRS,n,2.0NRT,322.29,22.81,D,2026-07-24 18:07:12,2026-07-24 14:57:00,,
44.78807,-1.11773,367.0,0.39,0.36,2026-07-24,1257,N21,VIIRS,h,2.0NRT,347.29,72.37,D,2026-07-24 18:07:12,2026-07-24 14:57:00,,
44.78856,-1.18622,341.07,0.39,0.36,2026-07-24,1257,N21,VIIRS,n,2.0NRT,313.81,22.81,D,2026-07-24 18:07:12,2026-07-24 14:57:00,,
44.78923,-1.13315,354.64,0.39,0.36,2026-07-24,1257,N21,VIIRS,n,2.0NRT,323.2,5.9,D,2026-07-24 18:07:12,2026-07-24 14:57:00,,
44.78926,-1.18139,367.0,0.39,0.36,2026-07-24,1257,N21,VIIRS,l,2.0NRT,352.04,89.69,D,2026-07-24 18:07:12,2026-07-24 14:57:00,,
44.78994,-1.12833,352.22,0.39,0.36,2026-07-24,1257,N21,VIIRS,n,2.0NRT,322.11,5.9,D,2026-07-24 18:07:12,2026-07-24 14:57:00,,
44.78996,-1.17657,367.0,0.39,0.36,2026-07-24,1257,N21,VIIRS,l,2.0NRT,328.32,89.69,D,2026-07-24 18:07:12,2026-07-24 14:57:00,,
44.79064,-1.1235,349.29,0.39,0.36,2026-07-24,1257,N21,VIIRS,n,2.0NRT,320.6,15.77,D,2026-07-24 18:07:12,2026-07-24 14:57:00,,
44.79135,-1.11867,352.3,0.39,0.36,2026-07-24,1257,N21,VIIRS,l,2.0NRT,337.96,15.77,D,2026-07-24 18:07:12,2026-07-24 14:57:00,,
44.79183,-1.18716,348.89,0.39,0.36,2026-07-24,1257,N21,VIIRS,n,2.0NRT,310.91,22.81,D,2026-07-24 18:07:12,2026-07-24 14:57:00,,
44.79205,-1.11385,367.0,0.39,0.36,2026-07-24,1257,N21,VIIRS,l,2.0NRT,343.3,69.75,D,2026-07-24 18:07:12,2026-07-24 14:57:00,,
44.79251,-1.13409,344.29,0.39,0.36,2026-07-24,1257,N21,VIIRS,l,2.0NRT,318.33,5.9,D,2026-07-24 18:07:12,2026-07-24 14:57:00,,
44.79253,-1.18234,349.54,0.39,0.36,2026-07-24,1257,N21,VIIRS,n,2.0NRT,305.17,89.69,D,2026-07-24 18:07:12,2026-07-24 14:57:00,,
44.79321,-1.12927,347.74,0.39,0.36,2026-07-24,1257,N21,VIIRS,l,2.0NRT,322.29,5.9,D,2026-07-24 18:07:12,2026-07-24 14:57:00,,
44.79323,-1.17751,367.0,0.39,0.36,2026-07-24,1257,N21,VIIRS,l,2.0NRT,326.13,89.69,D,2026-07-24 18:07:12,2026-07-24 14:57:00,,
44.79393,-1.17269,347.31,0.39,0.36,2026-07-24,1257,N21,VIIRS,n,2.0NRT,303.75,14.73,D,2026-07-24 18:07:12,2026-07-24 14:57:00,,
44.79462,-1.11962,353.49,0.39,0.36,2026-07-24,1257,N21,VIIRS,n,2.0NRT,322.43,15.77,D,2026-07-24 18:07:12,2026-07-24 14:57:00,,
44.79533,-1.11479,367.0,0.39,0.36,2026-07-24,1257,N21,VIIRS,l,2.0NRT,335.5,69.75,D,2026-07-24 18:07:12,2026-07-24 14:57:00,,
44.79906,-1.11382,352.83,0.39,0.36,2026-07-24,1257,N21,VIIRS,l,2.0NRT,326.14,7.31,D,2026-07-24 18:07:12,2026-07-24 14:57:00,,
44.8007,-1.21987,367.0,0.39,0.36,2026-07-24,1257,N21,VIIRS,h,2.0NRT,316.41,20.58,D,2026-07-24 18:07:12,2026-07-24 14:57:00,,
44.80164,-1.11959,354.68,0.39,0.36,2026-07-24,1257,N21,VIIRS,n,2.0NRT,324.55,20.18,D,2026-07-24 18:07:12,2026-07-24 14:57:00,,
44.8021,-1.21024,350.91,0.39,0.36,2026-07-24,1257,N21,VIIRS,n,2.0NRT,315.54,15.49,D,2026-07-24 18:07:12,2026-07-24 14:57:00,,
44.80234,-1.11476,367.0,0.39,0.36,2026-07-24,1257,N21,VIIRS,l,2.0NRT,325.1,7.31,D,2026-07-24 18:07:12,2026-07-24 14:57:00,,
44.80397,-1.22075,345.85,0.39,0.36,2026-07-24,1257,N21,VIIRS,n,2.0NRT,308.43,13.13,D,2026-07-24 18:07:12,2026-07-24 14:57:00,,
44.80443,-1.10027,350.0,0.39,0.36,2026-07-24,1257,N21,VIIRS,l,2.0NRT,322.16,12.22,D,2026-07-24 18:07:12,2026-07-24 14:57:00,,
44.80468,-1.21593,355.4,0.39,0.36,2026-07-24,1257,N21,VIIRS,n,2.0NRT,316.43,16.74,D,2026-07-24 18:07:12,2026-07-24 14:57:00,,
44.80538,-1.21111,354.04,0.39,0.36,2026-07-24,1257,N21,VIIRS,n,2.0NRT,321.16,16.74,D,2026-07-24 18:07:12,2026-07-24 14:57:00,,
44.80561,-1.1157,367.0,0.39,0.36,2026-07-24,1257,N21,VIIRS,l,2.0NRT,326.83,14.54,D,2026-07-24 18:07:12,2026-07-24 14:57:00,,
44.80608,-1.20628,367.0,0.39,0.36,2026-07-24,1257,N21,VIIRS,h,2.0NRT,318.47,18.13,D,2026-07-24 18:07:12,2026-07-24 14:57:00,,
44.80678,-1.20154,344.06,0.39,0.36,2026-07-24,1257,N21,VIIRS,n,2.0NRT,308.67,18.13,D,2026-07-24 18:07:12,2026-07-24 14:57:00,,
44.80748,-1.19672,343.91,0.39,0.36,2026-07-24,1257,N21,VIIRS,n,2.0NRT,309.36,19.03,D,2026-07-24 18:07:12,2026-07-24 14:57:00,,
44.80795,-1.21687,354.02,0.39,0.36,2026-07-24,1257,N21,VIIRS,n,2.0NRT,304.88,16.74,D,2026-07-24 18:07:12,2026-07-24 14:57:00,,
44.80819,-1.12147,350.33,0.39,0.36,2026-07-24,1257,N21,VIIRS,l,2.0NRT,321.99,14.84,D,2026-07-24 18:07:12,2026-07-24 14:57:00,,
44.80911,-1.09154,348.7,0.39,0.36,2026-07-24,1257,N21,VIIRS,n,2.0NRT,320.37,25.89,D,2026-07-24 18:07:12,2026-07-24 14:57:00,,
44.80935,-1.20723,367.0,0.39,0.36,2026-07-24,1257,N21,VIIRS,h,2.0NRT,324.66,18.13,D,2026-07-24 18:07:12,2026-07-24 14:57:00,,
44.81005,-1.20249,367.0,0.39,0.36,2026-07-24,1257,N21,VIIRS,h,2.0NRT,328.42,18.13,D,2026-07-24 18:07:12,2026-07-24 14:57:00,,
44.81075,-1.19766,355.6,0.39,0.36,2026-07-24,1257,N21,VIIRS,n,2.0NRT,321.64,19.03,D,2026-07-24 18:07:12,2026-07-24 14:57:00,,
44.81146,-1.19284,353.85,0.39,0.36,2026-07-24,1257,N21,VIIRS,l,2.0NRT,333.7,19.03,D,2026-07-24 18:07:12,2026-07-24 14:57:00,,
44.81216,-1.18802,367.0,0.39,0.36,2026-07-24,1257,N21,VIIRS,h,2.0NRT,315.08,18.93,D,2026-07-24 18:07:12,2026-07-24 14:57:00,,
44.81286,-1.18319,349.05,0.39,0.36,2026-07-24,1257,N21,VIIRS,n,2.0NRT,310.38,18.93,D,2026-07-24 18:07:12,2026-07-24 14:57:00,,
44.81308,-1.08765,367.0,0.39,0.36,2026-07-24,1257,N21,VIIRS,h,2.0NRT,344.57,86.35,D,2026-07-24 18:07:12,2026-07-24 14:57:00,,
44.81332,-1.20343,351.23,0.39,0.36,2026-07-24,1257,N21,VIIRS,n,2.0NRT,306.4,12.36,D,2026-07-24 18:07:12,2026-07-24 14:57:00,,
44.81378,-1.08282,367.0,0.39,0.36,2026-07-24,1257,N21,VIIRS,h,2.0NRT,342.54,86.35,D,2026-07-24 18:07:12,2026-07-24 14:57:00,,
44.81403,-1.19861,367.0,0.39,0.36,2026-07-24,1257,N21,VIIRS,h,2.0NRT,313.13,19.83,D,2026-07-24 18:07:12,2026-07-24 14:57:00,,
44.81448,-1.07798,367.0,0.39,0.36,2026-07-24,1257,N21,VIIRS,h,2.0NRT,352.61,117.86,D,2026-07-24 18:07:12,2026-07-24 14:57:00,,
44.81473,-1.19379,354.17,0.39,0.36,2026-07-24,1257,N21,VIIRS,n,2.0NRT,319.99,19.83,D,2026-07-24 18:07:12,2026-07-24 14:57:00,,
44.81684,-1.17931,354.87,0.39,0.36,2026-07-24,1257,N21,VIIRS,n,2.0NRT,308.58,11.6,D,2026-07-24 18:07:12,2026-07-24 14:57:00,,
44.81706,-1.08376,352.63,0.39,0.36,2026-07-24,1257,N21,VIIRS,n,2.0NRT,318.74,11.14,D,2026-07-24 18:07:12,2026-07-24 14:57:00,,
44.81754,-1.17448,351.6,0.39,0.36,2026-07-24,1257,N21,VIIRS,n,2.0NRT,311.66,11.6,D,2026-07-24 18:07:12,2026-07-24 14:57:00,,
44.81775,-1.07892,367.0,0.39,0.36,2026-07-24,1257,N21,VIIRS,h,2.0NRT,351.42,44.92,D,2026-07-24 18:07:12,2026-07-24 14:57:00,,
44.81845,-1.07409,353.59,0.39,0.36,2026-07-24,1257,N21,VIIRS,n,2.0NRT,311.49,44.92,D,2026-07-24 18:07:12,2026-07-24 14:57:00,,
44.81916,-1.06925,345.2,0.39,0.36,2026-07-24,1257,N21,VIIRS,n,2.0NRT,314.31,45.29,D,2026-07-24 18:07:12,2026-07-24 14:57:00,,
44.82151,-1.17059,353.81,0.39,0.36,2026-07-24,1257,N21,VIIRS,n,2.0NRT,313.24,23.47,D,2026-07-24 18:07:12,2026-07-24 14:57:00,,
44.82173,-1.07503,344.6,0.39,0.36,2026-07-24,1257,N21,VIIRS,n,2.0NRT,316.9,44.92,D,2026-07-24 18:07:12,2026-07-24 14:57:00,,
44.82243,-1.07019,367.0,0.39,0.36,2026-07-24,1257,N21,VIIRS,l,2.0NRT,336.91,45.29,D,2026-07-24 18:07:12,2026-07-24 14:57:00,,
44.82313,-1.06535,367.0,0.39,0.36,2026-07-24,1257,N21,VIIRS,l,2.0NRT,331.09,45.29,D,2026-07-24 18:07:12,2026-07-24 14:57:00,,
44.8264,-1.06629,367.0,0.39,0.36,2026-07-24,1257,N21,VIIRS,l,2.0NRT,338.26,25.58,D,2026-07-24 18:07:12,2026-07-24 14:57:00,,
44.8271,-1.06146,367.0,0.39,0.36,2026-07-24,1257,N21,VIIRS,l,2.0NRT,329.64,159.79,D,2026-07-24 18:07:12,2026-07-24 14:57:00,,
44.82898,-1.07207,347.63,0.39,0.36,2026-07-24,1257,N21,VIIRS,l,2.0NRT,321.9,25.58,D,2026-07-24 18:07:12,2026-07-24 14:57:00,,
44.829,-1.14256,355.4,0.39,0.36,2026-07-24,1257,N21,VIIRS,n,2.0NRT,318.02,22.88,D,2026-07-24 18:07:12,2026-07-24 14:57:00,,
44.82968,-1.06724,367.0,0.39,0.36,2026-07-24,1257,N21,VIIRS,l,2.0NRT,330.16,25.58,D,2026-07-24 18:07:12,2026-07-24 14:57:00,,
44.8297,-1.13773,353.13,0.39,0.36,2026-07-24,1257,N21,VIIRS,n,2.0NRT,315.76,22.88,D,2026-07-24 18:07:12,2026-07-24 14:57:00,,
44.83038,-1.0624,367.0,0.39,0.36,2026-07-24,1257,N21,VIIRS,h,2.0NRT,360.14,159.79,D,2026-07-24 18:07:12,2026-07-24 14:57:00,,
44.83157,-1.14834,367.0,0.39,0.36,2026-07-24,1257,N21,VIIRS,h,2.0NRT,337.2,159.09,D,2026-07-24 18:07:12,2026-07-24 14:57:00,,
44.83228,-1.14351,367.0,0.39,0.36,2026-07-24,1257,N21,VIIRS,h,2.0NRT,321.82,22.88,D,2026-07-24 18:07:12,2026-07-24 14:57:00,,
44.83298,-1.13868,354.87,0.39,0.36,2026-07-24,1257,N21,VIIRS,n,2.0NRT,323.82,22.88,D,2026-07-24 18:07:12,2026-07-24 14:57:00,,
44.83366,-1.06334,367.0,0.39,0.36,2026-07-24,1257,N21,VIIRS,l,2.0NRT,328.93,144.77,D,2026-07-24 18:07:12,2026-07-24 14:57:00,,
44.83368,-1.13385,350.78,0.39,0.36,2026-07-24,1257,N21,VIIRS,l,2.0NRT,333.11,42.06,D,2026-07-24 18:07:12,2026-07-24 14:57:00,,
44.83435,-1.0585,367.0,0.39,0.36,2026-07-24,1257,N21,VIIRS,h,2.0NRT,340.64,144.77,D,2026-07-24 18:07:12,2026-07-24 14:57:00,,
44.83485,-1.14928,355.56,0.39,0.36,2026-07-24,1257,N21,VIIRS,n,2.0NRT,322.62,50.6,D,2026-07-24 18:07:12,2026-07-24 14:57:00,,
44.83555,-1.14445,367.0,0.39,0.36,2026-07-24,1257,N21,VIIRS,h,2.0NRT,322.49,46.5,D,2026-07-24 18:07:12,2026-07-24 14:57:00,,
44.83625,-1.13962,367.0,0.39,0.36,2026-07-24,1257,N21,VIIRS,l,2.0NRT,337.51,46.5,D,2026-07-24 18:07:12,2026-07-24 14:57:00,,
44.83693,-1.06428,367.0,0.39,0.36,2026-07-24,1257,N21,VIIRS,h,2.0NRT,348.27,144.77,D,2026-07-24 18:07:12,2026-07-24 14:57:00,,
44.83695,-1.13479,367.0,0.39,0.36,2026-07-24,1257,N21,VIIRS,h,2.0NRT,356.7,247.07,D,2026-07-24 18:07:12,2026-07-24 14:57:00,,
44.83742,-1.15506,367.0,0.39,0.36,2026-07-24,1257,N21,VIIRS,l,2.0NRT,330.95,50.6,D,2026-07-24 18:07:12,2026-07-24 14:57:00,,
44.83763,-1.05944,367.0,0.39,0.36,2026-07-24,1257,N21,VIIRS,l,2.0NRT,372.67,144.77,D,2026-07-24 18:07:12,2026-07-24 14:57:00,,
44.83812,-1.15023,351.48,0.39,0.36,2026-07-24,1257,N21,VIIRS,l,2.0NRT,335.9,50.6,D,2026-07-24 18:07:12,2026-07-24 14:57:00,,
44.83833,-1.05459,367.0,0.39,0.36,2026-07-24,1257,N21,VIIRS,l,2.0NRT,358.02,147.11,D,2026-07-24 18:07:12,2026-07-24 14:57:00,,
44.83882,-1.14539,353.01,0.39,0.36,2026-07-24,1257,N21,VIIRS,l,2.0NRT,331.72,46.5,D,2026-07-24 18:07:12,2026-07-24 14:57:00,,
44.83903,-1.04975,367.0,0.39,0.36,2026-07-24,1257,N21,VIIRS,h,2.0NRT,358.41,147.11,D,2026-07-24 18:07:12,2026-07-24 14:57:00,,
44.83953,-1.14056,367.0,0.39,0.36,2026-07-24,1257,N21,VIIRS,h,2.0NRT,346.08,46.5,D,2026-07-24 18:07:12,2026-07-24 14:57:00,,
44.83973,-1.04491,367.0,0.39,0.36,2026-07-24,1257,N21,VIIRS,l,2.0NRT,326.81,28.01,D,2026-07-24 18:07:12,2026-07-24 14:57:00,,
44.84021,-1.06522,354.32,0.39,0.36,2026-07-24,1257,N21,VIIRS,n,2.0NRT,320.63,12.27,D,2026-07-24 18:07:12,2026-07-24 14:57:00,,
44.84069,-1.15601,353.3,0.39,0.36,2026-07-24,1257,N21,VIIRS,n,2.0NRT,304.16,40.8,D,2026-07-24 18:07:12,2026-07-24 14:57:00,,
44.84091,-1.06038,367.0,0.39,0.36,2026-07-24,1257,N21,VIIRS,h,2.0NRT,327.37,12.27,D,2026-07-24 18:07:12,2026-07-24 14:57:00,,
44.84139,-1.15117,367.0,0.39,0.36,2026-07-24,1257,N21,VIIRS,l,2.0NRT,325.61,40.8,D,2026-07-24 18:07:12,2026-07-24 14:57:00,,
44.84161,-1.05553,367.0,0.39,0.36,2026-07-24,1257,N21,VIIRS,h,2.0NRT,333.93,19.58,D,2026-07-24 18:07:12,2026-07-24 14:57:00,,
44.8421,-1.14634,367.0,0.39,0.36,2026-07-24,1257,N21,VIIRS,h,2.0NRT,333.14,123.15,D,2026-07-24 18:07:12,2026-07-24 14:57:00,,
44.8423,-1.05069,354.36,0.39,0.36,2026-07-24,1257,N21,VIIRS,l,2.0NRT,342.74,19.58,D,2026-07-24 18:07:12,2026-07-24 14:57:00,,
44.84301,-1.04585,367.0,0.39,0.36,2026-07-24,1257,N21,VIIRS,h,2.0NRT,332.96,23.74,D,2026-07-24 18:07:12,2026-07-24 14:57:00,,
44.84488,-1.05647,353.49,0.39,0.36,2026-07-24,1257,N21,VIIRS,n,2.0NRT,319.48,19.58,D,2026-07-24 18:07:12,2026-07-24 14:57:00,,
44.84558,-1.05164,354.62,0.39,0.36,2026-07-24,1257,N21,VIIRS,l,2.0NRT,331.06,19.58,D,2026-07-24 18:07:12,2026-07-24 14:57:00,,
44.84628,-1.0468,367.0,0.39,0.36,2026-07-24,1257,N21,VIIRS,h,2.0NRT,338.04,23.74,D,2026-07-24 18:07:12,2026-07-24 14:57:00,,
44.84956,-1.04773,367.0,0.39,0.36,2026-07-24,1257,N21,VIIRS,h,2.0NRT,329.77,37.91,D,2026-07-24 18:07:12,2026-07-24 14:57:00,,
44.85026,-1.04289,367.0,0.39,0.36,2026-07-24,1257,N21,VIIRS,h,2.0NRT,348.52,37.91,D,2026-07-24 18:07:12,2026-07-24 14:57:00,,
44.85354,-1.04383,353.1,0.39,0.36,2026-07-24,1257,N21,VIIRS,n,2.0NRT,323.2,37.91,D,2026-07-24 18:07:12,2026-07-24 14:57:00,,
44.85378,-1.15979,354.81,0.39,0.36,2026-07-24,1257,N21,VIIRS,n,2.0NRT,307.86,24.16,D,2026-07-24 18:07:12,2026-07-24 14:57:00,,
44.85402,-1.13468,367.0,0.39,0.36,2026-07-24,1257,N21,VIIRS,l,2.0NRT,325.32,72.83,D,2026-07-24 18:07:12,2026-07-24 14:57:00,,
44.85472,-1.12984,367.0,0.39,0.36,2026-07-24,1257,N21,VIIRS,h,2.0NRT,348.68,131.79,D,2026-07-24 18:07:12,2026-07-24 14:57:00,,
44.85494,-1.17523,342.07,0.39,0.36,2026-07-24,1257,N21,VIIRS,n,2.0NRT,305.37,14.87,D,2026-07-24 18:07:12,2026-07-24 14:57:00,,
44.85543,-1.12501,367.0,0.39,0.36,2026-07-24,1257,N21,VIIRS,h,2.0NRT,338.71,131.79,D,2026-07-24 18:07:12,2026-07-24 14:57:00,,
44.85564,-1.1704,347.62,0.39,0.36,2026-07-24,1257,N21,VIIRS,n,2.0NRT,317.43,34.04,D,2026-07-24 18:07:12,2026-07-24 14:57:00,,
44.85613,-1.12017,367.0,0.39,0.36,2026-07-24,1257,N21,VIIRS,l,2.0NRT,359.07,426.81,D,2026-07-24 18:07:12,2026-07-24 14:57:00,,
44.85635,-1.16557,344.49,0.39,0.36,2026-07-24,1257,N21,VIIRS,n,2.0NRT,307.2,34.04,D,2026-07-24 18:07:12,2026-07-24 14:57:00,,
44.8587,-1.12595,367.0,0.39,0.36,2026-07-24,1257,N21,VIIRS,h,2.0NRT,321.43,39.96,D,2026-07-24 18:07:12,2026-07-24 14:57:00,,
44.85892,-1.17135,350.0,0.39,0.36,2026-07-24,1257,N21,VIIRS,n,2.0NRT,308.22,18.0,D,2026-07-24 18:07:12,2026-07-24 14:57:00,,
44.85941,-1.12112,367.0,0.39,0.36,2026-07-24,1257,N21,VIIRS,l,2.0NRT,335.34,177.98,D,2026-07-24 18:07:12,2026-07-24 14:57:00,,
44.85962,-1.16651,352.91,0.39,0.36,2026-07-24,1257,N21,VIIRS,n,2.0NRT,308.04,18.0,D,2026-07-24 18:07:12,2026-07-24 14:57:00,,
44.8601,-1.11628,367.0,0.39,0.36,2026-07-24,1257,N21,VIIRS,l,2.0NRT,334.46,177.98,D,2026-07-24 18:07:12,2026-07-24 14:57:00,,
44.86033,-1.16168,367.0,0.39,0.36,2026-07-24,1257,N21,VIIRS,h,2.0NRT,314.18,23.95,D,2026-07-24 18:07:12,2026-07-24 14:57:00,,
44.86148,-1.17712,346.05,0.39,0.36,2026-07-24,1257,N21,VIIRS,n,2.0NRT,308.69,14.95,D,2026-07-24 18:07:12,2026-07-24 14:57:00,,
44.86219,-1.17229,367.0,0.39,0.36,2026-07-24,1257,N21,VIIRS,h,2.0NRT,320.85,18.0,D,2026-07-24 18:07:12,2026-07-24 14:57:00,,
44.86268,-1.12206,367.0,0.39,0.36,2026-07-24,1257,N21,VIIRS,h,2.0NRT,314.82,177.98,D,2026-07-24 18:07:12,2026-07-24 14:57:00,,
44.86289,-1.16746,353.0,0.39,0.36,2026-07-24,1257,N21,VIIRS,l,2.0NRT,329.0,18.0,D,2026-07-24 18:07:12,2026-07-24 14:57:00,,
44.86292,-1.09694,367.0,0.39,0.36,2026-07-24,1257,N21,VIIRS,h,2.0NRT,328.11,152.11,D,2026-07-24 18:07:12,2026-07-24 14:57:00,,
44.8636,-1.16262,352.0,0.39,0.36,2026-07-24,1257,N21,VIIRS,l,2.0NRT,328.94,23.95,D,2026-07-24 18:07:12,2026-07-24 14:57:00,,
44.86362,-1.0921,350.5,0.39,0.36,2026-07-24,1257,N21,VIIRS,l,2.0NRT,329.63,79.11,D,2026-07-24 18:07:12,2026-07-24 14:57:00,,
44.86431,-1.15779,367.0,0.39,0.36,2026-07-24,1257,N21,VIIRS,h,2.0NRT,323.27,23.95,D,2026-07-24 18:07:12,2026-07-24 14:57:00,,
44.86501,-1.15295,367.0,0.39,0.36,2026-07-24,1257,N21,VIIRS,l,2.0NRT,327.05,57.54,D,2026-07-24 18:07:12,2026-07-24 14:57:00,,
44.86546,-1.17324,345.67,0.39,0.36,2026-07-24,1257,N21,VIIRS,n,2.0NRT,313.0,29.41,D,2026-07-24 18:07:12,2026-07-24 14:57:00,,
44.86549,-1.10272,367.0,0.39,0.36,2026-07-24,1257,N21,VIIRS,l,2.0NRT,336.31,152.11,D,2026-07-24 18:07:12,2026-07-24 14:57:00,,
44.86617,-1.1684,353.29,0.39,0.36,2026-07-24,1257,N21,VIIRS,n,2.0NRT,327.83,29.41,D,2026-07-24 18:07:12,2026-07-24 14:57:00,,
44.86619,-1.09788,367.0,0.39,0.36,2026-07-24,1257,N21,VIIRS,l,2.0NRT,370.56,152.11,D,2026-07-24 18:07:12,2026-07-24 14:57:00,,
44.86687,-1.16357,354.97,0.39,0.36,2026-07-24,1257,N21,VIIRS,n,2.0NRT,323.74,50.38,D,2026-07-24 18:07:12,2026-07-24 14:57:00,,
44.86689,-1.09304,367.0,0.39,0.36,2026-07-24,1257,N21,VIIRS,h,2.0NRT,338.98,79.11,D,2026-07-24 18:07:12,2026-07-24 14:57:00,,
44.86757,-1.15873,367.0,0.39,0.36,2026-07-24,1257,N21,VIIRS,h,2.0NRT,357.07,50.38,D,2026-07-24 18:07:12,2026-07-24 14:57:00,,
44.86806,-1.1085,355.47,0.39,0.36,2026-07-24,1257,N21,VIIRS,l,2.0NRT,327.13,49.21,D,2026-07-24 18:07:12,2026-07-24 14:57:00,,
44.86828,-1.1539,367.0,0.39,0.36,2026-07-24,1257,N21,VIIRS,l,2.0NRT,340.11,51.85,D,2026-07-24 18:07:12,2026-07-24 14:57:00,,
44.86876,-1.10366,353.59,0.39,0.36,2026-07-24,1257,N21,VIIRS,l,2.0NRT,336.61,40.9,D,2026-07-24 18:07:12,2026-07-24 14:57:00,,
44.86898,-1.14907,353.07,0.39,0.36,2026-07-24,1257,N21,VIIRS,n,2.0NRT,313.23,51.85,D,2026-07-24 18:07:12,2026-07-24 14:57:00,,
44.86944,-1.16935,353.75,0.39,0.36,2026-07-24,1257,N21,VIIRS,n,2.0NRT,315.96,29.41,D,2026-07-24 18:07:12,2026-07-24 14:57:00,,
44.87014,-1.16451,351.17,0.39,0.36,2026-07-24,1257,N21,VIIRS,l,2.0NRT,328.6,50.38,D,2026-07-24 18:07:12,2026-07-24 14:57:00,,
44.87085,-1.15968,367.0,0.39,0.36,2026-07-24,1257,N21,VIIRS,h,2.0NRT,348.27,50.38,D,2026-07-24 18:07:12,2026-07-24 14:57:00,,
44.87133,-1.10944,355.56,0.39,0.36,2026-07-24,1257,N21,VIIRS,l,2.0NRT,324.83,49.21,D,2026-07-24 18:07:12,2026-07-24 14:57:00,,
44.87155,-1.15485,367.0,0.39,0.36,2026-07-24,1257,N21,VIIRS,l,2.0NRT,335.24,51.85,D,2026-07-24 18:07:12,2026-07-24 14:57:00,,
44.87204,-1.1046,367.0,0.39,0.36,2026-07-24,1257,N21,VIIRS,h,2.0NRT,316.74,40.9,D,2026-07-24 18:07:12,2026-07-24 14:57:00,,
44.87296,-1.14517,355.61,0.39,0.36,2026-07-24,1257,N21,VIIRS,n,2.0NRT,305.5,47.01,D,2026-07-24 18:07:12,2026-07-24 14:57:00,,
44.87342,-1.16546,367.0,0.39,0.36,2026-07-24,1257,N21,VIIRS,h,2.0NRT,333.44,64.86,D,2026-07-24 18:07:12,2026-07-24 14:57:00,,
44.87412,-1.16062,353.57,0.39,0.36,2026-07-24,1257,N21,VIIRS,n,2.0NRT,316.44,64.86,D,2026-07-24 18:07:12,2026-07-24 14:57:00,,
44.87461,-1.11038,353.27,0.39,0.36,2026-07-24,1257,N21,VIIRS,l,2.0NRT,325.06,35.89,D,2026-07-24 18:07:12,2026-07-24 14:57:00,,
44.87598,-1.17124,339.2,0.39,0.36,2026-07-24,1257,N21,VIIRS,n,2.0NRT,307.19,36.12,D,2026-07-24 18:07:12,2026-07-24 14:57:00,,
44.87672,-1.09586,367.0,0.39,0.36,2026-07-24,1257,N21,VIIRS,h,2.0NRT,315.86,13.91,D,2026-07-24 18:07:12,2026-07-24 14:57:00,,
44.87788,-1.11132,367.0,0.39,0.36,2026-07-24,1257,N21,VIIRS,h,2.0NRT,322.22,35.89,D,2026-07-24 18:07:12,2026-07-24 14:57:00,,
44.87882,-1.08134,355.43,0.39,0.36,2026-07-24,1257,N21,VIIRS,l,2.0NRT,314.41,14.17,D,2026-07-24 18:07:12,2026-07-24 14:57:00,,
44.87999,-1.09681,367.0,0.39,0.36,2026-07-24,1257,N21,VIIRS,h,2.0NRT,331.25,13.91,D,2026-07-24 18:07:12,2026-07-24 14:57:00,,
44.88046,-1.1171,367.0,0.39,0.36,2026-07-24,1257,N21,VIIRS,h,2.0NRT,311.74,21.74,D,2026-07-24 18:07:12,2026-07-24 14:57:00,,
44.8807,-1.09196,367.0,0.39,0.36,2026-07-24,1257,N21,VIIRS,h,2.0NRT,321.9,13.91,D,2026-07-24 18:07:12,2026-07-24 14:57:00,,
44.88092,-1.13739,355.05,0.39,0.36,2026-07-24,1257,N21,VIIRS,l,2.0NRT,313.38,27.43,D,2026-07-24 18:07:12,2026-07-24 14:57:00,,
44.88116,-1.11226,367.0,0.39,0.36,2026-07-24,1257,N21,VIIRS,h,2.0NRT,317.17,21.74,D,2026-07-24 18:07:12,2026-07-24 14:57:00,,
44.8814,-1.08712,355.32,0.39,0.36,2026-07-24,1257,N21,VIIRS,l,2.0NRT,319.71,14.17,D,2026-07-24 18:07:12,2026-07-24 14:57:00,,
44.88162,-1.13255,367.0,0.39,0.36,2026-07-24,1257,N21,VIIRS,h,2.0NRT,316.57,27.43,D,2026-07-24 18:07:12,2026-07-24 14:57:00,,
44.88186,-1.10742,367.0,0.39,0.36,2026-07-24,1257,N21,VIIRS,h,2.0NRT,318.41,23.8,D,2026-07-24 18:07:12,2026-07-24 14:57:00,,
44.88208,-1.15284,347.87,0.39,0.36,2026-07-24,1257,N21,VIIRS,n,2.0NRT,312.09,33.49,D,2026-07-24 18:07:12,2026-07-24 14:57:00,,
44.88233,-1.12771,367.0,0.39,0.36,2026-07-24,1257,N21,VIIRS,h,2.0NRT,316.92,36.01,D,2026-07-24 18:07:12,2026-07-24 14:57:00,,
44.88256,-1.10259,367.0,0.39,0.36,2026-07-24,1257,N21,VIIRS,h,2.0NRT,321.99,23.8,D,2026-07-24 18:07:12,2026-07-24 14:57:00,,
44.8828,-1.07744,367.0,0.39,0.36,2026-07-24,1257,N21,VIIRS,h,2.0NRT,332.84,29.55,D,2026-07-24 18:07:12,2026-07-24 14:57:00,,
44.88303,-1.12288,367.0,0.39,0.36,2026-07-24,1257,N21,VIIRS,l,2.0NRT,326.04,36.01,D,2026-07-24 18:07:12,2026-07-24 14:57:00,,
44.88327,-1.09775,367.0,0.39,0.36,2026-07-24,1257,N21,VIIRS,h,2.0NRT,329.3,17.87,D,2026-07-24 18:07:12,2026-07-24 14:57:00,,
44.88443,-1.1132,367.0,0.39,0.36,2026-07-24,1257,N21,VIIRS,h,2.0NRT,320.73,21.74,D,2026-07-24 18:07:12,2026-07-24 14:57:00,,
44.8849,-1.13349,355.51,0.39,0.36,2026-07-24,1257,N21,VIIRS,l,2.0NRT,318.8,81.17,D,2026-07-24 18:07:12,2026-07-24 14:57:00,,
44.88514,-1.10837,352.89,0.39,0.36,2026-07-24,1257,N21,VIIRS,l,2.0NRT,332.45,23.8,D,2026-07-24 18:07:12,2026-07-24 14:57:00,,
44.88584,-1.10353,354.22,0.39,0.36,2026-07-24,1257,N21,VIIRS,l,2.0NRT,336.74,23.8,D,2026-07-24 18:07:12,2026-07-24 14:57:00,,
44.88606,-1.00771,367.0,0.39,0.36,2026-07-24,1257,N21,VIIRS,h,2.0NRT,325.39,13.34,D,2026-07-24 18:07:12,2026-07-24 14:57:00,,
44.88608,-1.07838,367.0,0.39,0.36,2026-07-24,1257,N21,VIIRS,h,2.0NRT,327.44,8.66,D,2026-07-24 18:07:12,2026-07-24 14:57:00,,
44.8863,-1.12382,367.0,0.39,0.36,2026-07-24,1257,N21,VIIRS,h,2.0NRT,347.35,196.32,D,2026-07-24 18:07:12,2026-07-24 14:57:00,,
44.88654,-1.09869,355.08,0.39,0.36,2026-07-24,1257,N21,VIIRS,l,2.0NRT,327.62,17.87,D,2026-07-24 18:07:12,2026-07-24 14:57:00,,
44.88678,-1.07354,367.0,0.39,0.36,2026-07-24,1257,N21,VIIRS,h,2.0NRT,325.62,8.66,D,2026-07-24 18:07:12,2026-07-24 14:57:00,,
44.88725,-1.09385,355.05,0.39,0.36,2026-07-24,1257,N21,VIIRS,l,2.0NRT,319.11,17.87,D,2026-07-24 18:07:12,2026-07-24 14:57:00,,
44.88749,-1.0687,355.63,0.39,0.36,2026-07-24,1257,N21,VIIRS,l,2.0NRT,327.04,13.22,D,2026-07-24 18:07:12,2026-07-24 14:57:00,,
44.88771,-1.11415,355.01,0.39,0.36,2026-07-24,1257,N21,VIIRS,l,2.0NRT,314.43,56.38,D,2026-07-24 18:07:12,2026-07-24 14:57:00,,
44.88841,-1.10931,367.0,0.39,0.36,2026-07-24,1257,N21,VIIRS,l,2.0NRT,336.98,105.16,D,2026-07-24 18:07:12,2026-07-24 14:57:00,,
44.88865,-1.08417,367.0,0.39,0.36,2026-07-24,1257,N21,VIIRS,h,2.0NRT,331.9,32.75,D,2026-07-24 18:07:12,2026-07-24 14:57:00,,
44.88887,-1.1296,367.0,0.39,0.36,2026-07-24,1257,N21,VIIRS,l,2.0NRT,326.38,196.32,D,2026-07-24 18:07:12,2026-07-24 14:57:00,,
44.88912,-1.10447,367.0,0.39,0.36,2026-07-24,1257,N21,VIIRS,l,2.0NRT,335.98,105.16,D,2026-07-24 18:07:12,2026-07-24 14:57:00,,
44.88935,-1.07933,355.22,0.39,0.36,2026-07-24,1257,N21,VIIRS,l,2.0NRT,326.71,8.66,D,2026-07-24 18:07:12,2026-07-24 14:57:00,,
44.89006,-1.07448,353.93,0.39,0.36,2026-07-24,1257,N21,VIIRS,l,2.0NRT,325.2,8.66,D,2026-07-24 18:07:12,2026-07-24 14:57:00,,
44.89052,-1.09479,350.68,0.39,0.36,2026-07-24,1257,N21,VIIRS,l,2.0NRT,349.97,76.67,D,2026-07-24 18:07:12,2026-07-24 14:57:00,,
44.89076,-1.06964,355.02,0.39,0.36,2026-07-24,1257,N21,VIIRS,l,2.0NRT,326.44,13.22,D,2026-07-24 18:07:12,2026-07-24 14:57:00,,
44.89123,-1.08995,351.23,0.39,0.36,2026-07-24,1257,N21,VIIRS,l,2.0NRT,346.39,38.2,D,2026-07-24 18:07:12,2026-07-24 14:57:00,,
44.89169,-1.11025,367.0,0.39,0.36,2026-07-24,1257,N21,VIIRS,h,2.0NRT,358.25,105.16,D,2026-07-24 18:07:12,2026-07-24 14:57:00,,
44.89193,-1.0851,355.59,0.39,0.36,2026-07-24,1257,N21,VIIRS,l,2.0NRT,336.91,38.2,D,2026-07-24 18:07:12,2026-07-24 14:57:00,,
44.89239,-1.10541,367.0,0.39,0.36,2026-07-24,1257,N21,VIIRS,h,2.0NRT,359.25,105.16,D,2026-07-24 18:07:12,2026-07-24 14:57:00,,
44.89263,-1.08026,367.0,0.39,0.36,2026-07-24,1257,N21,VIIRS,h,2.0NRT,335.11,17.39,D,2026-07-24 18:07:12,2026-07-24 14:57:00,,
44.89331,-1.00474,367.0,0.39,0.36,2026-07-24,1257,N21,VIIRS,h,2.0NRT,324.38,15.53,D,2026-07-24 18:07:12,2026-07-24 14:57:00,,
44.89333,-1.07542,367.0,0.39,0.36,2026-07-24,1257,N21,VIIRS,h,2.0NRT,327.95,17.39,D,2026-07-24 18:07:12,2026-07-24 14:57:00,,
44.8938,-1.09573,367.0,0.39,0.36,2026-07-24,1257,N21,VIIRS,l,2.0NRT,332.92,76.67,D,2026-07-24 18:07:12,2026-07-24 14:57:00,,
44.89404,-1.07058,367.0,0.39,0.36,2026-07-24,1257,N21,VIIRS,h,2.0NRT,328.04,15.74,D,2026-07-24 18:07:12,2026-07-24 14:57:00,,
44.89426,-1.11603,367.0,0.39,0.36,2026-07-24,1257,N21,VIIRS,l,2.0NRT,328.33,91.9,D,2026-07-24 18:07:12,2026-07-24 14:57:00,,
44.8945,-1.09089,367.0,0.39,0.36,2026-07-24,1257,N21,VIIRS,h,2.0NRT,352.25,38.2,D,2026-07-24 18:07:12,2026-07-24 14:57:00,,
44.89496,-1.11119,367.0,0.39,0.36,2026-07-24,1257,N21,VIIRS,h,2.0NRT,344.56,96.79,D,2026-07-24 18:07:12,2026-07-24 14:57:00,,
44.89521,-1.08604,355.23,0.39,0.36,2026-07-24,1257,N21,VIIRS,l,2.0NRT,340.39,38.2,D,2026-07-24 18:07:12,2026-07-24 14:57:00,,
44.89567,-1.10635,367.0,0.39,0.36,2026-07-24,1257,N21,VIIRS,h,2.0NRT,361.77,96.79,D,2026-07-24 18:07:12,2026-07-24 14:57:00,,
44.89591,-1.0812,354.98,0.39,0.36,2026-07-24,1257,N21,VIIRS,l,2.0NRT,340.91,17.39,D,2026-07-24 18:07:12,2026-07-24 14:57:00,,
44.89637,-1.10151,367.0,0.39,0.36,2026-07-24,1257,N21,VIIRS,l,2.0NRT,335.8,66.71,D,2026-07-24 18:07:12,2026-07-24 14:57:00,,
44.8966,-1.00568,354.38,0.39,0.36,2026-07-24,1257,N21,VIIRS,l,2.0NRT,332.59,16.85,D,2026-07-24 18:07:12,2026-07-24 14:57:00,,
44.89661,-1.07636,367.0,0.39,0.36,2026-07-24,1257,N21,VIIRS,h,2.0NRT,328.26,17.39,D,2026-07-24 18:07:12,2026-07-24 14:57:00,,
44.89707,-1.09667,367.0,0.39,0.36,2026-07-24,1257,N21,VIIRS,l,2.0NRT,336.05,66.71,D,2026-07-24 18:07:12,2026-07-24 14:57:00,,
44.8973,-1.00082,367.0,0.39,0.36,2026-07-24,1257,N21,VIIRS,l,2.0NRT,331.12,11.78,D,2026-07-24 18:07:12,2026-07-24 14:57:00,,
44.89731,-1.07152,367.0,0.39,0.36,2026-07-24,1257,N21,VIIRS,h,2.0NRT,327.84,15.74,D,2026-07-24 18:07:12,2026-07-24 14:57:00,,
44.89753,-1.11697,367.0,0.39,0.36,2026-07-24,1257,N21,VIIRS,l,2.0NRT,338.94,91.9,D,2026-07-24 18:07:12,2026-07-24 14:57:00,,
44.89778,-1.09183,354.4,0.39,0.36,2026-07-24,1257,N21,VIIRS,l,2.0NRT,346.37,57.21,D,2026-07-24 18:07:12,2026-07-24 14:57:00,,
44.89824,-1.11213,350.76,0.39,0.36,2026-07-24,1257,N21,VIIRS,l,2.0NRT,335.83,96.79,D,2026-07-24 18:07:12,2026-07-24 14:57:00,,
44.89848,-1.08699,351.35,0.39,0.36,2026-07-24,1257,N21,VIIRS,l,2.0NRT,345.08,57.21,D,2026-07-24 18:07:12,2026-07-24 14:57:00,,
44.89848,-1.01632,367.0,0.39,0.36,2026-07-24,1257,N21,VIIRS,l,2.0NRT,331.65,25.85,D,2026-07-24 18:07:12,2026-07-24 14:57:00,,
44.89894,-1.10729,367.0,0.39,0.36,2026-07-24,1257,N21,VIIRS,h,2.0NRT,351.44,96.79,D,2026-07-24 18:07:12,2026-07-24 14:57:00,,
44.89917,-1.01147,354.02,0.39,0.36,2026-07-24,1257,N21,VIIRS,l,2.0NRT,328.06,16.85,D,2026-07-24 18:07:12,2026-07-24 14:57:00,,
44.89919,-1.08214,353.5,0.39,0.36,2026-07-24,1257,N21,VIIRS,l,2.0NRT,347.64,39.97,D,2026-07-24 18:07:12,2026-07-24 14:57:00,,
44.89965,-1.10245,367.0,0.39,0.36,2026-07-24,1257,N21,VIIRS,h,2.0NRT,345.21,66.71,D,2026-07-24 18:07:12,2026-07-24 14:57:00,,
44.89988,-1.0773,367.0,0.39,0.36,2026-07-24,1257,N21,VIIRS,h,2.0NRT,331.08,39.97,D,2026-07-24 18:07:12,2026-07-24 14:57:00,,
44.89988,-1.00661,347.86,0.39,0.36,2026-07-24,1257,N21,VIIRS,l,2.0NRT,317.98,16.85,D,2026-07-24 18:07:12,2026-07-24 14:57:00,,
44.9001,-1.12275,367.0,0.39,0.36,2026-07-24,1257,N21,VIIRS,h,2.0NRT,339.14,132.19,D,2026-07-24 18:07:12,2026-07-24 14:57:00,,
44.90035,-1.09761,352.54,0.39,0.36,2026-07-24,1257,N21,VIIRS,l,2.0NRT,336.63,66.71,D,2026-07-24 18:07:12,2026-07-24 14:57:00,,
44.90057,-1.00176,346.26,0.39,0.36,2026-07-24,1257,N21,VIIRS,n,2.0NRT,313.69,11.78,D,2026-07-24 18:07:12,2026-07-24 14:57:00,,
44.90059,-1.07246,367.0,0.39,0.36,2026-07-24,1257,N21,VIIRS,h,2.0NRT,329.77,14.51,D,2026-07-24 18:07:12,2026-07-24 14:57:00,,
44.90081,-1.11791,367.0,0.39,0.36,2026-07-24,1257,N21,VIIRS,h,2.0NRT,347.43,132.19,D,2026-07-24 18:07:12,2026-07-24 14:57:00,,
44.90105,-1.09277,367.0,0.39,0.36,2026-07-24,1257,N21,VIIRS,h,2.0NRT,355.53,57.21,D,2026-07-24 18:07:12,2026-07-24 14:57:00,,
44.90129,-1.06762,367.0,0.39,0.36,2026-07-24,1257,N21,VIIRS,h,2.0NRT,327.66,14.51,D,2026-07-24 18:07:12,2026-07-24 14:57:00,,
44.90151,-1.11307,367.0,0.39,0.36,2026-07-24,1257,N21,VIIRS,l,2.0NRT,335.08,171.57,D,2026-07-24 18:07:12,2026-07-24 14:57:00,,
44.90175,-1.01725,348.51,0.39,0.36,2026-07-24,1257,N21,VIIRS,n,2.0NRT,318.01,12.52,D,2026-07-24 18:07:12,2026-07-24 14:57:00,,
44.90176,-1.08793,367.0,0.39,0.36,2026-07-24,1257,N21,VIIRS,h,2.0NRT,356.36,57.21,D,2026-07-24 18:07:12,2026-07-24 14:57:00,,
44.90199,-1.06277,355.62,0.39,0.36,2026-07-24,1257,N21,VIIRS,l,2.0NRT,321.22,17.35,D,2026-07-24 18:07:12,2026-07-24 14:57:00,,
44.90222,-1.10823,367.0,0.39,0.36,2026-07-24,1257,N21,VIIRS,l,2.0NRT,336.87,171.57,D,2026-07-24 18:07:12,2026-07-24 14:57:00,,
44.90246,-1.08309,367.0,0.39,0.36,2026-07-24,1257,N21,VIIRS,h,2.0NRT,359.29,39.97,D,2026-07-24 18:07:12,2026-07-24 14:57:00,,
44.90292,-1.10339,367.0,0.39,0.36,2026-07-24,1257,N21,VIIRS,l,2.0NRT,341.73,67.48,D,2026-07-24 18:07:12,2026-07-24 14:57:00,,
44.90316,-1.07824,367.0,0.39,0.36,2026-07-24,1257,N21,VIIRS,h,2.0NRT,328.12,39.97,D,2026-07-24 18:07:12,2026-07-24 14:57:00,,
44.9034,-1.05307,352.46,0.39,0.36,2026-07-24,1257,N21,VIIRS,l,2.0NRT,326.43,16.19,D,2026-07-24 18:07:12,2026-07-24 14:57:00,,
44.90363,-1.09855,367.0,0.39,0.36,2026-07-24,1257,N21,VIIRS,h,2.0NRT,344.35,67.48,D,2026-07-24 18:07:12,2026-07-24 14:57:00,,
44.90386,-1.0734,367.0,0.39,0.36,2026-07-24,1257,N21,VIIRS,h,2.0NRT,329.99,14.51,D,2026-07-24 18:07:12,2026-07-24 14:57:00,,
44.90408,-1.11885,367.0,0.39,0.36,2026-07-24,1257,N21,VIIRS,h,2.0NRT,350.57,132.19,D,2026-07-24 18:07:12,2026-07-24 14:57:00,,
44.90433,-1.09371,367.0,0.39,0.36,2026-07-24,1257,N21,VIIRS,h,2.0NRT,355.68,67.83,D,2026-07-24 18:07:12,2026-07-24 14:57:00,,
44.90457,-1.06855,367.0,0.39,0.36,2026-07-24,1257,N21,VIIRS,h,2.0NRT,326.96,14.51,D,2026-07-24 18:07:12,2026-07-24 14:57:00,,
44.90479,-1.11402,367.0,0.39,0.36,2026-07-24,1257,N21,VIIRS,l,2.0NRT,373.92,171.57,D,2026-07-24 18:07:12,2026-07-24 14:57:00,,
44.90503,-1.08887,355.91,0.39,0.36,2026-07-24,1257,N21,VIIRS,l,2.0NRT,337.1,67.83,D,2026-07-24 18:07:12,2026-07-24 14:57:00,,
44.90527,-1.06371,367.0,0.39,0.36,2026-07-24,1257,N21,VIIRS,h,2.0NRT,328.53,17.35,D,2026-07-24 18:07:12,2026-07-24 14:57:00,,
44.90574,-1.08403,367.0,0.39,0.36,2026-07-24,1257,N21,VIIRS,h,2.0NRT,356.69,58.96,D,2026-07-24 18:07:12,2026-07-24 14:57:00,,
44.9062,-1.10433,367.0,0.39,0.36,2026-07-24,1257,N21,VIIRS,l,2.0NRT,328.84,67.48,D,2026-07-24 18:07:12,2026-07-24 14:57:00,,
44.90644,-1.07918,355.62,0.39,0.36,2026-07-24,1257,N21,VIIRS,l,2.0NRT,336.28,58.96,D,2026-07-24 18:07:12,2026-07-24 14:57:00,,
44.9069,-1.09949,367.0,0.39,0.36,2026-07-24,1257,N21,VIIRS,l,2.0NRT,334.92,67.48,D,2026-07-24 18:07:12,2026-07-24 14:57:00,,
44.90714,-1.07434,350.79,0.39,0.36,2026-07-24,1257,N21,VIIRS,l,2.0NRT,344.86,130.22,D,2026-07-24 18:07:12,2026-07-24 14:57:00,,
44.90738,-1.04916,367.0,0.39,0.36,2026-07-24,1257,N21,VIIRS,h,2.0NRT,320.57,16.19,D,2026-07-24 18:07:12,2026-07-24 14:57:00,,
44.9076,-1.09465,367.0,0.39,0.36,2026-07-24,1257,N21,VIIRS,h,2.0NRT,367.02,67.83,D,2026-07-24 18:07:12,2026-07-24 14:57:00,,
44.90784,-1.06949,367.0,0.39,0.36,2026-07-24,1257,N21,VIIRS,h,2.0NRT,352.73,130.22,D,2026-07-24 18:07:12,2026-07-24 14:57:00,,
44.90831,-1.08981,367.0,0.39,0.36,2026-07-24,1257,N21,VIIRS,h,2.0NRT,348.98,67.83,D,2026-07-24 18:07:12,2026-07-24 14:57:00,,
44.90842,-1.11266,367.0,0.39,0.36,2026-07-24,1257,N21,VIIRS,l,2.0NRT,373.31,200.55,D,2026-07-24 18:07:12,2026-07-24 14:57:00,,
44.90855,-1.06464,367.0,0.39,0.36,2026-07-24,1257,N21,VIIRS,l,2.0NRT,348.74,174.99,D,2026-07-24 18:07:12,2026-07-24 14:57:00,,
44.90901,-1.08496,367.0,0.39,0.36,2026-07-24,1257,N21,VIIRS,h,2.0NRT,358.69,58.96,D,2026-07-24 18:07:12,2026-07-24 14:57:00,,
44.90911,-1.10781,367.0,0.39,0.36,2026-07-24,1257,N21,VIIRS,h,2.0NRT,350.77,200.55,D,2026-07-24 18:07:12,2026-07-24 14:57:00,,
44.90972,-1.08012,367.0,0.39,0.36,2026-07-24,1257,N21,VIIRS,h,2.0NRT,355.18,58.96,D,2026-07-24 18:07:12,2026-07-24 14:57:00,,
44.90982,-1.10297,367.0,0.39,0.36,2026-07-24,1257,N21,VIIRS,l,2.0NRT,336.34,118.04,D,2026-07-24 18:07:12,2026-07-24 14:57:00,,
44.90995,-1.05495,367.0,0.39,0.36,2026-07-24,1257,N21,VIIRS,l,2.0NRT,359.65,306.89,D,2026-07-24 18:07:12,2026-07-24 14:57:00,,
44.91042,-1.07527,367.0,0.39,0.36,2026-07-24,1257,N21,VIIRS,l,2.0NRT,373.93,130.22,D,2026-07-24 18:07:12,2026-07-24 14:57:00,,
44.91051,-1.09812,367.0,0.39,0.36,2026-07-24,1257,N21,VIIRS,h,2.0NRT,361.46,118.04,D,2026-07-24 18:07:12,2026-07-24 14:57:00,,
44.91066,-1.0501,367.0,0.39,0.36,2026-07-24,1257,N21,VIIRS,h,2.0NRT,337.01,306.89,D,2026-07-24 18:07:12,2026-07-24 14:57:00,,
44.91112,-1.07043,367.0,0.39,0.36,2026-07-24,1257,N21,VIIRS,l,2.0NRT,373.76,130.22,D,2026-07-24 18:07:12,2026-07-24 14:57:00,,
44.91121,-1.09328,367.0,0.39,0.36,2026-07-24,1257,N21,VIIRS,h,2.0NRT,356.98,183.16,D,2026-07-24 18:07:12,2026-07-24 14:57:00,,
44.91169,-1.1136,367.0,0.39,0.36,2026-07-24,1257,N21,VIIRS,l,2.0NRT,372.99,200.55,D,2026-07-24 18:07:12,2026-07-24 14:57:00,,
44.91182,-1.06558,367.0,0.39,0.36,2026-07-24,1257,N21,VIIRS,l,2.0NRT,373.93,174.99,D,2026-07-24 18:07:12,2026-07-24 14:57:00,,
44.91191,-1.08843,367.0,0.39,0.36,2026-07-24,1257,N21,VIIRS,h,2.0NRT,359.22,183.16,D,2026-07-24 18:07:12,2026-07-24 14:57:00,,
44.9124,-1.10876,367.0,0.39,0.36,2026-07-24,1257,N21,VIIRS,h,2.0NRT,359.05,200.55,D,2026-07-24 18:07:12,2026-07-24 14:57:00,,
44.91261,-1.08359,367.0,0.39,0.36,2026-07-24,1257,N21,VIIRS,l,2.0NRT,367.73,0.0,D,2026-07-24 18:07:12,2026-07-24 14:57:00,,
44.91309,-1.10391,367.0,0.39,0.36,2026-07-24,1257,N21,VIIRS,h,2.0NRT,346.22,118.04,D,2026-07-24 18:07:12,2026-07-24 14:57:00,,
44.91331,-1.07874,367.0,0.39,0.36,2026-07-24,1257,N21,VIIRS,l,2.0NRT,374.18,0.0,D,2026-07-24 18:07:12,2026-07-24 14:57:00,,
44.91379,-1.09907,367.0,0.39,0.36,2026-07-24,1257,N21,VIIRS,h,2.0NRT,358.26,118.04,D,2026-07-24 18:07:12,2026-07-24 14:57:00,,
44.91401,-1.07389,367.0,0.39,0.36,2026-07-24,1257,N21,VIIRS,l,2.0NRT,373.96,0.0,D,2026-07-24 18:07:12,2026-07-24 14:57:00,,
44.91449,-1.09422,367.0,0.39,0.36,2026-07-24,1257,N21,VIIRS,l,2.0NRT,373.21,183.16,D,2026-07-24 18:07:12,2026-07-24 14:57:00,,
44.91471,-1.06904,367.0,0.39,0.36,2026-07-24,1257,N21,VIIRS,h,2.0NRT,363.59,0.0,D,2026-07-24 18:07:12,2026-07-24 14:57:00,,
44.91497,-1.11454,367.0,0.39,0.36,2026-07-24,1257,N21,VIIRS,l,2.0NRT,343.34,347.03,D,2026-07-24 18:07:12,2026-07-24 14:57:00,,
44.91519,-1.08937,367.0,0.39,0.36,2026-07-24,1257,N21,VIIRS,l,2.0NRT,368.86,183.16,D,2026-07-24 18:07:12,2026-07-24 14:57:00,,
44.91567,-1.1097,367.0,0.39,0.36,2026-07-24,1257,N21,VIIRS,l,2.0NRT,364.24,347.03,D,2026-07-24 18:07:12,2026-07-24 14:57:00,,
44.91589,-1.08453,367.0,0.39,0.36,2026-07-24,1257,N21,VIIRS,l,2.0NRT,373.21,0.0,D,2026-07-24 18:07:12,2026-07-24 14:57:00,,
44.91637,-1.10485,367.0,0.39,0.36,2026-07-24,1257,N21,VIIRS,l,2.0NRT,360.39,574.0,D,2026-07-24 18:07:12,2026-07-24 14:57:00,,
44.91659,-1.07968,367.0,0.39,0.36,2026-07-24,1257,N21,VIIRS,l,2.0NRT,373.05,0.0,D,2026-07-24 18:07:12,2026-07-24 14:57:00,,
44.91707,-1.10001,367.0,0.39,0.36,2026-07-24,1257,N21,VIIRS,l,2.0NRT,355.02,574.0,D,2026-07-24 18:07:12,2026-07-24 14:57:00,,
44.91729,-1.07483,367.0,0.39,0.36,2026-07-24,1257,N21,VIIRS,h,2.0NRT,364.23,0.0,D,2026-07-24 18:07:12,2026-07-24 14:57:00,,
44.91777,-1.09516,367.0,0.39,0.36,2026-07-24,1257,N21,VIIRS,l,2.0NRT,371.9,0.0,D,2026-07-24 18:07:12,2026-07-24 14:57:00,,
44.91846,-1.09032,367.0,0.39,0.36,2026-07-24,1257,N21,VIIRS,l,2.0NRT,372.06,0.0,D,2026-07-24 18:07:12,2026-07-24 14:57:00,,
44.91917,-1.08547,367.0,0.39,0.36,2026-07-24,1257,N21,VIIRS,l,2.0NRT,371.1,0.0,D,2026-07-24 18:07:12,2026-07-24 14:57:00,,
44.91986,-1.08062,367.0,0.39,0.36,2026-07-24,1257,N21,VIIRS,l,2.0NRT,372.06,0.0,D,2026-07-24 18:07:12,2026-07-24 14:57:00,,
44.92175,-1.09126,367.0,0.39,0.36,2026-07-24,1257,N21,VIIRS,l,2.0NRT,370.41,0.0,D,2026-07-24 18:07:12,2026-07-24 14:57:00,,
44.92244,-1.08641,367.0,0.39,0.36,2026-07-24,1257,N21,VIIRS,h,2.0NRT,342.91,0.0,D,2026-07-24 18:07:12,2026-07-24 14:57:00,,
44.92314,-1.08156,355.27,0.39,0.36,2026-07-24,1257,N21,VIIRS,n,2.0NRT,304.7,0.0,D,2026-07-24 18:07:12,2026-07-24 14:57:00,,
44.92432,-1.09705,367.0,0.39,0.36,2026-07-24,1257,N21,VIIRS,l,2.0NRT,368.36,0.0,D,2026-07-24 18:07:12,2026-07-24 14:57:00,,
44.92502,-1.0922,309.32,0.39,0.36,2026-07-24,1257,N21,VIIRS,l,2.0NRT,321.79,0.0,D,2026-07-24 18:07:12,2026-07-24 14:57:00,,
44.92572,-1.08736,355.05,0.39,0.36,2026-07-24,1257,N21,VIIRS,n,2.0NRT,302.68,20.81,D,2026-07-24 18:07:12,2026-07-24 14:57:00,,
44.9262,-1.10768,355.4,0.39,0.36,2026-07-24,1257,N21,VIIRS,l,2.0NRT,300.28,1158.52,D,2026-07-24 18:07:12,2026-07-24 14:57:00,,
44.92642,-1.08251,353.55,0.39,0.36,2026-07-24,1257,N21,VIIRS,n,2.0NRT,300.66,20.81,D,2026-07-24 18:07:12,2026-07-24 14:57:00,,
44.9283,-1.09315,367.0,0.39,0.36,2026-07-24,1257,N21,VIIRS,h,2.0NRT,299.71,0.0,D,2026-07-24 18:07:12,2026-07-24 14:57:00,,
44.929,-1.0883,354.05,0.39,0.36,2026-07-24,1257,N21,VIIRS,n,2.0NRT,298.68,20.81,D,2026-07-24 18:07:12,2026-07-24 14:57:00,,
44.92947,-1.10863,350.43,0.39,0.36,2026-07-24,1257,N21,VIIRS,n,2.0NRT,296.64,10.26,D,2026-07-24 18:07:12,2026-07-24 14:57:00,,
44.93017,-1.10378,355.67,0.39,0.36,2026-07-24,1257,N21,VIIRS,n,2.0NRT,297.44,10.26,D,2026-07-24 18:07:12,2026-07-24 14:57:00,,
44.93087,-1.09894,367.0,0.39,0.36,2026-07-24,1257,N21,VIIRS,h,2.0NRT,297.08,11.17,D,2026-07-24 18:07:12,2026-07-24 14:57:00,,
44.93157,-1.09409,347.38,0.39,0.36,2026-07-24,1257,N21,VIIRS,n,2.0NRT,296.84,11.17,D,2026-07-24 18:07:12,2026-07-24 14:57:00,,
44.36427,-1.1629,328.45,0.39,0.36,2026-07-24,211,N,VIIRS,n,2.0NRT,294.55,28.72,N,2026-07-24 18:07:13,2026-07-24 04:11:00,,
44.36616,-1.15221,340.75,0.39,0.36,2026-07-24,211,N,VIIRS,n,2.0NRT,310.41,44.23,N,2026-07-24 18:07:13,2026-07-24 04:11:00,,
44.36687,-1.15708,354.1,0.39,0.36,2026-07-24,211,N,VIIRS,n,2.0NRT,336.42,44.23,N,2026-07-24 18:07:13,2026-07-24 04:11:00,,
44.36759,-1.16194,353.91,0.39,0.36,2026-07-24,211,N,VIIRS,n,2.0NRT,327.29,28.72,N,2026-07-24 18:07:13,2026-07-24 04:11:00,,
44.36876,-1.14639,340.26,0.39,0.36,2026-07-24,211,N,VIIRS,n,2.0NRT,294.79,17.57,N,2026-07-24 18:07:13,2026-07-24 04:11:00,,
44.36947,-1.15126,367.0,0.39,0.36,2026-07-24,211,N,VIIRS,h,2.0NRT,345.53,38.05,N,2026-07-24 18:07:13,2026-07-24 04:11:00,,
44.37018,-1.15612,367.0,0.39,0.36,2026-07-24,211,N,VIIRS,h,2.0NRT,347.91,38.05,N,2026-07-24 18:07:13,2026-07-24 04:11:00,,
44.37064,-1.13572,324.47,0.39,0.36,2026-07-24,211,N,VIIRS,n,2.0NRT,291.93,3.34,N,2026-07-24 18:07:13,2026-07-24 04:11:00,,
44.3709,-1.16099,351.19,0.39,0.36,2026-07-24,211,N,VIIRS,n,2.0NRT,337.15,43.51,N,2026-07-24 18:07:13,2026-07-24 04:11:00,,
44.37135,-1.14058,356.64,0.39,0.36,2026-07-24,211,N,VIIRS,n,2.0NRT,308.36,17.57,N,2026-07-24 18:07:13,2026-07-24 04:11:00,,
44.37161,-1.16586,367.0,0.39,0.36,2026-07-24,211,N,VIIRS,h,2.0NRT,311.23,43.51,N,2026-07-24 18:07:13,2026-07-24 04:11:00,,
44.37207,-1.14544,356.0,0.39,0.36,2026-07-24,211,N,VIIRS,n,2.0NRT,324.35,17.57,N,2026-07-24 18:07:13,2026-07-24 04:11:00,,
44.37232,-1.17073,336.5,0.39,0.36,2026-07-24,211,N,VIIRS,n,2.0NRT,300.38,15.34,N,2026-07-24 18:07:13,2026-07-24 04:11:00,,
44.37278,-1.15031,355.81,0.39,0.36,2026-07-24,211,N,VIIRS,n,2.0NRT,324.34,38.05,N,2026-07-24 18:07:13,2026-07-24 04:11:00,,
44.37323,-1.1299,305.66,0.39,0.36,2026-07-24,211,N,VIIRS,n,2.0NRT,291.33,17.26,N,2026-07-24 18:07:13,2026-07-24 04:11:00,,
44.3735,-1.15517,351.99,0.39,0.36,2026-07-24,211,N,VIIRS,n,2.0NRT,302.87,38.05,N,2026-07-24 18:07:13,2026-07-24 04:11:00,,
44.37395,-1.13476,343.93,0.39,0.36,2026-07-24,211,N,VIIRS,n,2.0NRT,306.1,17.26,N,2026-07-24 18:07:13,2026-07-24 04:11:00,,
44.37421,-1.16004,339.27,0.39,0.36,2026-07-24,211,N,VIIRS,n,2.0NRT,334.84,43.51,N,2026-07-24 18:07:13,2026-07-24 04:11:00,,
44.37466,-1.13963,356.26,0.39,0.36,2026-07-24,211,N,VIIRS,n,2.0NRT,335.32,21.56,N,2026-07-24 18:07:13,2026-07-24 04:11:00,,
44.37492,-1.16491,348.74,0.39,0.36,2026-07-24,211,N,VIIRS,n,2.0NRT,343.37,43.51,N,2026-07-24 18:07:13,2026-07-24 04:11:00,,
44.37538,-1.14449,367.0,0.39,0.36,2026-07-24,211,N,VIIRS,h,2.0NRT,322.05,21.56,N,2026-07-24 18:07:13,2026-07-24 04:11:00,,
44.37564,-1.16978,355.01,0.39,0.36,2026-07-24,211,N,VIIRS,n,2.0NRT,310.85,15.34,N,2026-07-24 18:07:13,2026-07-24 04:11:00,,
44.37583,-1.12408,334.42,0.39,0.36,2026-07-24,211,N,VIIRS,n,2.0NRT,298.66,28.66,N,2026-07-24 18:07:13,2026-07-24 04:11:00,,
44.37609,-1.14936,356.81,0.39,0.36,2026-07-24,211,N,VIIRS,n,2.0NRT,326.56,26.81,N,2026-07-24 18:07:13,2026-07-24 04:11:00,,
44.37635,-1.17465,330.67,0.39,0.36,2026-07-24,211,N,VIIRS,n,2.0NRT,296.92,15.34,N,2026-07-24 18:07:13,2026-07-24 04:11:00,,
44.37654,-1.12895,345.73,0.39,0.36,2026-07-24,211,N,VIIRS,n,2.0NRT,311.62,17.26,N,2026-07-24 18:07:13,2026-07-24 04:11:00,,
44.3768,-1.15422,367.0,0.39,0.36,2026-07-24,211,N,VIIRS,h,2.0NRT,308.07,26.81,N,2026-07-24 18:07:13,2026-07-24 04:11:00,,
44.37725,-1.13381,346.11,0.39,0.36,2026-07-24,211,N,VIIRS,n,2.0NRT,306.97,17.26,N,2026-07-24 18:07:13,2026-07-24 04:11:00,,
44.37752,-1.15909,348.26,0.39,0.36,2026-07-24,211,N,VIIRS,n,2.0NRT,340.85,34.15,N,2026-07-24 18:07:13,2026-07-24 04:11:00,,
44.37797,-1.13868,352.98,0.39,0.36,2026-07-24,211,N,VIIRS,n,2.0NRT,313.77,21.56,N,2026-07-24 18:07:13,2026-07-24 04:11:00,,
44.37823,-1.16396,348.21,0.39,0.36,2026-07-24,211,N,VIIRS,n,2.0NRT,303.28,34.15,N,2026-07-24 18:07:13,2026-07-24 04:11:00,,
44.37842,-1.11827,312.3,0.39,0.36,2026-07-24,211,N,VIIRS,n,2.0NRT,292.17,27.71,N,2026-07-24 18:07:13,2026-07-24 04:11:00,,
44.37868,-1.14354,367.0,0.39,0.36,2026-07-24,211,N,VIIRS,h,2.0NRT,331.19,21.56,N,2026-07-24 18:07:13,2026-07-24 04:11:00,,
44.37895,-1.16883,348.79,0.39,0.36,2026-07-24,211,N,VIIRS,n,2.0NRT,310.83,12.66,N,2026-07-24 18:07:13,2026-07-24 04:11:00,,
44.37914,-1.12313,342.22,0.39,0.36,2026-07-24,211,N,VIIRS,n,2.0NRT,337.89,27.71,N,2026-07-24 18:07:13,2026-07-24 04:11:00,,
44.3794,-1.14841,367.0,0.39,0.36,2026-07-24,211,N,VIIRS,h,2.0NRT,314.03,26.81,N,2026-07-24 18:07:13,2026-07-24 04:11:00,,
44.37967,-1.1737,308.5,0.39,0.36,2026-07-24,211,N,VIIRS,n,2.0NRT,295.14,12.66,N,2026-07-24 18:07:13,2026-07-24 04:11:00,,
44.37985,-1.12799,356.78,0.39,0.36,2026-07-24,211,N,VIIRS,n,2.0NRT,316.83,17.98,N,2026-07-24 18:07:13,2026-07-24 04:11:00,,
44.38012,-1.15327,345.1,0.39,0.36,2026-07-24,211,N,VIIRS,n,2.0NRT,333.91,26.81,N,2026-07-24 18:07:13,2026-07-24 04:11:00,,
44.38057,-1.13286,352.42,0.39,0.36,2026-07-24,211,N,VIIRS,n,2.0NRT,325.89,17.98,N,2026-07-24 18:07:13,2026-07-24 04:11:00,,
44.38083,-1.15814,343.41,0.39,0.36,2026-07-24,211,N,VIIRS,n,2.0NRT,336.09,34.15,N,2026-07-24 18:07:13,2026-07-24 04:11:00,,
44.38128,-1.13773,367.0,0.39,0.36,2026-07-24,211,N,VIIRS,h,2.0NRT,324.24,15.93,N,2026-07-24 18:07:13,2026-07-24 04:11:00,,
44.38155,-1.16301,332.5,0.39,0.36,2026-07-24,211,N,VIIRS,n,2.0NRT,297.53,34.15,N,2026-07-24 18:07:13,2026-07-24 04:11:00,,
44.38173,-1.11732,337.19,0.39,0.36,2026-07-24,211,N,VIIRS,n,2.0NRT,302.43,27.71,N,2026-07-24 18:07:13,2026-07-24 04:11:00,,
44.382,-1.14259,353.19,0.39,0.36,2026-07-24,211,N,VIIRS,n,2.0NRT,309.13,15.93,N,2026-07-24 18:07:13,2026-07-24 04:11:00,,
44.38245,-1.12218,357.47,0.39,0.36,2026-07-24,211,N,VIIRS,n,2.0NRT,326.92,27.71,N,2026-07-24 18:07:13,2026-07-24 04:11:00,,
44.38271,-1.14746,354.38,0.39,0.36,2026-07-24,211,N,VIIRS,n,2.0NRT,326.57,35.08,N,2026-07-24 18:07:13,2026-07-24 04:11:00,,
44.38316,-1.12704,367.0,0.39,0.36,2026-07-24,211,N,VIIRS,h,2.0NRT,318.88,17.98,N,2026-07-24 18:07:13,2026-07-24 04:11:00,,
44.38343,-1.15232,367.0,0.39,0.36,2026-07-24,211,N,VIIRS,h,2.0NRT,352.63,35.08,N,2026-07-24 18:07:13,2026-07-24 04:11:00,,
44.38388,-1.13191,354.3,0.39,0.36,2026-07-24,211,N,VIIRS,n,2.0NRT,312.65,17.98,N,2026-07-24 18:07:13,2026-07-24 04:11:00,,
44.38414,-1.15719,345.11,0.39,0.36,2026-07-24,211,N,VIIRS,n,2.0NRT,305.61,31.15,N,2026-07-24 18:07:13,2026-07-24 04:11:00,,
44.38432,-1.1115,313.74,0.39,0.36,2026-07-24,211,N,VIIRS,n,2.0NRT,291.7,15.52,N,2026-07-24 18:07:13,2026-07-24 04:11:00,,
44.38459,-1.13677,355.44,0.39,0.36,2026-07-24,211,N,VIIRS,n,2.0NRT,322.63,15.93,N,2026-07-24 18:07:13,2026-07-24 04:11:00,,
44.38504,-1.11637,336.19,0.39,0.36,2026-07-24,211,N,VIIRS,n,2.0NRT,332.15,31.52,N,2026-07-24 18:07:13,2026-07-24 04:11:00,,
44.38531,-1.14164,354.31,0.39,0.36,2026-07-24,211,N,VIIRS,n,2.0NRT,310.5,15.93,N,2026-07-24 18:07:13,2026-07-24 04:11:00,,
44.38576,-1.12123,367.0,0.39,0.36,2026-07-24,211,N,VIIRS,h,2.0NRT,332.61,31.52,N,2026-07-24 18:07:13,2026-07-24 04:11:00,,
44.38602,-1.14651,349.5,0.39,0.36,2026-07-24,211,N,VIIRS,n,2.0NRT,299.62,35.08,N,2026-07-24 18:07:13,2026-07-24 04:11:00,,
44.38647,-1.12609,356.97,0.39,0.36,2026-07-24,211,N,VIIRS,n,2.0NRT,314.49,17.06,N,2026-07-24 18:07:13,2026-07-24 04:11:00,,
44.38674,-1.15137,332.28,0.39,0.36,2026-07-24,211,N,VIIRS,n,2.0NRT,296.78,35.08,N,2026-07-24 18:07:13,2026-07-24 04:11:00,,
44.38719,-1.13096,350.23,0.39,0.36,2026-07-24,211,N,VIIRS,n,2.0NRT,310.72,17.06,N,2026-07-24 18:07:13,2026-07-24 04:11:00,,
44.38763,-1.11055,355.62,0.39,0.36,2026-07-24,211,N,VIIRS,n,2.0NRT,314.36,15.52,N,2026-07-24 18:07:13,2026-07-24 04:11:00,,
44.38791,-1.13582,350.39,0.39,0.36,2026-07-24,211,N,VIIRS,n,2.0NRT,319.51,20.81,N,2026-07-24 18:07:13,2026-07-24 04:11:00,,
44.38835,-1.11542,367.0,0.39,0.36,2026-07-24,211,N,VIIRS,h,2.0NRT,326.59,31.52,N,2026-07-24 18:07:13,2026-07-24 04:11:00,,
44.38862,-1.14069,356.95,0.39,0.36,2026-07-24,211,N,VIIRS,n,2.0NRT,332.31,20.81,N,2026-07-24 18:07:13,2026-07-24 04:11:00,,
44.38907,-1.12028,367.0,0.39,0.36,2026-07-24,211,N,VIIRS,h,2.0NRT,332.65,31.52,N,2026-07-24 18:07:13,2026-07-24 04:11:00,,
44.38934,-1.14555,346.3,0.39,0.36,2026-07-24,211,N,VIIRS,n,2.0NRT,337.24,28.15,N,2026-07-24 18:07:13,2026-07-24 04:11:00,,
44.38979,-1.12514,367.0,0.39,0.36,2026-07-24,211,N,VIIRS,h,2.0NRT,331.51,17.06,N,2026-07-24 18:07:13,2026-07-24 04:11:00,,
44.39005,-1.15043,337.7,0.39,0.36,2026-07-24,211,N,VIIRS,n,2.0NRT,315.81,28.15,N,2026-07-24 18:07:13,2026-07-24 04:11:00,,
44.3905,-1.13001,367.0,0.39,0.36,2026-07-24,211,N,VIIRS,h,2.0NRT,324.8,17.06,N,2026-07-24 18:07:13,2026-07-24 04:11:00,,
44.39094,-1.1096,353.03,0.39,0.36,2026-07-24,211,N,VIIRS,n,2.0NRT,302.94,7.93,N,2026-07-24 18:07:13,2026-07-24 04:11:00,,
44.39122,-1.13487,367.0,0.39,0.36,2026-07-24,211,N,VIIRS,h,2.0NRT,325.05,20.81,N,2026-07-24 18:07:13,2026-07-24 04:11:00,,
44.39166,-1.11446,350.28,0.39,0.36,2026-07-24,211,N,VIIRS,n,2.0NRT,308.61,13.83,N,2026-07-24 18:07:13,2026-07-24 04:11:00,,
44.39193,-1.13974,367.0,0.39,0.36,2026-07-24,211,N,VIIRS,h,2.0NRT,332.98,20.81,N,2026-07-24 18:07:13,2026-07-24 04:11:00,,
44.39237,-1.11933,367.0,0.39,0.36,2026-07-24,211,N,VIIRS,h,2.0NRT,326.86,13.83,N,2026-07-24 18:07:13,2026-07-24 04:11:00,,
44.39265,-1.14461,354.51,0.39,0.36,2026-07-24,211,N,VIIRS,n,2.0NRT,327.18,28.15,N,2026-07-24 18:07:13,2026-07-24 04:11:00,,
44.39309,-1.12419,367.0,0.39,0.36,2026-07-24,211,N,VIIRS,h,2.0NRT,336.61,21.92,N,2026-07-24 18:07:13,2026-07-24 04:11:00,,
44.39336,-1.14948,349.15,0.39,0.36,2026-07-24,211,N,VIIRS,n,2.0NRT,314.99,28.15,N,2026-07-24 18:07:13,2026-07-24 04:11:00,,
44.39354,-1.10378,338.5,0.39,0.36,2026-07-24,211,N,VIIRS,n,2.0NRT,293.96,7.93,N,2026-07-24 18:07:13,2026-07-24 04:11:00,,
44.39381,-1.12905,367.0,0.39,0.36,2026-07-24,211,N,VIIRS,h,2.0NRT,328.9,21.92,N,2026-07-24 18:07:13,2026-07-24 04:11:00,,
44.39408,-1.15435,316.25,0.39,0.36,2026-07-24,211,N,VIIRS,n,2.0NRT,295.24,2.19,N,2026-07-24 18:07:13,2026-07-24 04:11:00,,
44.39425,-1.10865,367.0,0.39,0.36,2026-07-24,211,N,VIIRS,h,2.0NRT,315.38,7.93,N,2026-07-24 18:07:13,2026-07-24 04:11:00,,
44.39452,-1.13392,367.0,0.39,0.36,2026-07-24,211,N,VIIRS,h,2.0NRT,323.0,17.15,N,2026-07-24 18:07:13,2026-07-24 04:11:00,,
44.39497,-1.11351,367.0,0.39,0.36,2026-07-24,211,N,VIIRS,h,2.0NRT,317.94,13.83,N,2026-07-24 18:07:13,2026-07-24 04:11:00,,
44.39524,-1.13879,367.0,0.39,0.36,2026-07-24,211,N,VIIRS,h,2.0NRT,322.94,17.15,N,2026-07-24 18:07:13,2026-07-24 04:11:00,,
44.39569,-1.11838,354.48,0.39,0.36,2026-07-24,211,N,VIIRS,n,2.0NRT,319.65,13.83,N,2026-07-24 18:07:13,2026-07-24 04:11:00,,
44.39596,-1.14366,367.0,0.39,0.36,2026-07-24,211,N,VIIRS,h,2.0NRT,323.2,22.29,N,2026-07-24 18:07:13,2026-07-24 04:11:00,,
44.3964,-1.12324,367.0,0.39,0.36,2026-07-24,211,N,VIIRS,h,2.0NRT,329.69,21.92,N,2026-07-24 18:07:13,2026-07-24 04:11:00,,
44.39668,-1.14852,353.41,0.39,0.36,2026-07-24,211,N,VIIRS,n,2.0NRT,313.35,22.29,N,2026-07-24 18:07:13,2026-07-24 04:11:00,,
44.39684,-1.10283,347.91,0.39,0.36,2026-07-24,211,N,VIIRS,n,2.0NRT,304.81,5.98,N,2026-07-24 18:07:13,2026-07-24 04:11:00,,
44.39712,-1.1281,351.93,0.39,0.36,2026-07-24,211,N,VIIRS,n,2.0NRT,311.7,21.92,N,2026-07-24 18:07:13,2026-07-24 04:11:00,,
44.39739,-1.1534,329.31,0.39,0.36,2026-07-24,211,N,VIIRS,n,2.0NRT,297.43,3.12,N,2026-07-24 18:07:13,2026-07-24 04:11:00,,
44.39756,-1.1077,345.6,0.39,0.36,2026-07-24,211,N,VIIRS,n,2.0NRT,306.23,5.98,N,2026-07-24 18:07:13,2026-07-24 04:11:00,,
44.39783,-1.13297,356.06,0.39,0.36,2026-07-24,211,N,VIIRS,n,2.0NRT,316.28,17.15,N,2026-07-24 18:07:13,2026-07-24 04:11:00,,
44.39828,-1.11256,353.04,0.39,0.36,2026-07-24,211,N,VIIRS,n,2.0NRT,309.4,6.37,N,2026-07-24 18:07:13,2026-07-24 04:11:00,,
44.39855,-1.13784,367.0,0.39,0.36,2026-07-24,211,N,VIIRS,h,2.0NRT,325.95,17.15,N,2026-07-24 18:07:13,2026-07-24 04:11:00,,
44.39899,-1.11742,332.92,0.39,0.36,2026-07-24,211,N,VIIRS,n,2.0NRT,300.1,6.37,N,2026-07-24 18:07:13,2026-07-24 04:11:00,,
44.39927,-1.14271,367.0,0.39,0.36,2026-07-24,211,N,VIIRS,h,2.0NRT,334.25,22.29,N,2026-07-24 18:07:13,2026-07-24 04:11:00,,
44.39971,-1.12229,350.95,0.39,0.36,2026-07-24,211,N,VIIRS,n,2.0NRT,311.66,7.36,N,2026-07-24 18:07:13,2026-07-24 04:11:00,,
44.39999,-1.14758,367.0,0.39,0.36,2026-07-24,211,N,VIIRS,h,2.0NRT,333.32,22.29,N,2026-07-24 18:07:13,2026-07-24 04:11:00,,
44.40043,-1.12715,355.07,0.39,0.36,2026-07-24,211,N,VIIRS,n,2.0NRT,311.46,7.36,N,2026-07-24 18:07:13,2026-07-24 04:11:00,,
44.4007,-1.15245,316.68,0.39,0.36,2026-07-24,211,N,VIIRS,n,2.0NRT,296.44,3.12,N,2026-07-24 18:07:13,2026-07-24 04:11:00,,
44.40087,-1.10675,306.11,0.39,0.36,2026-07-24,211,N,VIIRS,n,2.0NRT,291.97,5.98,N,2026-07-24 18:07:13,2026-07-24 04:11:00,,
44.40115,-1.13202,367.0,0.39,0.36,2026-07-24,211,N,VIIRS,h,2.0NRT,318.04,17.47,N,2026-07-24 18:07:13,2026-07-24 04:11:00,,
44.40159,-1.11161,351.73,0.39,0.36,2026-07-24,211,N,VIIRS,n,2.0NRT,307.59,6.37,N,2026-07-24 18:07:13,2026-07-24 04:11:00,,
44.40186,-1.13689,367.0,0.39,0.36,2026-07-24,211,N,VIIRS,h,2.0NRT,329.59,17.47,N,2026-07-24 18:07:13,2026-07-24 04:11:00,,
44.40231,-1.11647,344.34,0.39,0.36,2026-07-24,211,N,VIIRS,n,2.0NRT,309.23,6.37,N,2026-07-24 18:07:13,2026-07-24 04:11:00,,
44.40258,-1.14176,367.0,0.39,0.36,2026-07-24,211,N,VIIRS,h,2.0NRT,328.76,26.13,N,2026-07-24 18:07:13,2026-07-24 04:11:00,,
44.40303,-1.12134,339.6,0.39,0.36,2026-07-24,211,N,VIIRS,n,2.0NRT,308.75,7.36,N,2026-07-24 18:07:13,2026-07-24 04:11:00,,
44.40329,-1.14663,353.65,0.39,0.36,2026-07-24,211,N,VIIRS,n,2.0NRT,336.3,26.13,N,2026-07-24 18:07:13,2026-07-24 04:11:00,,
44.40374,-1.1262,353.35,0.39,0.36,2026-07-24,211,N,VIIRS,n,2.0NRT,315.28,7.36,N,2026-07-24 18:07:13,2026-07-24 04:11:00,,
44.40401,-1.1515,327.4,0.39,0.36,2026-07-24,211,N,VIIRS,n,2.0NRT,297.88,4.89,N,2026-07-24 18:07:13,2026-07-24 04:11:00,,
44.40418,-1.1058,336.59,0.39,0.36,2026-07-24,211,N,VIIRS,n,2.0NRT,300.32,12.72,N,2026-07-24 18:07:13,2026-07-24 04:11:00,,
44.40446,-1.13107,367.0,0.39,0.36,2026-07-24,211,N,VIIRS,h,2.0NRT,322.08,17.47,N,2026-07-24 18:07:13,2026-07-24 04:11:00,,
44.4049,-1.11066,367.0,0.39,0.36,2026-07-24,211,N,VIIRS,h,2.0NRT,318.86,15.4,N,2026-07-24 18:07:13,2026-07-24 04:11:00,,
44.40517,-1.13594,356.47,0.39,0.36,2026-07-24,211,N,VIIRS,n,2.0NRT,328.72,17.47,N,2026-07-24 18:07:13,2026-07-24 04:11:00,,
44.40562,-1.11552,340.47,0.39,0.36,2026-07-24,211,N,VIIRS,n,2.0NRT,305.62,15.4,N,2026-07-24 18:07:13,2026-07-24 04:11:00,,
44.40589,-1.14081,355.82,0.39,0.36,2026-07-24,211,N,VIIRS,n,2.0NRT,339.45,26.13,N,2026-07-24 18:07:13,2026-07-24 04:11:00,,
44.40633,-1.12039,348.27,0.39,0.36,2026-07-24,211,N,VIIRS,n,2.0NRT,309.98,7.81,N,2026-07-24 18:07:13,2026-07-24 04:11:00,,
44.40661,-1.14568,355.69,0.39,0.36,2026-07-24,211,N,VIIRS,n,2.0NRT,319.9,26.13,N,2026-07-24 18:07:13,2026-07-24 04:11:00,,
44.40705,-1.12525,356.01,0.39,0.36,2026-07-24,211,N,VIIRS,n,2.0NRT,314.36,7.81,N,2026-07-24 18:07:13,2026-07-24 04:11:00,,
44.40733,-1.15055,317.98,0.39,0.36,2026-07-24,211,N,VIIRS,n,2.0NRT,295.1,4.89,N,2026-07-24 18:07:13,2026-07-24 04:11:00,,
44.40749,-1.10485,346.1,0.39,0.36,2026-07-24,211,N,VIIRS,n,2.0NRT,311.77,12.72,N,2026-07-24 18:07:13,2026-07-24 04:11:00,,
44.40777,-1.13012,367.0,0.39,0.36,2026-07-24,211,N,VIIRS,h,2.0NRT,313.95,18.22,N,2026-07-24 18:07:13,2026-07-24 04:11:00,,
44.40821,-1.10971,367.0,0.39,0.36,2026-07-24,211,N,VIIRS,h,2.0NRT,322.31,15.4,N,2026-07-24 18:07:13,2026-07-24 04:11:00,,
44.40849,-1.13499,367.0,0.39,0.36,2026-07-24,211,N,VIIRS,h,2.0NRT,325.31,18.22,N,2026-07-24 18:07:13,2026-07-24 04:11:00,,
44.40893,-1.11457,353.69,0.39,0.36,2026-07-24,211,N,VIIRS,n,2.0NRT,319.54,15.4,N,2026-07-24 18:07:13,2026-07-24 04:11:00,,
44.4092,-1.13986,367.0,0.39,0.36,2026-07-24,211,N,VIIRS,h,2.0NRT,321.84,17.23,N,2026-07-24 18:07:13,2026-07-24 04:11:00,,
44.40965,-1.11944,347.22,0.39,0.36,2026-07-24,211,N,VIIRS,n,2.0NRT,306.87,7.81,N,2026-07-24 18:07:13,2026-07-24 04:11:00,,
44.40992,-1.14473,353.06,0.39,0.36,2026-07-24,211,N,VIIRS,n,2.0NRT,303.55,17.23,N,2026-07-24 18:07:13,2026-07-24 04:11:00,,
44.41037,-1.12431,351.65,0.39,0.36,2026-07-24,211,N,VIIRS,n,2.0NRT,312.96,7.81,N,2026-07-24 18:07:13,2026-07-24 04:11:00,,
44.4108,-1.1039,338.76,0.39,0.36,2026-07-24,211,N,VIIRS,n,2.0NRT,315.75,44.68,N,2026-07-24 18:07:13,2026-07-24 04:11:00,,
44.41108,-1.12917,367.0,0.39,0.36,2026-07-24,211,N,VIIRS,h,2.0NRT,325.39,18.22,N,2026-07-24 18:07:13,2026-07-24 04:11:00,,
44.41152,-1.10876,351.03,0.39,0.36,2026-07-24,211,N,VIIRS,n,2.0NRT,328.81,54.97,N,2026-07-24 18:07:13,2026-07-24 04:11:00,,
44.4118,-1.13404,367.0,0.39,0.36,2026-07-24,211,N,VIIRS,h,2.0NRT,324.42,18.22,N,2026-07-24 18:07:13,2026-07-24 04:11:00,,
44.41224,-1.11362,367.0,0.39,0.36,2026-07-24,211,N,VIIRS,h,2.0NRT,344.43,54.97,N,2026-07-24 18:07:13,2026-07-24 04:11:00,,
44.41252,-1.13891,367.0,0.39,0.36,2026-07-24,211,N,VIIRS,h,2.0NRT,323.71,17.23,N,2026-07-24 18:07:13,2026-07-24 04:11:00,,
44.41296,-1.11849,367.0,0.39,0.36,2026-07-24,211,N,VIIRS,h,2.0NRT,315.52,9.8,N,2026-07-24 18:07:13,2026-07-24 04:11:00,,
44.41323,-1.14378,367.0,0.39,0.36,2026-07-24,211,N,VIIRS,h,2.0NRT,309.09,17.23,N,2026-07-24 18:07:13,2026-07-24 04:11:00,,
44.41367,-1.12336,356.12,0.39,0.36,2026-07-24,211,N,VIIRS,n,2.0NRT,313.73,9.8,N,2026-07-24 18:07:13,2026-07-24 04:11:00,,
44.41395,-1.14865,340.22,0.39,0.36,2026-07-24,211,N,VIIRS,n,2.0NRT,302.74,37.56,N,2026-07-24 18:07:13,2026-07-24 04:11:00,,
44.41411,-1.10295,367.0,0.39,0.36,2026-07-24,211,N,VIIRS,h,2.0NRT,331.78,44.68,N,2026-07-24 18:07:13,2026-07-24 04:11:00,,
44.41439,-1.12822,367.0,0.39,0.36,2026-07-24,211,N,VIIRS,h,2.0NRT,315.69,13.72,N,2026-07-24 18:07:13,2026-07-24 04:11:00,,
44.41483,-1.10781,367.0,0.39,0.36,2026-07-24,211,N,VIIRS,h,2.0NRT,343.07,54.97,N,2026-07-24 18:07:13,2026-07-24 04:11:00,,
44.41511,-1.13309,367.0,0.39,0.36,2026-07-24,211,N,VIIRS,h,2.0NRT,327.26,13.72,N,2026-07-24 18:07:13,2026-07-24 04:11:00,,
44.41555,-1.11267,367.0,0.39,0.36,2026-07-24,211,N,VIIRS,h,2.0NRT,320.35,54.97,N,2026-07-24 18:07:13,2026-07-24 04:11:00,,
44.41583,-1.13796,367.0,0.39,0.36,2026-07-24,211,N,VIIRS,h,2.0NRT,316.15,17.02,N,2026-07-24 18:07:13,2026-07-24 04:11:00,,
44.41626,-1.11754,351.45,0.39,0.36,2026-07-24,211,N,VIIRS,n,2.0NRT,309.89,9.8,N,2026-07-24 18:07:13,2026-07-24 04:11:00,,
44.41655,-1.14284,354.53,0.39,0.36,2026-07-24,211,N,VIIRS,n,2.0NRT,323.92,17.02,N,2026-07-24 18:07:13,2026-07-24 04:11:00,,
44.41699,-1.12241,349.21,0.39,0.36,2026-07-24,211,N,VIIRS,n,2.0NRT,309.31,9.8,N,2026-07-24 18:07:13,2026-07-24 04:11:00,,
44.41726,-1.14771,345.14,0.39,0.36,2026-07-24,211,N,VIIRS,n,2.0NRT,301.58,19.39,N,2026-07-24 18:07:13,2026-07-24 04:11:00,,
44.41742,-1.10199,299.87,0.39,0.36,2026-07-24,211,N,VIIRS,n,2.0NRT,287.03,0.98,N,2026-07-24 18:07:13,2026-07-24 04:11:00,,
44.41771,-1.12728,337.79,0.39,0.36,2026-07-24,211,N,VIIRS,n,2.0NRT,304.88,13.72,N,2026-07-24 18:07:13,2026-07-24 04:11:00,,
44.41814,-1.10686,302.39,0.39,0.36,2026-07-24,211,N,VIIRS,n,2.0NRT,288.87,11.9,N,2026-07-24 18:07:13,2026-07-24 04:11:00,,
44.41842,-1.13215,367.0,0.39,0.36,2026-07-24,211,N,VIIRS,h,2.0NRT,319.01,13.72,N,2026-07-24 18:07:13,2026-07-24 04:11:00,,
44.41885,-1.11172,350.78,0.39,0.36,2026-07-24,211,N,VIIRS,n,2.0NRT,317.01,11.9,N,2026-07-24 18:07:13,2026-07-24 04:11:00,,
44.41914,-1.13702,354.76,0.39,0.36,2026-07-24,211,N,VIIRS,n,2.0NRT,308.41,17.02,N,2026-07-24 18:07:13,2026-07-24 04:11:00,,
44.41957,-1.11659,354.7,0.39,0.36,2026-07-24,211,N,VIIRS,n,2.0NRT,311.14,7.82,N,2026-07-24 18:07:13,2026-07-24 04:11:00,,
44.41986,-1.14189,330.04,0.39,0.36,2026-07-24,211,N,VIIRS,n,2.0NRT,295.82,17.02,N,2026-07-24 18:07:13,2026-07-24 04:11:00,,
44.4203,-1.12146,325.24,0.39,0.36,2026-07-24,211,N,VIIRS,n,2.0NRT,299.02,7.82,N,2026-07-24 18:07:13,2026-07-24 04:11:00,,
44.42101,-1.12633,334.7,0.39,0.36,2026-07-24,211,N,VIIRS,n,2.0NRT,301.19,16.19,N,2026-07-24 18:07:13,2026-07-24 04:11:00,,
44.42173,-1.1312,367.0,0.39,0.36,2026-07-24,211,N,VIIRS,h,2.0NRT,321.35,16.19,N,2026-07-24 18:07:13,2026-07-24 04:11:00,,
44.42217,-1.11077,356.59,0.39,0.36,2026-07-24,211,N,VIIRS,n,2.0NRT,314.46,11.9,N,2026-07-24 18:07:13,2026-07-24 04:11:00,,
44.42245,-1.13607,344.07,0.39,0.36,2026-07-24,211,N,VIIRS,n,2.0NRT,306.94,26.77,N,2026-07-24 18:07:13,2026-07-24 04:11:00,,
44.42289,-1.11564,351.63,0.39,0.36,2026-07-24,211,N,VIIRS,n,2.0NRT,309.19,7.82,N,2026-07-24 18:07:13,2026-07-24 04:11:00,,
44.42361,-1.12051,325.63,0.39,0.36,2026-07-24,211,N,VIIRS,n,2.0NRT,299.4,7.82,N,2026-07-24 18:07:13,2026-07-24 04:11:00,,
44.42432,-1.12538,367.0,0.39,0.36,2026-07-24,211,N,VIIRS,h,2.0NRT,324.6,16.19,N,2026-07-24 18:07:13,2026-07-24 04:11:00,,
44.42504,-1.13025,356.81,0.39,0.36,2026-07-24,211,N,VIIRS,n,2.0NRT,320.54,16.19,N,2026-07-24 18:07:13,2026-07-24 04:11:00,,
44.42548,-1.10982,329.78,0.39,0.36,2026-07-24,211,N,VIIRS,n,2.0NRT,301.91,9.1,N,2026-07-24 18:07:13,2026-07-24 04:11:00,,
44.42576,-1.13512,331.39,0.39,0.36,2026-07-24,211,N,VIIRS,n,2.0NRT,296.01,26.77,N,2026-07-24 18:07:13,2026-07-24 04:11:00,,
44.4262,-1.11469,357.41,0.39,0.36,2026-07-24,211,N,VIIRS,n,2.0NRT,329.98,17.48,N,2026-07-24 18:07:13,2026-07-24 04:11:00,,
44.42692,-1.11956,351.1,0.39,0.36,2026-07-24,211,N,VIIRS,n,2.0NRT,310.87,17.48,N,2026-07-24 18:07:13,2026-07-24 04:11:00,,
44.4272,-1.14486,339.8,0.39,0.36,2026-07-24,211,N,VIIRS,n,2.0NRT,309.19,55.56,N,2026-07-24 18:07:13,2026-07-24 04:11:00,,
44.42764,-1.12443,356.2,0.39,0.36,2026-07-24,211,N,VIIRS,n,2.0NRT,323.01,25.7,N,2026-07-24 18:07:13,2026-07-24 04:11:00,,
44.42836,-1.1293,357.59,0.39,0.36,2026-07-24,211,N,VIIRS,n,2.0NRT,325.89,25.7,N,2026-07-24 18:07:13,2026-07-24 04:11:00,,
44.42907,-1.13417,353.12,0.39,0.36,2026-07-24,211,N,VIIRS,n,2.0NRT,320.71,29.33,N,2026-07-24 18:07:13,2026-07-24 04:11:00,,
44.4295,-1.11374,351.29,0.39,0.36,2026-07-24,211,N,VIIRS,n,2.0NRT,321.99,17.48,N,2026-07-24 18:07:13,2026-07-24 04:11:00,,
44.42979,-1.13904,347.13,0.39,0.36,2026-07-24,211,N,VIIRS,n,2.0NRT,309.32,29.33,N,2026-07-24 18:07:13,2026-07-24 04:11:00,,
44.43022,-1.11861,348.56,0.39,0.36,2026-07-24,211,N,VIIRS,n,2.0NRT,313.33,17.48,N,2026-07-24 18:07:13,2026-07-24 04:11:00,,
44.43051,-1.14391,319.26,0.39,0.36,2026-07-24,211,N,VIIRS,n,2.0NRT,292.84,12.24,N,2026-07-24 18:07:13,2026-07-24 04:11:00,,
44.43095,-1.12348,353.95,0.39,0.36,2026-07-24,211,N,VIIRS,n,2.0NRT,318.21,25.7,N,2026-07-24 18:07:13,2026-07-24 04:11:00,,
44.43167,-1.12835,352.66,0.39,0.36,2026-07-24,211,N,VIIRS,n,2.0NRT,339.44,25.7,N,2026-07-24 18:07:13,2026-07-24 04:11:00,,
44.43238,-1.13322,345.67,0.39,0.36,2026-07-24,211,N,VIIRS,n,2.0NRT,314.1,29.33,N,2026-07-24 18:07:13,2026-07-24 04:11:00,,
44.43282,-1.11279,330.28,0.39,0.36,2026-07-24,211,N,VIIRS,n,2.0NRT,296.47,8.63,N,2026-07-24 18:07:13,2026-07-24 04:11:00,,
44.4331,-1.13809,336.31,0.39,0.36,2026-07-24,211,N,VIIRS,n,2.0NRT,294.13,29.33,N,2026-07-24 18:07:13,2026-07-24 04:11:00,,
44.43354,-1.11766,351.78,0.39,0.36,2026-07-24,211,N,VIIRS,n,2.0NRT,309.88,8.63,N,2026-07-24 18:07:13,2026-07-24 04:11:00,,
44.43426,-1.12253,352.13,0.39,0.36,2026-07-24,211,N,VIIRS,n,2.0NRT,316.12,16.58,N,2026-07-24 18:07:13,2026-07-24 04:11:00,,
44.43498,-1.1274,353.76,0.39,0.36,2026-07-24,211,N,VIIRS,n,2.0NRT,322.4,16.58,N,2026-07-24 18:07:13,2026-07-24 04:11:00,,
44.4357,-1.13227,331.29,0.39,0.36,2026-07-24,211,N,VIIRS,n,2.0NRT,298.93,13.0,N,2026-07-24 18:07:13,2026-07-24 04:11:00,,
44.43684,-1.11671,347.71,0.39,0.36,2026-07-24,211,N,VIIRS,n,2.0NRT,309.89,8.63,N,2026-07-24 18:07:13,2026-07-24 04:11:00,,
44.43756,-1.12158,350.76,0.39,0.36,2026-07-24,211,N,VIIRS,n,2.0NRT,310.54,16.58,N,2026-07-24 18:07:13,2026-07-24 04:11:00,,
44.43829,-1.12645,352.85,0.39,0.36,2026-07-24,211,N,VIIRS,n,2.0NRT,308.86,16.58,N,2026-07-24 18:07:13,2026-07-24 04:11:00,,
44.44088,-1.12063,354.82,0.39,0.36,2026-07-24,211,N,VIIRS,n,2.0NRT,312.27,7.66,N,2026-07-24 18:07:13,2026-07-24 04:11:00,,
44.4416,-1.1255,332.2,0.39,0.36,2026-07-24,211,N,VIIRS,n,2.0NRT,298.24,7.66,N,2026-07-24 18:07:13,2026-07-24 04:11:00,,
44.44419,-1.11968,345.52,0.39,0.36,2026-07-24,211,N,VIIRS,n,2.0NRT,299.6,7.66,N,2026-07-24 18:07:13,2026-07-24 04:11:00,,
44.78143,-1.22154,307.04,0.39,0.36,2026-07-24,211,N,VIIRS,n,2.0NRT,294.77,1.41,N,2026-07-24 18:07:13,2026-07-24 04:11:00,,
44.78214,-1.22647,308.65,0.39,0.36,2026-07-24,211,N,VIIRS,n,2.0NRT,294.69,8.78,N,2026-07-24 18:07:13,2026-07-24 04:11:00,,
44.78287,-1.23141,309.51,0.39,0.36,2026-07-24,211,N,VIIRS,n,2.0NRT,294.97,8.78,N,2026-07-24 18:07:13,2026-07-24 04:11:00,,
44.78358,-1.23635,306.17,0.39,0.36,2026-07-24,211,N,VIIRS,n,2.0NRT,293.42,3.94,N,2026-07-24 18:07:13,2026-07-24 04:11:00,,
44.78403,-1.21565,310.49,0.39,0.36,2026-07-24,211,N,VIIRS,n,2.0NRT,295.12,1.41,N,2026-07-24 18:07:13,2026-07-24 04:11:00,,
44.7846,-1.13686,343.97,0.39,0.36,2026-07-24,211,N,VIIRS,n,2.0NRT,293.77,15.27,N,2026-07-24 18:07:13,2026-07-24 04:11:00,,
44.78474,-1.22058,319.67,0.39,0.36,2026-07-24,211,N,VIIRS,n,2.0NRT,295.55,1.41,N,2026-07-24 18:07:13,2026-07-24 04:11:00,,
44.78531,-1.14178,348.39,0.39,0.36,2026-07-24,211,N,VIIRS,n,2.0NRT,296.1,15.27,N,2026-07-24 18:07:13,2026-07-24 04:11:00,,
44.78547,-1.22552,343.7,0.39,0.36,2026-07-24,211,N,VIIRS,n,2.0NRT,296.59,8.78,N,2026-07-24 18:07:13,2026-07-24 04:11:00,,
44.7859,-1.20484,306.82,0.39,0.36,2026-07-24,211,N,VIIRS,n,2.0NRT,294.97,12.53,N,2026-07-24 18:07:13,2026-07-24 04:11:00,,
44.78619,-1.23046,355.79,0.39,0.36,2026-07-24,211,N,VIIRS,n,2.0NRT,298.37,8.78,N,2026-07-24 18:07:13,2026-07-24 04:11:00,,
44.78648,-1.12606,306.82,0.39,0.36,2026-07-24,211,N,VIIRS,n,2.0NRT,291.93,48.37,N,2026-07-24 18:07:13,2026-07-24 04:11:00,,
44.78662,-1.20976,347.79,0.39,0.36,2026-07-24,211,N,VIIRS,n,2.0NRT,302.09,12.53,N,2026-07-24 18:07:13,2026-07-24 04:11:00,,
44.78674,-1.15163,340.64,0.39,0.36,2026-07-24,211,N,VIIRS,n,2.0NRT,296.15,6.25,N,2026-07-24 18:07:13,2026-07-24 04:11:00,,
44.78691,-1.23539,341.34,0.39,0.36,2026-07-24,211,N,VIIRS,n,2.0NRT,296.17,3.94,N,2026-07-24 18:07:13,2026-07-24 04:11:00,,
44.7872,-1.13098,337.95,0.39,0.36,2026-07-24,211,N,VIIRS,n,2.0NRT,301.19,48.37,N,2026-07-24 18:07:13,2026-07-24 04:11:00,,
44.78734,-1.2147,353.73,0.39,0.36,2026-07-24,211,N,VIIRS,n,2.0NRT,314.73,69.13,N,2026-07-24 18:07:13,2026-07-24 04:11:00,,
44.78763,-1.24033,309.24,0.39,0.36,2026-07-24,211,N,VIIRS,n,2.0NRT,291.62,3.94,N,2026-07-24 18:07:13,2026-07-24 04:11:00,,
44.78791,-1.1359,367.0,0.39,0.36,2026-07-24,211,N,VIIRS,h,2.0NRT,356.39,54.26,N,2026-07-24 18:07:13,2026-07-24 04:11:00,,
44.78807,-1.21963,335.03,0.39,0.36,2026-07-24,211,N,VIIRS,n,2.0NRT,330.75,69.13,N,2026-07-24 18:07:13,2026-07-24 04:11:00,,
44.78841,-1.18702,307.37,0.39,0.36,2026-07-24,211,N,VIIRS,n,2.0NRT,295.17,13.53,N,2026-07-24 18:07:13,2026-07-24 04:11:00,,
44.78851,-1.19897,333.32,0.39,0.36,2026-07-24,211,N,VIIRS,n,2.0NRT,296.28,4.63,N,2026-07-24 18:07:13,2026-07-24 04:11:00,,
44.78863,-1.14082,353.66,0.39,0.36,2026-07-24,211,N,VIIRS,n,2.0NRT,317.09,54.26,N,2026-07-24 18:07:13,2026-07-24 04:11:00,,
44.78879,-1.22457,367.0,0.39,0.36,2026-07-24,211,N,VIIRS,h,2.0NRT,359.19,572.07,N,2026-07-24 18:07:13,2026-07-24 04:11:00,,
44.78908,-1.12018,304.08,0.39,0.36,2026-07-24,211,N,VIIRS,n,2.0NRT,291.51,2.29,N,2026-07-24 18:07:13,2026-07-24 04:11:00,,
44.78912,-1.19195,330.05,0.39,0.36,2026-07-24,211,N,VIIRS,n,2.0NRT,295.74,13.53,N,2026-07-24 18:07:13,2026-07-24 04:11:00,,
44.78923,-1.20389,353.94,0.39,0.36,2026-07-24,211,N,VIIRS,n,2.0NRT,303.42,12.53,N,2026-07-24 18:07:13,2026-07-24 04:11:00,,
44.78979,-1.1251,367.0,0.39,0.36,2026-07-24,211,N,VIIRS,h,2.0NRT,328.05,48.37,N,2026-07-24 18:07:13,2026-07-24 04:11:00,,
44.78983,-1.19688,342.26,0.39,0.36,2026-07-24,211,N,VIIRS,n,2.0NRT,298.7,14.44,N,2026-07-24 18:07:13,2026-07-24 04:11:00,,
44.78995,-1.20881,355.32,0.39,0.36,2026-07-24,211,N,VIIRS,n,2.0NRT,322.93,12.53,N,2026-07-24 18:07:13,2026-07-24 04:11:00,,
44.79005,-1.15067,309.23,0.39,0.36,2026-07-24,211,N,VIIRS,n,2.0NRT,294.16,2.6,N,2026-07-24 18:07:13,2026-07-24 04:11:00,,
44.79051,-1.13002,367.0,0.39,0.36,2026-07-24,211,N,VIIRS,h,2.0NRT,344.69,48.37,N,2026-07-24 18:07:13,2026-07-24 04:11:00,,
44.79054,-1.2018,367.0,0.39,0.36,2026-07-24,211,N,VIIRS,h,2.0NRT,308.46,14.44,N,2026-07-24 18:07:13,2026-07-24 04:11:00,,
44.79066,-1.21374,350.39,0.39,0.36,2026-07-24,211,N,VIIRS,n,2.0NRT,334.63,69.13,N,2026-07-24 18:07:13,2026-07-24 04:11:00,,
44.79102,-1.18115,314.99,0.39,0.36,2026-07-24,211,N,VIIRS,n,2.0NRT,295.03,7.02,N,2026-07-24 18:07:13,2026-07-24 04:11:00,,
44.79123,-1.13494,367.0,0.39,0.36,2026-07-24,211,N,VIIRS,h,2.0NRT,320.47,54.26,N,2026-07-24 18:07:13,2026-07-24 04:11:00,,
44.79126,-1.20673,357.0,0.39,0.36,2026-07-24,211,N,VIIRS,n,2.0NRT,318.88,114.15,N,2026-07-24 18:07:13,2026-07-24 04:11:00,,
44.79139,-1.21868,367.0,0.39,0.36,2026-07-24,211,N,VIIRS,h,2.0NRT,364.23,69.13,N,2026-07-24 18:07:13,2026-07-24 04:11:00,,
44.79173,-1.18607,355.95,0.39,0.36,2026-07-24,211,N,VIIRS,n,2.0NRT,304.48,13.53,N,2026-07-24 18:07:13,2026-07-24 04:11:00,,
44.79195,-1.13987,338.37,0.39,0.36,2026-07-24,211,N,VIIRS,n,2.0NRT,302.04,54.26,N,2026-07-24 18:07:13,2026-07-24 04:11:00,,
44.79197,-1.21165,352.58,0.39,0.36,2026-07-24,211,N,VIIRS,n,2.0NRT,333.29,114.15,N,2026-07-24 18:07:13,2026-07-24 04:11:00,,
44.7924,-1.11922,327.0,0.39,0.36,2026-07-24,211,N,VIIRS,n,2.0NRT,294.42,22.34,N,2026-07-24 18:07:13,2026-07-24 04:11:00,,
44.79244,-1.191,356.53,0.39,0.36,2026-07-24,211,N,VIIRS,n,2.0NRT,316.68,13.53,N,2026-07-24 18:07:13,2026-07-24 04:11:00,,
44.79268,-1.21659,367.0,0.39,0.36,2026-07-24,211,N,VIIRS,h,2.0NRT,362.4,0.0,N,2026-07-24 18:07:13,2026-07-24 04:11:00,,
44.79283,-1.22856,367.0,0.39,0.36,2026-07-24,211,N,VIIRS,h,2.0NRT,362.82,572.07,N,2026-07-24 18:07:13,2026-07-24 04:11:00,,
44.79311,-1.12414,354.36,0.39,0.36,2026-07-24,211,N,VIIRS,n,2.0NRT,331.89,23.31,N,2026-07-24 18:07:13,2026-07-24 04:11:00,,
44.79315,-1.19593,367.0,0.39,0.36,2026-07-24,211,N,VIIRS,h,2.0NRT,320.36,14.44,N,2026-07-24 18:07:13,2026-07-24 04:11:00,,
44.79362,-1.17527,312.8,0.39,0.36,2026-07-24,211,N,VIIRS,n,2.0NRT,295.29,8.73,N,2026-07-24 18:07:13,2026-07-24 04:11:00,,
44.79383,-1.12906,367.0,0.39,0.36,2026-07-24,211,N,VIIRS,h,2.0NRT,320.8,23.31,N,2026-07-24 18:07:13,2026-07-24 04:11:00,,
44.79387,-1.20085,367.0,0.39,0.36,2026-07-24,211,N,VIIRS,h,2.0NRT,313.36,14.44,N,2026-07-24 18:07:13,2026-07-24 04:11:00,,
44.79411,-1.22647,367.0,0.39,0.36,2026-07-24,211,N,VIIRS,h,2.0NRT,338.09,65.55,N,2026-07-24 18:07:13,2026-07-24 04:11:00,,
44.79433,-1.18019,367.0,0.39,0.36,2026-07-24,211,N,VIIRS,h,2.0NRT,305.79,8.73,N,2026-07-24 18:07:13,2026-07-24 04:11:00,,
44.79454,-1.13399,355.08,0.39,0.36,2026-07-24,211,N,VIIRS,n,2.0NRT,322.8,15.32,N,2026-07-24 18:07:13,2026-07-24 04:11:00,,
44.79457,-1.20577,344.12,0.39,0.36,2026-07-24,211,N,VIIRS,n,2.0NRT,333.58,114.15,N,2026-07-24 18:07:13,2026-07-24 04:11:00,,
44.79482,-1.23141,347.95,0.39,0.36,2026-07-24,211,N,VIIRS,n,2.0NRT,297.99,65.55,N,2026-07-24 18:07:13,2026-07-24 04:11:00,,
44.795,-1.11335,332.69,0.39,0.36,2026-07-24,211,N,VIIRS,n,2.0NRT,304.14,22.34,N,2026-07-24 18:07:13,2026-07-24 04:11:00,,
44.79505,-1.18512,367.0,0.39,0.36,2026-07-24,211,N,VIIRS,h,2.0NRT,320.95,20.92,N,2026-07-24 18:07:13,2026-07-24 04:11:00,,
44.79526,-1.13891,334.18,0.39,0.36,2026-07-24,211,N,VIIRS,n,2.0NRT,300.33,15.32,N,2026-07-24 18:07:13,2026-07-24 04:11:00,,
44.79553,-1.23635,319.14,0.39,0.36,2026-07-24,211,N,VIIRS,n,2.0NRT,293.77,0.97,N,2026-07-24 18:07:13,2026-07-24 04:11:00,,
44.79572,-1.11826,367.0,0.39,0.36,2026-07-24,211,N,VIIRS,h,2.0NRT,328.03,22.34,N,2026-07-24 18:07:13,2026-07-24 04:11:00,,
44.79576,-1.19005,353.16,0.39,0.36,2026-07-24,211,N,VIIRS,n,2.0NRT,312.05,20.92,N,2026-07-24 18:07:13,2026-07-24 04:11:00,,
44.79623,-1.16939,333.95,0.39,0.36,2026-07-24,211,N,VIIRS,n,2.0NRT,297.67,9.79,N,2026-07-24 18:07:13,2026-07-24 04:11:00,,
44.79624,-1.2413,303.17,0.39,0.36,2026-07-24,211,N,VIIRS,n,2.0NRT,291.48,0.97,N,2026-07-24 18:07:13,2026-07-24 04:11:00,,
44.79643,-1.12318,367.0,0.39,0.36,2026-07-24,211,N,VIIRS,h,2.0NRT,327.57,23.31,N,2026-07-24 18:07:13,2026-07-24 04:11:00,,
44.79647,-1.19498,356.8,0.39,0.36,2026-07-24,211,N,VIIRS,n,2.0NRT,319.35,318.7,N,2026-07-24 18:07:13,2026-07-24 04:11:00,,
44.79671,-1.22057,367.0,0.39,0.36,2026-07-24,211,N,VIIRS,h,2.0NRT,351.24,0.0,N,2026-07-24 18:07:13,2026-07-24 04:11:00,,
44.79694,-1.17431,344.29,0.39,0.36,2026-07-24,211,N,VIIRS,n,2.0NRT,303.91,8.73,N,2026-07-24 18:07:13,2026-07-24 04:11:00,,
44.79715,-1.12811,367.0,0.39,0.36,2026-07-24,211,N,VIIRS,h,2.0NRT,319.87,23.31,N,2026-07-24 18:07:13,2026-07-24 04:11:00,,
44.79718,-1.1999,343.24,0.39,0.36,2026-07-24,211,N,VIIRS,n,2.0NRT,335.47,318.7,N,2026-07-24 18:07:13,2026-07-24 04:11:00,,
44.79743,-1.22551,352.11,0.39,0.36,2026-07-24,211,N,VIIRS,n,2.0NRT,297.79,65.55,N,2026-07-24 18:07:13,2026-07-24 04:11:00,,
44.79766,-1.17924,350.3,0.39,0.36,2026-07-24,211,N,VIIRS,n,2.0NRT,307.07,8.73,N,2026-07-24 18:07:13,2026-07-24 04:11:00,,
44.79786,-1.13303,343.16,0.39,0.36,2026-07-24,211,N,VIIRS,n,2.0NRT,299.9,15.32,N,2026-07-24 18:07:13,2026-07-24 04:11:00,,
44.7979,-1.20482,367.0,0.39,0.36,2026-07-24,211,N,VIIRS,h,2.0NRT,363.11,188.95,N,2026-07-24 18:07:13,2026-07-24 04:11:00,,
44.79812,-1.1586,315.65,0.39,0.36,2026-07-24,211,N,VIIRS,n,2.0NRT,295.57,3.61,N,2026-07-24 18:07:13,2026-07-24 04:11:00,,
44.79814,-1.23046,325.75,0.39,0.36,2026-07-24,211,N,VIIRS,n,2.0NRT,295.47,65.55,N,2026-07-24 18:07:13,2026-07-24 04:11:00,,
44.79832,-1.11239,333.69,0.39,0.36,2026-07-24,211,N,VIIRS,n,2.0NRT,322.0,21.23,N,2026-07-24 18:07:13,2026-07-24 04:11:00,,
44.79837,-1.18416,367.0,0.39,0.36,2026-07-24,211,N,VIIRS,h,2.0NRT,315.87,20.92,N,2026-07-24 18:07:13,2026-07-24 04:11:00,,
44.79861,-1.20974,367.0,0.39,0.36,2026-07-24,211,N,VIIRS,h,2.0NRT,331.09,188.95,N,2026-07-24 18:07:13,2026-07-24 04:11:00,,
44.79885,-1.2354,307.82,0.39,0.36,2026-07-24,211,N,VIIRS,n,2.0NRT,293.23,0.97,N,2026-07-24 18:07:13,2026-07-24 04:11:00,,
44.79903,-1.1173,367.0,0.39,0.36,2026-07-24,211,N,VIIRS,h,2.0NRT,329.62,21.23,N,2026-07-24 18:07:13,2026-07-24 04:11:00,,
44.79908,-1.18909,343.97,0.39,0.36,2026-07-24,211,N,VIIRS,n,2.0NRT,316.87,20.92,N,2026-07-24 18:07:13,2026-07-24 04:11:00,,
44.79929,-1.14288,326.28,0.39,0.36,2026-07-24,211,N,VIIRS,n,2.0NRT,295.9,3.62,N,2026-07-24 18:07:13,2026-07-24 04:11:00,,
44.79932,-1.21468,356.03,0.39,0.36,2026-07-24,211,N,VIIRS,n,2.0NRT,299.62,7.21,N,2026-07-24 18:07:13,2026-07-24 04:11:00,,
44.79955,-1.16844,346.92,0.39,0.36,2026-07-24,211,N,VIIRS,n,2.0NRT,306.32,6.15,N,2026-07-24 18:07:13,2026-07-24 04:11:00,,
44.79975,-1.12223,367.0,0.39,0.36,2026-07-24,211,N,VIIRS,h,2.0NRT,322.12,15.52,N,2026-07-24 18:07:13,2026-07-24 04:11:00,,
44.80001,-1.1478,332.21,0.39,0.36,2026-07-24,211,N,VIIRS,n,2.0NRT,298.53,3.62,N,2026-07-24 18:07:13,2026-07-24 04:11:00,,
44.80004,-1.21962,347.33,0.39,0.36,2026-07-24,211,N,VIIRS,n,2.0NRT,296.7,7.21,N,2026-07-24 18:07:13,2026-07-24 04:11:00,,
44.80026,-1.17336,351.32,0.39,0.36,2026-07-24,211,N,VIIRS,n,2.0NRT,309.94,12.27,N,2026-07-24 18:07:13,2026-07-24 04:11:00,,
44.80046,-1.12715,367.0,0.39,0.36,2026-07-24,211,N,VIIRS,h,2.0NRT,317.03,15.52,N,2026-07-24 18:07:13,2026-07-24 04:11:00,,
44.80072,-1.15272,339.49,0.39,0.36,2026-07-24,211,N,VIIRS,n,2.0NRT,308.16,3.61,N,2026-07-24 18:07:13,2026-07-24 04:11:00,,
44.80075,-1.22456,327.09,0.39,0.36,2026-07-24,211,N,VIIRS,n,2.0NRT,294.66,1.47,N,2026-07-24 18:07:13,2026-07-24 04:11:00,,
44.80092,-1.10651,303.55,0.39,0.36,2026-07-24,211,N,VIIRS,n,2.0NRT,291.35,0.91,N,2026-07-24 18:07:13,2026-07-24 04:11:00,,
44.80098,-1.17828,345.04,0.39,0.36,2026-07-24,211,N,VIIRS,n,2.0NRT,306.62,12.27,N,2026-07-24 18:07:13,2026-07-24 04:11:00,,
44.80118,-1.13207,346.65,0.39,0.36,2026-07-24,211,N,VIIRS,n,2.0NRT,304.21,13.02,N,2026-07-24 18:07:13,2026-07-24 04:11:00,,
44.80122,-1.20386,367.0,0.39,0.36,2026-07-24,211,N,VIIRS,h,2.0NRT,362.56,188.95,N,2026-07-24 18:07:13,2026-07-24 04:11:00,,
44.80144,-1.15764,330.53,0.39,0.36,2026-07-24,211,N,VIIRS,n,2.0NRT,302.82,3.61,N,2026-07-24 18:07:13,2026-07-24 04:11:00,,
44.80146,-1.2295,312.63,0.39,0.36,2026-07-24,211,N,VIIRS,n,2.0NRT,294.26,1.47,N,2026-07-24 18:07:13,2026-07-24 04:11:00,,
44.80163,-1.11143,348.29,0.39,0.36,2026-07-24,211,N,VIIRS,n,2.0NRT,304.58,21.23,N,2026-07-24 18:07:13,2026-07-24 04:11:00,,
44.80169,-1.1832,354.53,0.39,0.36,2026-07-24,211,N,VIIRS,n,2.0NRT,319.05,191.4,N,2026-07-24 18:07:13,2026-07-24 04:11:00,,
44.80193,-1.20879,346.84,0.39,0.36,2026-07-24,211,N,VIIRS,n,2.0NRT,298.33,188.95,N,2026-07-24 18:07:13,2026-07-24 04:11:00,,
44.80235,-1.11635,352.8,0.39,0.36,2026-07-24,211,N,VIIRS,n,2.0NRT,317.91,21.23,N,2026-07-24 18:07:13,2026-07-24 04:11:00,,
44.80261,-1.14192,344.05,0.39,0.36,2026-07-24,211,N,VIIRS,n,2.0NRT,302.54,7.87,N,2026-07-24 18:07:13,2026-07-24 04:11:00,,
44.80265,-1.21372,325.16,0.39,0.36,2026-07-24,211,N,VIIRS,n,2.0NRT,295.78,7.21,N,2026-07-24 18:07:13,2026-07-24 04:11:00,,
44.80287,-1.16748,324.28,0.39,0.36,2026-07-24,211,N,VIIRS,n,2.0NRT,299.45,6.15,N,2026-07-24 18:07:13,2026-07-24 04:11:00,,
44.80307,-1.12127,367.0,0.39,0.36,2026-07-24,211,N,VIIRS,h,2.0NRT,325.08,15.52,N,2026-07-24 18:07:13,2026-07-24 04:11:00,,
44.80333,-1.14684,351.92,0.39,0.36,2026-07-24,211,N,VIIRS,n,2.0NRT,308.76,7.87,N,2026-07-24 18:07:13,2026-07-24 04:11:00,,
44.80336,-1.21866,316.31,0.39,0.36,2026-07-24,211,N,VIIRS,n,2.0NRT,295.05,7.21,N,2026-07-24 18:07:13,2026-07-24 04:11:00,,
44.80352,-1.10064,328.48,0.39,0.36,2026-07-24,211,N,VIIRS,n,2.0NRT,293.1,45.24,N,2026-07-24 18:07:13,2026-07-24 04:11:00,,
44.80358,-1.1724,347.2,0.39,0.36,2026-07-24,211,N,VIIRS,n,2.0NRT,309.36,12.27,N,2026-07-24 18:07:13,2026-07-24 04:11:00,,
44.80378,-1.12619,354.16,0.39,0.36,2026-07-24,211,N,VIIRS,n,2.0NRT,310.99,15.52,N,2026-07-24 18:07:13,2026-07-24 04:11:00,,
44.80383,-1.19798,342.81,0.39,0.36,2026-07-24,211,N,VIIRS,n,2.0NRT,334.23,161.06,N,2026-07-24 18:07:13,2026-07-24 04:11:00,,
44.80404,-1.15177,333.66,0.39,0.36,2026-07-24,211,N,VIIRS,n,2.0NRT,307.37,2.62,N,2026-07-24 18:07:13,2026-07-24 04:11:00,,
44.80407,-1.2236,310.75,0.39,0.36,2026-07-24,211,N,VIIRS,n,2.0NRT,293.56,1.47,N,2026-07-24 18:07:13,2026-07-24 04:11:00,,
44.80423,-1.10556,340.8,0.39,0.36,2026-07-24,211,N,VIIRS,n,2.0NRT,320.78,45.24,N,2026-07-24 18:07:13,2026-07-24 04:11:00,,
44.80429,-1.17732,344.27,0.39,0.36,2026-07-24,211,N,VIIRS,n,2.0NRT,322.36,12.27,N,2026-07-24 18:07:13,2026-07-24 04:11:00,,
44.8045,-1.13111,351.17,0.39,0.36,2026-07-24,211,N,VIIRS,n,2.0NRT,309.55,13.02,N,2026-07-24 18:07:13,2026-07-24 04:11:00,,
44.80454,-1.20291,341.95,0.39,0.36,2026-07-24,211,N,VIIRS,n,2.0NRT,296.93,2.46,N,2026-07-24 18:07:13,2026-07-24 04:11:00,,
44.80476,-1.15669,319.03,0.39,0.36,2026-07-24,211,N,VIIRS,n,2.0NRT,301.8,2.62,N,2026-07-24 18:07:13,2026-07-24 04:11:00,,
44.80478,-1.22855,305.0,0.39,0.36,2026-07-24,211,N,VIIRS,n,2.0NRT,293.49,1.47,N,2026-07-24 18:07:13,2026-07-24 04:11:00,,
44.80495,-1.11047,319.88,0.39,0.36,2026-07-24,211,N,VIIRS,n,2.0NRT,298.77,3.47,N,2026-07-24 18:07:13,2026-07-24 04:11:00,,
44.80501,-1.18225,367.0,0.39,0.36,2026-07-24,211,N,VIIRS,h,2.0NRT,356.98,191.4,N,2026-07-24 18:07:13,2026-07-24 04:11:00,,
44.80521,-1.13604,346.46,0.39,0.36,2026-07-24,211,N,VIIRS,n,2.0NRT,303.46,13.02,N,2026-07-24 18:07:13,2026-07-24 04:11:00,,
44.80525,-1.20784,313.14,0.39,0.36,2026-07-24,211,N,VIIRS,n,2.0NRT,294.75,2.46,N,2026-07-24 18:07:13,2026-07-24 04:11:00,,
44.80566,-1.11539,343.83,0.39,0.36,2026-07-24,211,N,VIIRS,n,2.0NRT,310.52,3.47,N,2026-07-24 18:07:13,2026-07-24 04:11:00,,
44.80572,-1.18717,367.0,0.39,0.36,2026-07-24,211,N,VIIRS,h,2.0NRT,360.15,191.4,N,2026-07-24 18:07:13,2026-07-24 04:11:00,,
44.80593,-1.14096,343.57,0.39,0.36,2026-07-24,211,N,VIIRS,n,2.0NRT,298.07,7.87,N,2026-07-24 18:07:13,2026-07-24 04:11:00,,
44.80597,-1.21277,306.0,0.39,0.36,2026-07-24,211,N,VIIRS,n,2.0NRT,294.61,1.82,N,2026-07-24 18:07:13,2026-07-24 04:11:00,,
44.80611,-1.09477,322.29,0.39,0.36,2026-07-24,211,N,VIIRS,n,2.0NRT,291.46,3.91,N,2026-07-24 18:07:13,2026-07-24 04:11:00,,
44.80619,-1.16652,338.41,0.39,0.36,2026-07-24,211,N,VIIRS,n,2.0NRT,302.28,4.26,N,2026-07-24 18:07:13,2026-07-24 04:11:00,,
44.80638,-1.12031,367.0,0.39,0.36,2026-07-24,211,N,VIIRS,h,2.0NRT,319.03,16.09,N,2026-07-24 18:07:13,2026-07-24 04:11:00,,
44.80643,-1.1921,344.25,0.39,0.36,2026-07-24,211,N,VIIRS,n,2.0NRT,297.78,161.06,N,2026-07-24 18:07:13,2026-07-24 04:11:00,,
44.80664,-1.14588,351.23,0.39,0.36,2026-07-24,211,N,VIIRS,n,2.0NRT,312.11,7.87,N,2026-07-24 18:07:13,2026-07-24 04:11:00,,
44.80683,-1.09968,336.04,0.39,0.36,2026-07-24,211,N,VIIRS,n,2.0NRT,325.7,45.24,N,2026-07-24 18:07:13,2026-07-24 04:11:00,,
44.8069,-1.17144,345.87,0.39,0.36,2026-07-24,211,N,VIIRS,n,2.0NRT,305.06,19.09,N,2026-07-24 18:07:13,2026-07-24 04:11:00,,
44.8071,-1.12523,367.0,0.39,0.36,2026-07-24,211,N,VIIRS,h,2.0NRT,322.64,16.09,N,2026-07-24 18:07:13,2026-07-24 04:11:00,,
44.80715,-1.19703,324.36,0.39,0.36,2026-07-24,211,N,VIIRS,n,2.0NRT,295.53,161.06,N,2026-07-24 18:07:13,2026-07-24 04:11:00,,
44.80736,-1.15081,323.92,0.39,0.36,2026-07-24,211,N,VIIRS,n,2.0NRT,302.4,2.62,N,2026-07-24 18:07:13,2026-07-24 04:11:00,,
44.80755,-1.1046,345.97,0.39,0.36,2026-07-24,211,N,VIIRS,n,2.0NRT,326.62,45.24,N,2026-07-24 18:07:13,2026-07-24 04:11:00,,
44.80761,-1.17637,348.41,0.39,0.36,2026-07-24,211,N,VIIRS,n,2.0NRT,318.81,19.09,N,2026-07-24 18:07:13,2026-07-24 04:11:00,,
44.80782,-1.13016,347.26,0.39,0.36,2026-07-24,211,N,VIIRS,n,2.0NRT,309.01,12.91,N,2026-07-24 18:07:13,2026-07-24 04:11:00,,
44.80786,-1.20196,308.93,0.39,0.36,2026-07-24,211,N,VIIRS,n,2.0NRT,294.72,2.46,N,2026-07-24 18:07:13,2026-07-24 04:11:00,,
44.80807,-1.15573,314.58,0.39,0.36,2026-07-24,211,N,VIIRS,n,2.0NRT,299.39,2.62,N,2026-07-24 18:07:13,2026-07-24 04:11:00,,
44.80827,-1.10951,320.12,0.39,0.36,2026-07-24,211,N,VIIRS,n,2.0NRT,299.41,3.47,N,2026-07-24 18:07:13,2026-07-24 04:11:00,,
44.80833,-1.18129,345.14,0.39,0.36,2026-07-24,211,N,VIIRS,n,2.0NRT,323.51,19.86,N,2026-07-24 18:07:13,2026-07-24 04:11:00,,
44.80853,-1.13508,356.56,0.39,0.36,2026-07-24,211,N,VIIRS,n,2.0NRT,322.52,12.91,N,2026-07-24 18:07:13,2026-07-24 04:11:00,,
44.80898,-1.11443,322.22,0.39,0.36,2026-07-24,211,N,VIIRS,n,2.0NRT,299.4,3.47,N,2026-07-24 18:07:13,2026-07-24 04:11:00,,
44.80904,-1.18622,332.05,0.39,0.36,2026-07-24,211,N,VIIRS,n,2.0NRT,295.87,19.86,N,2026-07-24 18:07:13,2026-07-24 04:11:00,,
44.80925,-1.14001,344.5,0.39,0.36,2026-07-24,211,N,VIIRS,n,2.0NRT,299.18,4.54,N,2026-07-24 18:07:13,2026-07-24 04:11:00,,
44.80943,-1.09381,344.66,0.39,0.36,2026-07-24,211,N,VIIRS,n,2.0NRT,304.4,24.23,N,2026-07-24 18:07:13,2026-07-24 04:11:00,,
44.80951,-1.16557,326.53,0.39,0.36,2026-07-24,211,N,VIIRS,n,2.0NRT,300.28,4.26,N,2026-07-24 18:07:13,2026-07-24 04:11:00,,
44.8097,-1.11935,367.0,0.39,0.36,2026-07-24,211,N,VIIRS,h,2.0NRT,327.39,16.09,N,2026-07-24 18:07:13,2026-07-24 04:11:00,,
44.80976,-1.19114,313.38,0.39,0.36,2026-07-24,211,N,VIIRS,n,2.0NRT,295.0,2.68,N,2026-07-24 18:07:13,2026-07-24 04:11:00,,
44.80996,-1.14493,317.71,0.39,0.36,2026-07-24,211,N,VIIRS,n,2.0NRT,296.0,4.54,N,2026-07-24 18:07:13,2026-07-24 04:11:00,,
44.81015,-1.09872,336.76,0.39,0.36,2026-07-24,211,N,VIIRS,n,2.0NRT,298.63,3.88,N,2026-07-24 18:07:13,2026-07-24 04:11:00,,
44.81022,-1.17049,355.9,0.39,0.36,2026-07-24,211,N,VIIRS,n,2.0NRT,309.94,19.09,N,2026-07-24 18:07:13,2026-07-24 04:11:00,,
44.81042,-1.12428,367.0,0.39,0.36,2026-07-24,211,N,VIIRS,h,2.0NRT,319.05,16.09,N,2026-07-24 18:07:13,2026-07-24 04:11:00,,
44.81068,-1.14985,319.95,0.39,0.36,2026-07-24,211,N,VIIRS,n,2.0NRT,299.0,1.27,N,2026-07-24 18:07:13,2026-07-24 04:11:00,,
44.81086,-1.10364,314.63,0.39,0.36,2026-07-24,211,N,VIIRS,n,2.0NRT,297.09,3.88,N,2026-07-24 18:07:13,2026-07-24 04:11:00,,
44.81093,-1.17541,352.16,0.39,0.36,2026-07-24,211,N,VIIRS,n,2.0NRT,311.34,19.09,N,2026-07-24 18:07:13,2026-07-24 04:11:00,,
44.81113,-1.1292,349.56,0.39,0.36,2026-07-24,211,N,VIIRS,n,2.0NRT,307.2,12.91,N,2026-07-24 18:07:13,2026-07-24 04:11:00,,
44.8114,-1.15478,310.27,0.39,0.36,2026-07-24,211,N,VIIRS,n,2.0NRT,296.69,1.27,N,2026-07-24 18:07:13,2026-07-24 04:11:00,,
44.81165,-1.18034,334.72,0.39,0.36,2026-07-24,211,N,VIIRS,n,2.0NRT,298.97,19.86,N,2026-07-24 18:07:13,2026-07-24 04:11:00,,
44.81185,-1.13412,367.0,0.39,0.36,2026-07-24,211,N,VIIRS,h,2.0NRT,322.3,12.91,N,2026-07-24 18:07:13,2026-07-24 04:11:00,,
44.81236,-1.18526,305.8,0.39,0.36,2026-07-24,211,N,VIIRS,n,2.0NRT,293.63,19.86,N,2026-07-24 18:07:13,2026-07-24 04:11:00,,
44.81257,-1.13905,347.87,0.39,0.36,2026-07-24,211,N,VIIRS,n,2.0NRT,308.61,4.54,N,2026-07-24 18:07:13,2026-07-24 04:11:00,,
44.81274,-1.09285,343.76,0.39,0.36,2026-07-24,211,N,VIIRS,n,2.0NRT,304.42,24.23,N,2026-07-24 18:07:13,2026-07-24 04:11:00,,
44.81283,-1.16462,319.2,0.39,0.36,2026-07-24,211,N,VIIRS,n,2.0NRT,298.79,1.9,N,2026-07-24 18:07:13,2026-07-24 04:11:00,,
44.81302,-1.1184,333.72,0.39,0.36,2026-07-24,211,N,VIIRS,n,2.0NRT,304.43,2.89,N,2026-07-24 18:07:13,2026-07-24 04:11:00,,
44.81328,-1.14397,319.36,0.39,0.36,2026-07-24,211,N,VIIRS,n,2.0NRT,299.4,4.54,N,2026-07-24 18:07:13,2026-07-24 04:11:00,,
44.81346,-1.09776,311.96,0.39,0.36,2026-07-24,211,N,VIIRS,n,2.0NRT,295.3,3.88,N,2026-07-24 18:07:13,2026-07-24 04:11:00,,
44.81354,-1.16954,351.28,0.39,0.36,2026-07-24,211,N,VIIRS,n,2.0NRT,301.34,6.27,N,2026-07-24 18:07:13,2026-07-24 04:11:00,,
44.81374,-1.12332,338.86,0.39,0.36,2026-07-24,211,N,VIIRS,n,2.0NRT,306.37,2.89,N,2026-07-24 18:07:13,2026-07-24 04:11:00,,
44.814,-1.1489,316.31,0.39,0.36,2026-07-24,211,N,VIIRS,n,2.0NRT,299.02,1.27,N,2026-07-24 18:07:13,2026-07-24 04:11:00,,
44.81425,-1.17446,332.56,0.39,0.36,2026-07-24,211,N,VIIRS,n,2.0NRT,296.46,6.27,N,2026-07-24 18:07:13,2026-07-24 04:11:00,,
44.81445,-1.12824,367.0,0.39,0.36,2026-07-24,211,N,VIIRS,h,2.0NRT,323.47,9.83,N,2026-07-24 18:07:13,2026-07-24 04:11:00,,
44.81472,-1.15382,310.79,0.39,0.36,2026-07-24,211,N,VIIRS,n,2.0NRT,296.86,1.27,N,2026-07-24 18:07:13,2026-07-24 04:11:00,,
44.81517,-1.13316,333.97,0.39,0.36,2026-07-24,211,N,VIIRS,n,2.0NRT,302.55,9.83,N,2026-07-24 18:07:13,2026-07-24 04:11:00,,
44.81534,-1.08698,321.36,0.39,0.36,2026-07-24,211,N,VIIRS,n,2.0NRT,292.27,12.89,N,2026-07-24 18:07:13,2026-07-24 04:11:00,,
44.81588,-1.13809,321.88,0.39,0.36,2026-07-24,211,N,VIIRS,n,2.0NRT,299.69,1.93,N,2026-07-24 18:07:13,2026-07-24 04:11:00,,
44.81606,-1.09189,356.74,0.39,0.36,2026-07-24,211,N,VIIRS,n,2.0NRT,313.49,12.89,N,2026-07-24 18:07:13,2026-07-24 04:11:00,,
44.81615,-1.16366,309.08,0.39,0.36,2026-07-24,211,N,VIIRS,n,2.0NRT,296.12,1.9,N,2026-07-24 18:07:13,2026-07-24 04:11:00,,
44.81633,-1.11744,314.72,0.39,0.36,2026-07-24,211,N,VIIRS,n,2.0NRT,298.3,2.89,N,2026-07-24 18:07:13,2026-07-24 04:11:00,,
44.8166,-1.14302,312.21,0.39,0.36,2026-07-24,211,N,VIIRS,n,2.0NRT,298.39,1.93,N,2026-07-24 18:07:13,2026-07-24 04:11:00,,
44.81678,-1.0968,308.71,0.39,0.36,2026-07-24,211,N,VIIRS,n,2.0NRT,295.78,3.78,N,2026-07-24 18:07:13,2026-07-24 04:11:00,,
44.81705,-1.12236,320.91,0.39,0.36,2026-07-24,211,N,VIIRS,n,2.0NRT,300.98,2.89,N,2026-07-24 18:07:13,2026-07-24 04:11:00,,
44.81777,-1.12728,349.41,0.39,0.36,2026-07-24,211,N,VIIRS,n,2.0NRT,312.42,9.83,N,2026-07-24 18:07:13,2026-07-24 04:11:00,,
44.81849,-1.13221,349.72,0.39,0.36,2026-07-24,211,N,VIIRS,n,2.0NRT,308.42,9.83,N,2026-07-24 18:07:13,2026-07-24 04:11:00,,
44.81866,-1.08602,346.08,0.39,0.36,2026-07-24,211,N,VIIRS,n,2.0NRT,306.29,12.89,N,2026-07-24 18:07:13,2026-07-24 04:11:00,,
44.81875,-1.15779,331.19,0.39,0.36,2026-07-24,211,N,VIIRS,n,2.0NRT,302.31,2.86,N,2026-07-24 18:07:13,2026-07-24 04:11:00,,
44.8192,-1.13713,319.27,0.39,0.36,2026-07-24,211,N,VIIRS,n,2.0NRT,300.01,1.93,N,2026-07-24 18:07:13,2026-07-24 04:11:00,,
44.81938,-1.09093,321.08,0.39,0.36,2026-07-24,211,N,VIIRS,n,2.0NRT,298.7,12.89,N,2026-07-24 18:07:13,2026-07-24 04:11:00,,
44.81947,-1.16271,338.98,0.39,0.36,2026-07-24,211,N,VIIRS,n,2.0NRT,299.99,2.86,N,2026-07-24 18:07:13,2026-07-24 04:11:00,,
44.81964,-1.11648,321.75,0.39,0.36,2026-07-24,211,N,VIIRS,n,2.0NRT,298.09,2.33,N,2026-07-24 18:07:13,2026-07-24 04:11:00,,
44.82036,-1.1214,317.43,0.39,0.36,2026-07-24,211,N,VIIRS,n,2.0NRT,296.98,2.33,N,2026-07-24 18:07:13,2026-07-24 04:11:00,,
44.82108,-1.12633,315.51,0.39,0.36,2026-07-24,211,N,VIIRS,n,2.0NRT,299.53,1.95,N,2026-07-24 18:07:13,2026-07-24 04:11:00,,
44.82125,-1.08015,355.2,0.39,0.36,2026-07-24,211,N,VIIRS,n,2.0NRT,308.02,29.08,N,2026-07-24 18:07:13,2026-07-24 04:11:00,,
44.82153,-1.10568,309.12,0.39,0.36,2026-07-24,211,N,VIIRS,n,2.0NRT,295.86,3.2,N,2026-07-24 18:07:13,2026-07-24 04:11:00,,
44.8218,-1.13125,313.43,0.39,0.36,2026-07-24,211,N,VIIRS,n,2.0NRT,298.66,1.95,N,2026-07-24 18:07:13,2026-07-24 04:11:00,,
44.82197,-1.08506,344.7,0.39,0.36,2026-07-24,211,N,VIIRS,n,2.0NRT,303.54,3.09,N,2026-07-24 18:07:13,2026-07-24 04:11:00,,
44.82207,-1.15683,324.83,0.39,0.36,2026-07-24,211,N,VIIRS,n,2.0NRT,301.99,2.86,N,2026-07-24 18:07:13,2026-07-24 04:11:00,,
44.82252,-1.13618,313.45,0.39,0.36,2026-07-24,211,N,VIIRS,n,2.0NRT,300.08,2.7,N,2026-07-24 18:07:13,2026-07-24 04:11:00,,
44.82269,-1.08997,325.44,0.39,0.36,2026-07-24,211,N,VIIRS,n,2.0NRT,302.37,3.09,N,2026-07-24 18:07:13,2026-07-24 04:11:00,,
44.82278,-1.16176,325.58,0.39,0.36,2026-07-24,211,N,VIIRS,n,2.0NRT,298.44,2.86,N,2026-07-24 18:07:13,2026-07-24 04:11:00,,
44.82341,-1.09489,320.89,0.39,0.36,2026-07-24,211,N,VIIRS,n,2.0NRT,301.08,3.78,N,2026-07-24 18:07:13,2026-07-24 04:11:00,,
44.82385,-1.07427,324.4,0.39,0.36,2026-07-24,211,N,VIIRS,n,2.0NRT,304.22,29.08,N,2026-07-24 18:07:13,2026-07-24 04:11:00,,
44.82457,-1.07919,345.7,0.39,0.36,2026-07-24,211,N,VIIRS,n,2.0NRT,311.02,29.08,N,2026-07-24 18:07:13,2026-07-24 04:11:00,,
44.82467,-1.15095,311.03,0.39,0.36,2026-07-24,211,N,VIIRS,n,2.0NRT,298.01,2.88,N,2026-07-24 18:07:13,2026-07-24 04:11:00,,
44.82484,-1.10472,312.2,0.39,0.36,2026-07-24,211,N,VIIRS,n,2.0NRT,297.21,2.12,N,2026-07-24 18:07:13,2026-07-24 04:11:00,,
44.82529,-1.0841,313.05,0.39,0.36,2026-07-24,211,N,VIIRS,n,2.0NRT,296.48,3.09,N,2026-07-24 18:07:13,2026-07-24 04:11:00,,
44.82539,-1.15588,342.16,0.39,0.36,2026-07-24,211,N,VIIRS,n,2.0NRT,302.05,4.34,N,2026-07-24 18:07:13,2026-07-24 04:11:00,,
44.82557,-1.10964,313.05,0.39,0.36,2026-07-24,211,N,VIIRS,n,2.0NRT,298.22,2.12,N,2026-07-24 18:07:13,2026-07-24 04:11:00,,
44.826,-1.08901,309.98,0.39,0.36,2026-07-24,211,N,VIIRS,n,2.0NRT,295.6,3.09,N,2026-07-24 18:07:13,2026-07-24 04:11:00,,
44.82628,-1.11456,315.17,0.39,0.36,2026-07-24,211,N,VIIRS,n,2.0NRT,298.56,4.86,N,2026-07-24 18:07:13,2026-07-24 04:11:00,,
44.82717,-1.07331,341.57,0.39,0.36,2026-07-24,211,N,VIIRS,n,2.0NRT,322.24,25.39,N,2026-07-24 18:07:13,2026-07-24 04:11:00,,
44.82727,-1.14507,337.13,0.39,0.36,2026-07-24,211,N,VIIRS,n,2.0NRT,296.73,2.88,N,2026-07-24 18:07:13,2026-07-24 04:11:00,,
44.82788,-1.07823,338.81,0.39,0.36,2026-07-24,211,N,VIIRS,n,2.0NRT,303.39,25.39,N,2026-07-24 18:07:13,2026-07-24 04:11:00,,
44.82799,-1.14999,330.84,0.39,0.36,2026-07-24,211,N,VIIRS,n,2.0NRT,302.19,2.88,N,2026-07-24 18:07:13,2026-07-24 04:11:00,,
44.82861,-1.08314,319.9,0.39,0.36,2026-07-24,211,N,VIIRS,n,2.0NRT,299.21,1.93,N,2026-07-24 18:07:13,2026-07-24 04:11:00,,
44.8287,-1.15492,332.53,0.39,0.36,2026-07-24,211,N,VIIRS,n,2.0NRT,299.81,4.34,N,2026-07-24 18:07:13,2026-07-24 04:11:00,,
44.82932,-1.08806,319.71,0.39,0.36,2026-07-24,211,N,VIIRS,n,2.0NRT,299.68,1.93,N,2026-07-24 18:07:13,2026-07-24 04:11:00,,
44.82976,-1.06744,303.92,0.39,0.36,2026-07-24,211,N,VIIRS,n,2.0NRT,289.93,6.77,N,2026-07-24 18:07:13,2026-07-24 04:11:00,,
44.83047,-1.07236,344.22,0.39,0.36,2026-07-24,211,N,VIIRS,n,2.0NRT,328.86,25.39,N,2026-07-24 18:07:13,2026-07-24 04:11:00,,
44.83059,-1.14411,338.13,0.39,0.36,2026-07-24,211,N,VIIRS,n,2.0NRT,296.1,2.14,N,2026-07-24 18:07:13,2026-07-24 04:11:00,,
44.83076,-1.09789,316.16,0.39,0.36,2026-07-24,211,N,VIIRS,n,2.0NRT,300.38,3.23,N,2026-07-24 18:07:13,2026-07-24 04:11:00,,
44.8312,-1.07727,331.83,0.39,0.36,2026-07-24,211,N,VIIRS,n,2.0NRT,304.75,25.39,N,2026-07-24 18:07:13,2026-07-24 04:11:00,,
44.83131,-1.14904,310.09,0.39,0.36,2026-07-24,211,N,VIIRS,n,2.0NRT,295.85,2.14,N,2026-07-24 18:07:13,2026-07-24 04:11:00,,
44.83148,-1.10281,313.58,0.39,0.36,2026-07-24,211,N,VIIRS,n,2.0NRT,299.92,4.34,N,2026-07-24 18:07:13,2026-07-24 04:11:00,,
44.83192,-1.08218,322.86,0.39,0.36,2026-07-24,211,N,VIIRS,n,2.0NRT,300.59,1.93,N,2026-07-24 18:07:13,2026-07-24 04:11:00,,
44.83263,-1.0871,317.51,0.39,0.36,2026-07-24,211,N,VIIRS,n,2.0NRT,301.13,1.93,N,2026-07-24 18:07:13,2026-07-24 04:11:00,,
44.83307,-1.06648,304.9,0.39,0.36,2026-07-24,211,N,VIIRS,n,2.0NRT,291.57,4.23,N,2026-07-24 18:07:13,2026-07-24 04:11:00,,
44.83335,-1.09201,325.05,0.39,0.36,2026-07-24,211,N,VIIRS,n,2.0NRT,304.13,3.23,N,2026-07-24 18:07:13,2026-07-24 04:11:00,,
44.83379,-1.0714,338.87,0.39,0.36,2026-07-24,211,N,VIIRS,n,2.0NRT,324.47,13.7,N,2026-07-24 18:07:13,2026-07-24 04:11:00,,
44.83451,-1.07631,316.31,0.39,0.36,2026-07-24,211,N,VIIRS,n,2.0NRT,298.43,13.7,N,2026-07-24 18:07:13,2026-07-24 04:11:00,,
44.83523,-1.08122,329.61,0.39,0.36,2026-07-24,211,N,VIIRS,n,2.0NRT,303.03,2.38,N,2026-07-24 18:07:13,2026-07-24 04:11:00,,
44.83579,-1.13235,327.15,0.39,0.36,2026-07-24,211,N,VIIRS,n,2.0NRT,297.79,2.27,N,2026-07-24 18:07:13,2026-07-24 04:11:00,,
44.83595,-1.08614,316.47,0.39,0.36,2026-07-24,211,N,VIIRS,n,2.0NRT,299.29,2.38,N,2026-07-24 18:07:13,2026-07-24 04:11:00,,
44.83667,-1.09105,316.73,0.39,0.36,2026-07-24,211,N,VIIRS,n,2.0NRT,300.87,3.04,N,2026-07-24 18:07:13,2026-07-24 04:11:00,,
44.83711,-1.07044,346.13,0.39,0.36,2026-07-24,211,N,VIIRS,n,2.0NRT,291.34,13.7,N,2026-07-24 18:07:13,2026-07-24 04:11:00,,
44.83783,-1.07535,329.84,0.39,0.36,2026-07-24,211,N,VIIRS,n,2.0NRT,302.47,13.7,N,2026-07-24 18:07:13,2026-07-24 04:11:00,,
44.83855,-1.08027,323.04,0.39,0.36,2026-07-24,211,N,VIIRS,n,2.0NRT,302.24,2.38,N,2026-07-24 18:07:13,2026-07-24 04:11:00,,
44.83911,-1.13139,324.15,0.39,0.36,2026-07-24,211,N,VIIRS,n,2.0NRT,295.65,2.27,N,2026-07-24 18:07:13,2026-07-24 04:11:00,,
44.83927,-1.08518,322.18,0.39,0.36,2026-07-24,211,N,VIIRS,n,2.0NRT,302.23,2.38,N,2026-07-24 18:07:13,2026-07-24 04:11:00,,
44.8397,-1.06456,329.17,0.39,0.36,2026-07-24,211,N,VIIRS,n,2.0NRT,299.58,32.19,N,2026-07-24 18:07:13,2026-07-24 04:11:00,,
44.83999,-1.0901,320.7,0.39,0.36,2026-07-24,211,N,VIIRS,n,2.0NRT,300.41,3.04,N,2026-07-24 18:07:13,2026-07-24 04:11:00,,
44.84042,-1.06948,345.66,0.39,0.36,2026-07-24,211,N,VIIRS,n,2.0NRT,328.61,21.91,N,2026-07-24 18:07:13,2026-07-24 04:11:00,,
44.84114,-1.07439,327.23,0.39,0.36,2026-07-24,211,N,VIIRS,n,2.0NRT,301.72,21.91,N,2026-07-24 18:07:13,2026-07-24 04:11:00,,
44.84186,-1.07931,316.88,0.39,0.36,2026-07-24,211,N,VIIRS,n,2.0NRT,300.44,2.43,N,2026-07-24 18:07:13,2026-07-24 04:11:00,,
44.8423,-1.05869,316.25,0.39,0.36,2026-07-24,211,N,VIIRS,n,2.0NRT,291.07,32.19,N,2026-07-24 18:07:13,2026-07-24 04:11:00,,
44.84258,-1.08422,315.43,0.39,0.36,2026-07-24,211,N,VIIRS,n,2.0NRT,298.87,2.43,N,2026-07-24 18:07:13,2026-07-24 04:11:00,,
44.84302,-1.0636,367.0,0.39,0.36,2026-07-24,211,N,VIIRS,h,2.0NRT,331.84,32.19,N,2026-07-24 18:07:13,2026-07-24 04:11:00,,
44.84374,-1.06852,342.05,0.39,0.36,2026-07-24,211,N,VIIRS,n,2.0NRT,310.14,21.91,N,2026-07-24 18:07:13,2026-07-24 04:11:00,,
44.84446,-1.07343,310.68,0.39,0.36,2026-07-24,211,N,VIIRS,n,2.0NRT,297.67,21.91,N,2026-07-24 18:07:13,2026-07-24 04:11:00,,
44.84489,-1.05282,330.64,0.39,0.36,2026-07-24,211,N,VIIRS,n,2.0NRT,291.98,25.02,N,2026-07-24 18:07:13,2026-07-24 04:11:00,,
44.84561,-1.05773,349.9,0.39,0.36,2026-07-24,211,N,VIIRS,n,2.0NRT,315.45,21.6,N,2026-07-24 18:07:13,2026-07-24 04:11:00,,
44.84633,-1.06264,355.79,0.39,0.36,2026-07-24,211,N,VIIRS,n,2.0NRT,327.73,21.6,N,2026-07-24 18:07:13,2026-07-24 04:11:00,,
44.84705,-1.06756,319.54,0.39,0.36,2026-07-24,211,N,VIIRS,n,2.0NRT,299.03,3.35,N,2026-07-24 18:07:13,2026-07-24 04:11:00,,
44.84821,-1.05186,345.81,0.39,0.36,2026-07-24,211,N,VIIRS,n,2.0NRT,315.77,25.02,N,2026-07-24 18:07:13,2026-07-24 04:11:00,,
44.84892,-1.05677,353.93,0.39,0.36,2026-07-24,211,N,VIIRS,n,2.0NRT,311.55,21.6,N,2026-07-24 18:07:13,2026-07-24 04:11:00,,
44.84964,-1.06168,326.88,0.39,0.36,2026-07-24,211,N,VIIRS,n,2.0NRT,300.47,21.6,N,2026-07-24 18:07:13,2026-07-24 04:11:00,,
44.85036,-1.0666,310.83,0.39,0.36,2026-07-24,211,N,VIIRS,n,2.0NRT,298.22,3.35,N,2026-07-24 18:07:13,2026-07-24 04:11:00,,
44.85079,-1.04598,324.71,0.39,0.36,2026-07-24,211,N,VIIRS,n,2.0NRT,290.39,23.99,N,2026-07-24 18:07:13,2026-07-24 04:11:00,,
44.85151,-1.0509,353.92,0.39,0.36,2026-07-24,211,N,VIIRS,n,2.0NRT,317.52,23.99,N,2026-07-24 18:07:13,2026-07-24 04:11:00,,
44.85224,-1.05581,355.85,0.39,0.36,2026-07-24,211,N,VIIRS,n,2.0NRT,313.32,6.84,N,2026-07-24 18:07:13,2026-07-24 04:11:00,,
44.85296,-1.06072,314.22,0.39,0.36,2026-07-24,211,N,VIIRS,n,2.0NRT,297.29,6.84,N,2026-07-24 18:07:13,2026-07-24 04:11:00,,
44.85411,-1.04503,326.91,0.39,0.36,2026-07-24,211,N,VIIRS,n,2.0NRT,314.32,23.99,N,2026-07-24 18:07:13,2026-07-24 04:11:00,,
44.85469,-1.0961,318.34,0.39,0.36,2026-07-24,211,N,VIIRS,n,2.0NRT,298.77,4.73,N,2026-07-24 18:07:13,2026-07-24 04:11:00,,
44.85483,-1.04994,349.78,0.39,0.36,2026-07-24,211,N,VIIRS,n,2.0NRT,310.36,23.99,N,2026-07-24 18:07:13,2026-07-24 04:11:00,,
44.85526,-1.14727,317.67,0.39,0.36,2026-07-24,211,N,VIIRS,n,2.0NRT,294.63,3.67,N,2026-07-24 18:07:13,2026-07-24 04:11:00,,
44.85555,-1.05485,337.91,0.39,0.36,2026-07-24,211,N,VIIRS,n,2.0NRT,304.23,6.84,N,2026-07-24 18:07:13,2026-07-24 04:11:00,,
44.85598,-1.1522,337.69,0.39,0.36,2026-07-24,211,N,VIIRS,n,2.0NRT,295.49,3.67,N,2026-07-24 18:07:13,2026-07-24 04:11:00,,
44.85627,-1.05976,313.46,0.39,0.36,2026-07-24,211,N,VIIRS,n,2.0NRT,297.86,6.84,N,2026-07-24 18:07:13,2026-07-24 04:11:00,,
44.85641,-1.13153,330.85,0.39,0.36,2026-07-24,211,N,VIIRS,n,2.0NRT,300.85,56.95,N,2026-07-24 18:07:13,2026-07-24 04:11:00,,
44.85699,-1.06468,307.75,0.39,0.36,2026-07-24,211,N,VIIRS,n,2.0NRT,294.82,2.67,N,2026-07-24 18:07:13,2026-07-24 04:11:00,,
44.85714,-1.13646,348.77,0.39,0.36,2026-07-24,211,N,VIIRS,n,2.0NRT,319.13,106.08,N,2026-07-24 18:07:13,2026-07-24 04:11:00,,
44.85741,-1.16204,310.11,0.39,0.36,2026-07-24,211,N,VIIRS,n,2.0NRT,293.32,1.28,N,2026-07-24 18:07:13,2026-07-24 04:11:00,,
44.85742,-1.04407,342.23,0.39,0.36,2026-07-24,211,N,VIIRS,n,2.0NRT,300.45,4.91,N,2026-07-24 18:07:13,2026-07-24 04:11:00,,
44.85785,-1.14138,356.29,0.39,0.36,2026-07-24,211,N,VIIRS,n,2.0NRT,315.61,106.08,N,2026-07-24 18:07:13,2026-07-24 04:11:00,,
44.85801,-1.09514,326.8,0.39,0.36,2026-07-24,211,N,VIIRS,n,2.0NRT,301.41,3.25,N,2026-07-24 18:07:13,2026-07-24 04:11:00,,
44.85814,-1.04898,338.9,0.39,0.36,2026-07-24,211,N,VIIRS,n,2.0NRT,301.5,4.91,N,2026-07-24 18:07:13,2026-07-24 04:11:00,,
44.85829,-1.12072,331.76,0.39,0.36,2026-07-24,211,N,VIIRS,n,2.0NRT,293.65,9.14,N,2026-07-24 18:07:13,2026-07-24 04:11:00,,
44.85844,-1.07451,310.27,0.39,0.36,2026-07-24,211,N,VIIRS,n,2.0NRT,296.96,1.9,N,2026-07-24 18:07:13,2026-07-24 04:11:00,,
44.85857,-1.14632,332.45,0.39,0.36,2026-07-24,211,N,VIIRS,n,2.0NRT,330.95,83.72,N,2026-07-24 18:07:13,2026-07-24 04:11:00,,
44.85886,-1.05389,309.52,0.39,0.36,2026-07-24,211,N,VIIRS,n,2.0NRT,295.84,3.04,N,2026-07-24 18:07:13,2026-07-24 04:11:00,,
44.85901,-1.12565,367.0,0.39,0.36,2026-07-24,211,N,VIIRS,h,2.0NRT,329.4,56.95,N,2026-07-24 18:07:13,2026-07-24 04:11:00,,
44.85916,-1.07943,309.12,0.39,0.36,2026-07-24,211,N,VIIRS,n,2.0NRT,295.2,1.9,N,2026-07-24 18:07:13,2026-07-24 04:11:00,,
44.85929,-1.15124,347.32,0.39,0.36,2026-07-24,211,N,VIIRS,n,2.0NRT,318.9,83.72,N,2026-07-24 18:07:13,2026-07-24 04:11:00,,
44.85973,-1.13057,340.12,0.39,0.36,2026-07-24,211,N,VIIRS,n,2.0NRT,330.17,56.95,N,2026-07-24 18:07:13,2026-07-24 04:11:00,,
44.86001,-1.15617,306.36,0.39,0.36,2026-07-24,211,N,VIIRS,n,2.0NRT,293.98,2.46,N,2026-07-24 18:07:13,2026-07-24 04:11:00,,
44.86045,-1.1355,367.0,0.39,0.36,2026-07-24,211,N,VIIRS,h,2.0NRT,356.51,106.08,N,2026-07-24 18:07:13,2026-07-24 04:11:00,,
44.8606,-1.08926,316.76,0.39,0.36,2026-07-24,211,N,VIIRS,n,2.0NRT,298.32,4.4,N,2026-07-24 18:07:13,2026-07-24 04:11:00,,
44.86073,-1.04311,342.78,0.39,0.36,2026-07-24,211,N,VIIRS,n,2.0NRT,305.96,4.91,N,2026-07-24 18:07:13,2026-07-24 04:11:00,,
44.86132,-1.09418,320.82,0.39,0.36,2026-07-24,211,N,VIIRS,n,2.0NRT,297.22,3.25,N,2026-07-24 18:07:13,2026-07-24 04:11:00,,
44.86146,-1.04802,342.38,0.39,0.36,2026-07-24,211,N,VIIRS,n,2.0NRT,307.53,4.91,N,2026-07-24 18:07:13,2026-07-24 04:11:00,,
44.86161,-1.11976,367.0,0.39,0.36,2026-07-24,211,N,VIIRS,h,2.0NRT,321.71,28.83,N,2026-07-24 18:07:13,2026-07-24 04:11:00,,
44.86189,-1.14536,367.0,0.39,0.36,2026-07-24,211,N,VIIRS,h,2.0NRT,361.74,83.72,N,2026-07-24 18:07:13,2026-07-24 04:11:00,,
44.86233,-1.12469,367.0,0.39,0.36,2026-07-24,211,N,VIIRS,h,2.0NRT,352.05,142.19,N,2026-07-24 18:07:13,2026-07-24 04:11:00,,
44.86247,-1.07847,310.04,0.39,0.36,2026-07-24,211,N,VIIRS,n,2.0NRT,295.96,2.09,N,2026-07-24 18:07:13,2026-07-24 04:11:00,,
44.86261,-1.15029,338.67,0.39,0.36,2026-07-24,211,N,VIIRS,n,2.0NRT,297.92,83.72,N,2026-07-24 18:07:13,2026-07-24 04:11:00,,
44.86333,-1.03724,318.16,0.39,0.36,2026-07-24,211,N,VIIRS,n,2.0NRT,296.38,6.18,N,2026-07-24 18:07:13,2026-07-24 04:11:00,,
44.86377,-1.13455,367.0,0.39,0.36,2026-07-24,211,N,VIIRS,h,2.0NRT,347.22,91.25,N,2026-07-24 18:07:13,2026-07-24 04:11:00,,
44.86392,-1.0883,314.12,0.39,0.36,2026-07-24,211,N,VIIRS,n,2.0NRT,298.14,4.83,N,2026-07-24 18:07:13,2026-07-24 04:11:00,,
44.86405,-1.04215,336.24,0.39,0.36,2026-07-24,211,N,VIIRS,n,2.0NRT,302.3,4.86,N,2026-07-24 18:07:13,2026-07-24 04:11:00,,
44.86421,-1.11388,333.92,0.39,0.36,2026-07-24,211,N,VIIRS,n,2.0NRT,293.75,28.83,N,2026-07-24 18:07:13,2026-07-24 04:11:00,,
44.86434,-1.06768,309.63,0.39,0.36,2026-07-24,211,N,VIIRS,n,2.0NRT,295.84,2.92,N,2026-07-24 18:07:13,2026-07-24 04:11:00,,
44.86449,-1.13947,342.87,0.39,0.36,2026-07-24,211,N,VIIRS,n,2.0NRT,337.57,91.25,N,2026-07-24 18:07:13,2026-07-24 04:11:00,,
44.86464,-1.09322,339.61,0.39,0.36,2026-07-24,211,N,VIIRS,n,2.0NRT,302.0,5.06,N,2026-07-24 18:07:13,2026-07-24 04:11:00,,
44.86477,-1.04706,325.13,0.39,0.36,2026-07-24,211,N,VIIRS,n,2.0NRT,298.89,4.86,N,2026-07-24 18:07:13,2026-07-24 04:11:00,,
44.86493,-1.11881,353.03,0.39,0.36,2026-07-24,211,N,VIIRS,n,2.0NRT,304.01,28.83,N,2026-07-24 18:07:13,2026-07-24 04:11:00,,
44.86519,-1.02645,313.86,0.39,0.36,2026-07-24,211,N,VIIRS,n,2.0NRT,290.37,3.25,N,2026-07-24 18:07:13,2026-07-24 04:11:00,,
44.86521,-1.1444,353.6,0.39,0.36,2026-07-24,211,N,VIIRS,n,2.0NRT,302.21,8.88,N,2026-07-24 18:07:13,2026-07-24 04:11:00,,
44.86565,-1.12373,367.0,0.39,0.36,2026-07-24,211,N,VIIRS,h,2.0NRT,340.9,142.19,N,2026-07-24 18:07:13,2026-07-24 04:11:00,,
44.86579,-1.07751,310.03,0.39,0.36,2026-07-24,211,N,VIIRS,n,2.0NRT,296.46,2.09,N,2026-07-24 18:07:13,2026-07-24 04:11:00,,
44.86591,-1.03136,347.0,0.39,0.36,2026-07-24,211,N,VIIRS,n,2.0NRT,305.58,6.18,N,2026-07-24 18:07:13,2026-07-24 04:11:00,,
44.86593,-1.14933,317.2,0.39,0.36,2026-07-24,211,N,VIIRS,n,2.0NRT,293.75,8.88,N,2026-07-24 18:07:13,2026-07-24 04:11:00,,
44.86608,-1.10307,310.58,0.39,0.36,2026-07-24,211,N,VIIRS,n,2.0NRT,292.42,150.81,N,2026-07-24 18:07:13,2026-07-24 04:11:00,,
44.86637,-1.12866,367.0,0.39,0.36,2026-07-24,211,N,VIIRS,h,2.0NRT,361.98,142.19,N,2026-07-24 18:07:13,2026-07-24 04:11:00,,
44.86664,-1.03628,334.47,0.39,0.36,2026-07-24,211,N,VIIRS,n,2.0NRT,300.87,6.18,N,2026-07-24 18:07:13,2026-07-24 04:11:00,,
44.86681,-1.10799,333.7,0.39,0.36,2026-07-24,211,N,VIIRS,n,2.0NRT,302.2,150.81,N,2026-07-24 18:07:13,2026-07-24 04:11:00,,
44.86709,-1.13359,367.0,0.39,0.36,2026-07-24,211,N,VIIRS,h,2.0NRT,351.51,91.25,N,2026-07-24 18:07:13,2026-07-24 04:11:00,,
44.86736,-1.04119,348.24,0.39,0.36,2026-07-24,211,N,VIIRS,n,2.0NRT,306.85,4.86,N,2026-07-24 18:07:13,2026-07-24 04:11:00,,
44.86753,-1.11292,367.0,0.39,0.36,2026-07-24,211,N,VIIRS,h,2.0NRT,345.03,142.89,N,2026-07-24 18:07:13,2026-07-24 04:11:00,,
44.86781,-1.13852,348.15,0.39,0.36,2026-07-24,211,N,VIIRS,n,2.0NRT,316.59,91.25,N,2026-07-24 18:07:13,2026-07-24 04:11:00,,
44.86825,-1.11785,367.0,0.39,0.36,2026-07-24,211,N,VIIRS,h,2.0NRT,346.68,142.89,N,2026-07-24 18:07:13,2026-07-24 04:11:00,,
44.86851,-1.0255,315.12,0.39,0.36,2026-07-24,211,N,VIIRS,n,2.0NRT,293.96,1.98,N,2026-07-24 18:07:13,2026-07-24 04:11:00,,
44.86853,-1.14345,315.44,0.39,0.36,2026-07-24,211,N,VIIRS,n,2.0NRT,294.13,8.88,N,2026-07-24 18:07:13,2026-07-24 04:11:00,,
44.86868,-1.09719,311.7,0.39,0.36,2026-07-24,211,N,VIIRS,n,2.0NRT,292.69,5.06,N,2026-07-24 18:07:13,2026-07-24 04:11:00,,
44.86897,-1.12278,367.0,0.39,0.36,2026-07-24,211,N,VIIRS,h,2.0NRT,358.01,191.23,N,2026-07-24 18:07:13,2026-07-24 04:11:00,,
44.8691,-1.07655,314.16,0.39,0.36,2026-07-24,211,N,VIIRS,n,2.0NRT,296.78,2.7,N,2026-07-24 18:07:13,2026-07-24 04:11:00,,
44.86923,-1.0304,331.01,0.39,0.36,2026-07-24,211,N,VIIRS,n,2.0NRT,300.99,2.59,N,2026-07-24 18:07:13,2026-07-24 04:11:00,,
44.86982,-1.08147,317.16,0.39,0.36,2026-07-24,211,N,VIIRS,n,2.0NRT,297.41,2.73,N,2026-07-24 18:07:13,2026-07-24 04:11:00,,
44.86995,-1.03531,326.28,0.39,0.36,2026-07-24,211,N,VIIRS,n,2.0NRT,299.42,2.59,N,2026-07-24 18:07:13,2026-07-24 04:11:00,,
44.87012,-1.10704,367.0,0.39,0.36,2026-07-24,211,N,VIIRS,h,2.0NRT,375.45,150.81,N,2026-07-24 18:07:13,2026-07-24 04:11:00,,
44.87041,-1.13264,352.84,0.39,0.36,2026-07-24,211,N,VIIRS,n,2.0NRT,314.95,22.31,N,2026-07-24 18:07:13,2026-07-24 04:11:00,,
44.87067,-1.04023,335.38,0.39,0.36,2026-07-24,211,N,VIIRS,n,2.0NRT,303.58,5.34,N,2026-07-24 18:07:13,2026-07-24 04:11:00,,
44.87084,-1.11196,343.5,0.39,0.36,2026-07-24,211,N,VIIRS,n,2.0NRT,322.64,142.89,N,2026-07-24 18:07:13,2026-07-24 04:11:00,,
44.87113,-1.13757,325.75,0.39,0.36,2026-07-24,211,N,VIIRS,n,2.0NRT,294.29,22.31,N,2026-07-24 18:07:13,2026-07-24 04:11:00,,
44.87185,-1.14249,305.08,0.39,0.36,2026-07-24,211,N,VIIRS,n,2.0NRT,293.12,1.31,N,2026-07-24 18:07:13,2026-07-24 04:11:00,,
44.87199,-1.09623,317.57,0.39,0.36,2026-07-24,211,N,VIIRS,n,2.0NRT,295.73,7.18,N,2026-07-24 18:07:13,2026-07-24 04:11:00,,
44.87229,-1.12182,367.0,0.39,0.36,2026-07-24,211,N,VIIRS,h,2.0NRT,360.91,191.23,N,2026-07-24 18:07:13,2026-07-24 04:11:00,,
44.87242,-1.07559,313.4,0.39,0.36,2026-07-24,211,N,VIIRS,n,2.0NRT,297.05,2.7,N,2026-07-24 18:07:13,2026-07-24 04:11:00,,
44.87254,-1.02945,319.91,0.39,0.36,2026-07-24,211,N,VIIRS,n,2.0NRT,297.79,2.59,N,2026-07-24 18:07:13,2026-07-24 04:11:00,,
44.87271,-1.10115,367.0,0.39,0.36,2026-07-24,211,N,VIIRS,h,2.0NRT,337.05,45.83,N,2026-07-24 18:07:13,2026-07-24 04:11:00,,
44.87301,-1.12675,349.02,0.39,0.36,2026-07-24,211,N,VIIRS,n,2.0NRT,308.53,191.23,N,2026-07-24 18:07:13,2026-07-24 04:11:00,,
44.87314,-1.08051,311.57,0.39,0.36,2026-07-24,211,N,VIIRS,n,2.0NRT,294.37,2.73,N,2026-07-24 18:07:13,2026-07-24 04:11:00,,
44.87327,-1.03436,318.81,0.39,0.36,2026-07-24,211,N,VIIRS,n,2.0NRT,298.36,2.59,N,2026-07-24 18:07:13,2026-07-24 04:11:00,,
44.87344,-1.10608,339.2,0.39,0.36,2026-07-24,211,N,VIIRS,n,2.0NRT,298.11,45.83,N,2026-07-24 18:07:13,2026-07-24 04:11:00,,
44.8736,-1.02757,318.26,0.39,0.36,2026-07-24,211,N,VIIRS,n,2.0NRT,296.73,1.84,N,2026-07-24 18:07:13,2026-07-24 04:11:00,,
44.87373,-1.13168,325.69,0.39,0.36,2026-07-24,211,N,VIIRS,n,2.0NRT,293.73,22.31,N,2026-07-24 18:07:13,2026-07-24 04:11:00,,
44.87416,-1.111,350.25,0.39,0.36,2026-07-24,211,N,VIIRS,n,2.0NRT,297.56,120.11,N,2026-07-24 18:07:13,2026-07-24 04:11:00,,
44.87432,-1.03248,319.76,0.39,0.36,2026-07-24,211,N,VIIRS,n,2.0NRT,297.97,2.63,N,2026-07-24 18:07:13,2026-07-24 04:11:00,,
44.87445,-1.13661,307.16,0.39,0.36,2026-07-24,211,N,VIIRS,n,2.0NRT,293.28,22.31,N,2026-07-24 18:07:13,2026-07-24 04:11:00,,
44.87488,-1.11593,367.0,0.39,0.36,2026-07-24,211,N,VIIRS,h,2.0NRT,342.69,120.11,N,2026-07-24 18:07:13,2026-07-24 04:11:00,,
44.87531,-1.09527,317.43,0.39,0.36,2026-07-24,211,N,VIIRS,n,2.0NRT,293.81,7.18,N,2026-07-24 18:07:13,2026-07-24 04:11:00,,
44.8756,-1.12086,339.75,0.39,0.36,2026-07-24,211,N,VIIRS,n,2.0NRT,299.61,9.24,N,2026-07-24 18:07:13,2026-07-24 04:11:00,,
44.87574,-1.07463,310.34,0.39,0.36,2026-07-24,211,N,VIIRS,n,2.0NRT,295.96,4.18,N,2026-07-24 18:07:13,2026-07-24 04:11:00,,
44.87603,-1.10019,336.99,0.39,0.36,2026-07-24,211,N,VIIRS,n,2.0NRT,310.55,45.83,N,2026-07-24 18:07:13,2026-07-24 04:11:00,,
44.87632,-1.12579,320.23,0.39,0.36,2026-07-24,211,N,VIIRS,n,2.0NRT,293.77,9.24,N,2026-07-24 18:07:13,2026-07-24 04:11:00,,
44.87646,-1.07955,338.05,0.39,0.36,2026-07-24,211,N,VIIRS,n,2.0NRT,299.78,12.39,N,2026-07-24 18:07:13,2026-07-24 04:11:00,,
44.87675,-1.10512,344.92,0.39,0.36,2026-07-24,211,N,VIIRS,n,2.0NRT,315.14,45.83,N,2026-07-24 18:07:13,2026-07-24 04:11:00,,
44.87692,-1.02661,319.61,0.39,0.36,2026-07-24,211,N,VIIRS,n,2.0NRT,295.39,1.84,N,2026-07-24 18:07:13,2026-07-24 04:11:00,,
44.87705,-1.13072,305.99,0.39,0.36,2026-07-24,211,N,VIIRS,n,2.0NRT,293.24,1.19,N,2026-07-24 18:07:13,2026-07-24 04:11:00,,
44.87718,-1.08447,307.68,0.39,0.36,2026-07-24,211,N,VIIRS,n,2.0NRT,292.47,12.39,N,2026-07-24 18:07:13,2026-07-24 04:11:00,,
44.87764,-1.03152,319.55,0.39,0.36,2026-07-24,211,N,VIIRS,n,2.0NRT,298.09,2.63,N,2026-07-24 18:07:13,2026-07-24 04:11:00,,
44.8779,-1.08939,334.32,0.39,0.36,2026-07-24,211,N,VIIRS,n,2.0NRT,297.83,117.75,N,2026-07-24 18:07:13,2026-07-24 04:11:00,,
44.8782,-1.11498,339.84,0.39,0.36,2026-07-24,211,N,VIIRS,n,2.0NRT,297.74,120.11,N,2026-07-24 18:07:13,2026-07-24 04:11:00,,
44.87862,-1.09431,346.28,0.39,0.36,2026-07-24,211,N,VIIRS,n,2.0NRT,325.98,117.75,N,2026-07-24 18:07:13,2026-07-24 04:11:00,,
44.87892,-1.11991,311.91,0.39,0.36,2026-07-24,211,N,VIIRS,n,2.0NRT,293.62,9.24,N,2026-07-24 18:07:13,2026-07-24 04:11:00,,
44.87905,-1.07367,336.03,0.39,0.36,2026-07-24,211,N,VIIRS,n,2.0NRT,303.13,4.18,N,2026-07-24 18:07:13,2026-07-24 04:11:00,,
44.87934,-1.09924,367.0,0.39,0.36,2026-07-24,211,N,VIIRS,h,2.0NRT,364.63,404.96,N,2026-07-24 18:07:13,2026-07-24 04:11:00,,
44.87934,-1.06691,309.22,0.39,0.36,2026-07-24,211,N,VIIRS,n,2.0NRT,294.91,3.23,N,2026-07-24 18:07:13,2026-07-24 04:11:00,,
44.87977,-1.07859,352.86,0.39,0.36,2026-07-24,211,N,VIIRS,n,2.0NRT,313.77,12.39,N,2026-07-24 18:07:13,2026-07-24 04:11:00,,
44.88005,-1.07184,331.78,0.39,0.36,2026-07-24,211,N,VIIRS,n,2.0NRT,300.4,22.17,N,2026-07-24 18:07:13,2026-07-24 04:11:00,,
44.88023,-1.02565,323.69,0.39,0.36,2026-07-24,211,N,VIIRS,n,2.0NRT,297.89,2.55,N,2026-07-24 18:07:13,2026-07-24 04:11:00,,
44.8805,-1.08351,349.59,0.39,0.36,2026-07-24,211,N,VIIRS,n,2.0NRT,303.18,12.39,N,2026-07-24 18:07:13,2026-07-24 04:11:00,,
44.88077,-1.07676,354.55,0.39,0.36,2026-07-24,211,N,VIIRS,n,2.0NRT,322.34,22.17,N,2026-07-24 18:07:13,2026-07-24 04:11:00,,
44.88079,-1.10909,335.03,0.39,0.36,2026-07-24,211,N,VIIRS,n,2.0NRT,317.49,28.04,N,2026-07-24 18:07:13,2026-07-24 04:11:00,,
44.88149,-1.08169,349.68,0.39,0.36,2026-07-24,211,N,VIIRS,n,2.0NRT,341.33,56.5,N,2026-07-24 18:07:13,2026-07-24 04:11:00,,
44.88152,-1.11402,315.68,0.39,0.36,2026-07-24,211,N,VIIRS,n,2.0NRT,293.59,28.04,N,2026-07-24 18:07:13,2026-07-24 04:11:00,,
44.88194,-1.09335,367.0,0.39,0.36,2026-07-24,211,N,VIIRS,h,2.0NRT,364.19,117.75,N,2026-07-24 18:07:13,2026-07-24 04:11:00,,
44.8822,-1.08662,334.77,0.39,0.36,2026-07-24,211,N,VIIRS,n,2.0NRT,316.41,56.5,N,2026-07-24 18:07:13,2026-07-24 04:11:00,,
44.88266,-1.06595,313.61,0.39,0.36,2026-07-24,211,N,VIIRS,n,2.0NRT,295.63,3.23,N,2026-07-24 18:07:13,2026-07-24 04:11:00,,
44.88292,-1.09154,367.0,0.39,0.36,2026-07-24,211,N,VIIRS,h,2.0NRT,362.45,173.4,N,2026-07-24 18:07:13,2026-07-24 04:11:00,,
44.88337,-1.07088,357.03,0.39,0.36,2026-07-24,211,N,VIIRS,n,2.0NRT,326.6,22.17,N,2026-07-24 18:07:13,2026-07-24 04:11:00,,
44.88338,-1.10321,367.0,0.39,0.36,2026-07-24,211,N,VIIRS,h,2.0NRT,353.71,404.96,N,2026-07-24 18:07:13,2026-07-24 04:11:00,,
44.88354,-1.02468,325.03,0.39,0.36,2026-07-24,211,N,VIIRS,n,2.0NRT,299.67,2.55,N,2026-07-24 18:07:13,2026-07-24 04:11:00,,
44.88409,-1.0758,352.18,0.39,0.36,2026-07-24,211,N,VIIRS,n,2.0NRT,344.25,22.17,N,2026-07-24 18:07:13,2026-07-24 04:11:00,,
44.88411,-1.10813,326.86,0.39,0.36,2026-07-24,211,N,VIIRS,n,2.0NRT,294.45,28.04,N,2026-07-24 18:07:13,2026-07-24 04:11:00,,
44.88435,-1.10139,367.0,0.39,0.36,2026-07-24,211,N,VIIRS,h,2.0NRT,352.15,75.67,N,2026-07-24 18:07:13,2026-07-24 04:11:00,,
44.8848,-1.08073,367.0,0.39,0.36,2026-07-24,211,N,VIIRS,h,2.0NRT,354.22,56.5,N,2026-07-24 18:07:13,2026-07-24 04:11:00,,
44.88506,-1.10632,335.04,0.39,0.36,2026-07-24,211,N,VIIRS,n,2.0NRT,294.82,75.67,N,2026-07-24 18:07:13,2026-07-24 04:11:00,,
44.88525,-1.06007,306.46,0.39,0.36,2026-07-24,211,N,VIIRS,n,2.0NRT,293.82,6.49,N,2026-07-24 18:07:13,2026-07-24 04:11:00,,
44.88543,-1.01389,312.58,0.39,0.36,2026-07-24,211,N,VIIRS,n,2.0NRT,292.57,2.02,N,2026-07-24 18:07:13,2026-07-24 04:11:00,,
44.88552,-1.08565,343.65,0.39,0.36,2026-07-24,211,N,VIIRS,n,2.0NRT,334.3,56.5,N,2026-07-24 18:07:13,2026-07-24 04:11:00,,
44.88597,-1.06499,352.26,0.39,0.36,2026-07-24,211,N,VIIRS,n,2.0NRT,311.96,6.49,N,2026-07-24 18:07:13,2026-07-24 04:11:00,,
44.88614,-1.0188,321.92,0.39,0.36,2026-07-24,211,N,VIIRS,n,2.0NRT,298.05,1.77,N,2026-07-24 18:07:13,2026-07-24 04:11:00,,
44.88623,-1.09058,367.0,0.39,0.36,2026-07-24,211,N,VIIRS,h,2.0NRT,353.04,173.4,N,2026-07-24 18:07:13,2026-07-24 04:11:00,,
44.88668,-1.06991,354.56,0.39,0.36,2026-07-24,211,N,VIIRS,n,2.0NRT,331.21,34.13,N,2026-07-24 18:07:13,2026-07-24 04:11:00,,
44.88686,-1.02372,312.18,0.39,0.36,2026-07-24,211,N,VIIRS,n,2.0NRT,296.76,1.77,N,2026-07-24 18:07:13,2026-07-24 04:11:00,,
44.88695,-1.09551,349.35,0.39,0.36,2026-07-24,211,N,VIIRS,n,2.0NRT,315.21,173.4,N,2026-07-24 18:07:13,2026-07-24 04:11:00,,
44.8874,-1.07484,355.61,0.39,0.36,2026-07-24,211,N,VIIRS,n,2.0NRT,334.39,34.13,N,2026-07-24 18:07:13,2026-07-24 04:11:00,,
44.88766,-1.10043,325.8,0.39,0.36,2026-07-24,211,N,VIIRS,n,2.0NRT,293.84,75.67,N,2026-07-24 18:07:13,2026-07-24 04:11:00,,
44.88785,-1.05419,314.57,0.39,0.36,2026-07-24,211,N,VIIRS,n,2.0NRT,290.88,2.9,N,2026-07-24 18:07:13,2026-07-24 04:11:00,,
44.88802,-1.00801,329.93,0.39,0.36,2026-07-24,211,N,VIIRS,n,2.0NRT,290.41,2.02,N,2026-07-24 18:07:13,2026-07-24 04:11:00,,
44.88812,-1.07976,367.0,0.39,0.36,2026-07-24,211,N,VIIRS,h,2.0NRT,355.65,285.4,N,2026-07-24 18:07:13,2026-07-24 04:11:00,,
44.88857,-1.05911,320.13,0.39,0.36,2026-07-24,211,N,VIIRS,n,2.0NRT,296.3,6.49,N,2026-07-24 18:07:13,2026-07-24 04:11:00,,
44.88874,-1.01293,318.72,0.39,0.36,2026-07-24,211,N,VIIRS,n,2.0NRT,296.59,2.02,N,2026-07-24 18:07:13,2026-07-24 04:11:00,,
44.88929,-1.06403,349.47,0.39,0.36,2026-07-24,211,N,VIIRS,n,2.0NRT,310.12,6.49,N,2026-07-24 18:07:13,2026-07-24 04:11:00,,
44.88945,-1.01784,316.29,0.39,0.36,2026-07-24,211,N,VIIRS,n,2.0NRT,298.49,1.77,N,2026-07-24 18:07:13,2026-07-24 04:11:00,,
44.88955,-1.08962,355.85,0.39,0.36,2026-07-24,211,N,VIIRS,n,2.0NRT,323.45,42.62,N,2026-07-24 18:07:13,2026-07-24 04:11:00,,
44.89,-1.06895,353.94,0.39,0.36,2026-07-24,211,N,VIIRS,n,2.0NRT,343.16,34.13,N,2026-07-24 18:07:13,2026-07-24 04:11:00,,
44.89017,-1.02276,312.82,0.39,0.36,2026-07-24,211,N,VIIRS,n,2.0NRT,298.18,1.77,N,2026-07-24 18:07:13,2026-07-24 04:11:00,,
44.89027,-1.09455,352.95,0.39,0.36,2026-07-24,211,N,VIIRS,n,2.0NRT,295.75,42.62,N,2026-07-24 18:07:13,2026-07-24 04:11:00,,
44.89072,-1.07388,351.21,0.39,0.36,2026-07-24,211,N,VIIRS,n,2.0NRT,335.23,34.13,N,2026-07-24 18:07:13,2026-07-24 04:11:00,,
44.89098,-1.09948,304.69,0.39,0.36,2026-07-24,211,N,VIIRS,n,2.0NRT,292.21,1.6,N,2026-07-24 18:07:13,2026-07-24 04:11:00,,
44.89133,-1.00705,338.85,0.39,0.36,2026-07-24,211,N,VIIRS,n,2.0NRT,303.04,16.25,N,2026-07-24 18:07:13,2026-07-24 04:11:00,,
44.89188,-1.05815,305.65,0.39,0.36,2026-07-24,211,N,VIIRS,n,2.0NRT,291.8,4.75,N,2026-07-24 18:07:13,2026-07-24 04:11:00,,
44.89205,-1.01196,344.2,0.39,0.36,2026-07-24,211,N,VIIRS,n,2.0NRT,306.36,16.25,N,2026-07-24 18:07:13,2026-07-24 04:11:00,,
44.89215,-1.08374,367.0,0.39,0.36,2026-07-24,211,N,VIIRS,h,2.0NRT,356.42,285.4,N,2026-07-24 18:07:13,2026-07-24 04:11:00,,
44.8926,-1.06307,339.05,0.39,0.36,2026-07-24,211,N,VIIRS,n,2.0NRT,310.19,4.75,N,2026-07-24 18:07:13,2026-07-24 04:11:00,,
44.89277,-1.01688,327.29,0.39,0.36,2026-07-24,211,N,VIIRS,n,2.0NRT,301.49,3.92,N,2026-07-24 18:07:13,2026-07-24 04:11:00,,
44.89287,-1.08866,330.02,0.39,0.36,2026-07-24,211,N,VIIRS,n,2.0NRT,312.13,42.62,N,2026-07-24 18:07:13,2026-07-24 04:11:00,,
44.89331,-1.06799,354.76,0.39,0.36,2026-07-24,211,N,VIIRS,n,2.0NRT,336.6,52.27,N,2026-07-24 18:07:13,2026-07-24 04:11:00,,
44.89349,-1.02179,308.96,0.39,0.36,2026-07-24,211,N,VIIRS,n,2.0NRT,295.91,3.92,N,2026-07-24 18:07:13,2026-07-24 04:11:00,,
44.89359,-1.09359,304.66,0.39,0.36,2026-07-24,211,N,VIIRS,n,2.0NRT,291.52,42.62,N,2026-07-24 18:07:13,2026-07-24 04:11:00,,
44.89403,-1.07292,367.0,0.39,0.36,2026-07-24,211,N,VIIRS,h,2.0NRT,356.62,52.27,N,2026-07-24 18:07:13,2026-07-24 04:11:00,,
44.89464,-1.00609,332.36,0.39,0.36,2026-07-24,211,N,VIIRS,n,2.0NRT,294.57,16.25,N,2026-07-24 18:07:13,2026-07-24 04:11:00,,
44.89475,-1.07785,367.0,0.39,0.36,2026-07-24,211,N,VIIRS,h,2.0NRT,359.73,48.58,N,2026-07-24 18:07:13,2026-07-24 04:11:00,,
44.8952,-1.05719,329.23,0.39,0.36,2026-07-24,211,N,VIIRS,n,2.0NRT,299.14,4.75,N,2026-07-24 18:07:13,2026-07-24 04:11:00,,
44.89536,-1.011,353.31,0.39,0.36,2026-07-24,211,N,VIIRS,n,2.0NRT,318.11,16.25,N,2026-07-24 18:07:13,2026-07-24 04:11:00,,
44.89547,-1.08278,347.09,0.39,0.36,2026-07-24,211,N,VIIRS,n,2.0NRT,304.69,48.58,N,2026-07-24 18:07:13,2026-07-24 04:11:00,,
44.89592,-1.06211,349.75,0.39,0.36,2026-07-24,211,N,VIIRS,n,2.0NRT,308.16,4.75,N,2026-07-24 18:07:13,2026-07-24 04:11:00,,
44.89608,-1.01591,353.16,0.39,0.36,2026-07-24,211,N,VIIRS,n,2.0NRT,313.67,3.92,N,2026-07-24 18:07:13,2026-07-24 04:11:00,,
44.89619,-1.08771,316.19,0.39,0.36,2026-07-24,211,N,VIIRS,n,2.0NRT,291.48,1.64,N,2026-07-24 18:07:13,2026-07-24 04:11:00,,
44.89663,-1.06703,351.95,0.39,0.36,2026-07-24,211,N,VIIRS,n,2.0NRT,327.77,52.27,N,2026-07-24 18:07:13,2026-07-24 04:11:00,,
44.8968,-1.02083,309.92,0.39,0.36,2026-07-24,211,N,VIIRS,n,2.0NRT,295.73,3.92,N,2026-07-24 18:07:13,2026-07-24 04:11:00,,
44.89735,-1.07196,343.47,0.39,0.36,2026-07-24,211,N,VIIRS,n,2.0NRT,342.48,52.27,N,2026-07-24 18:07:13,2026-07-24 04:11:00,,
44.89806,-1.07688,323.51,0.39,0.36,2026-07-24,211,N,VIIRS,n,2.0NRT,292.86,48.58,N,2026-07-24 18:07:13,2026-07-24 04:11:00,,
44.89851,-1.05623,337.68,0.39,0.36,2026-07-24,211,N,VIIRS,n,2.0NRT,302.1,13.94,N,2026-07-24 18:07:13,2026-07-24 04:11:00,,
44.89867,-1.01004,352.79,0.39,0.36,2026-07-24,211,N,VIIRS,n,2.0NRT,313.24,29.58,N,2026-07-24 18:07:13,2026-07-24 04:11:00,,
44.89878,-1.08182,306.81,0.39,0.36,2026-07-24,211,N,VIIRS,n,2.0NRT,291.36,48.58,N,2026-07-24 18:07:13,2026-07-24 04:11:00,,
44.89923,-1.06115,349.59,0.39,0.36,2026-07-24,211,N,VIIRS,n,2.0NRT,309.29,13.94,N,2026-07-24 18:07:13,2026-07-24 04:11:00,,
44.89939,-1.01495,353.46,0.39,0.36,2026-07-24,211,N,VIIRS,n,2.0NRT,319.31,12.59,N,2026-07-24 18:07:13,2026-07-24 04:11:00,,
44.89994,-1.06607,352.02,0.39,0.36,2026-07-24,211,N,VIIRS,n,2.0NRT,317.24,15.51,N,2026-07-24 18:07:13,2026-07-24 04:11:00,,
44.90066,-1.071,327.45,0.39,0.36,2026-07-24,211,N,VIIRS,n,2.0NRT,293.12,15.51,N,2026-07-24 18:07:13,2026-07-24 04:11:00,,
44.90111,-1.05035,320.31,0.39,0.36,2026-07-24,211,N,VIIRS,n,2.0NRT,295.93,3.81,N,2026-07-24 18:07:13,2026-07-24 04:11:00,,
44.90183,-1.05527,331.66,0.39,0.36,2026-07-24,211,N,VIIRS,n,2.0NRT,298.3,13.94,N,2026-07-24 18:07:13,2026-07-24 04:11:00,,
44.90255,-1.06019,347.63,0.39,0.36,2026-07-24,211,N,VIIRS,n,2.0NRT,317.33,13.94,N,2026-07-24 18:07:13,2026-07-24 04:11:00,,
44.90326,-1.06511,330.69,0.39,0.36,2026-07-24,211,N,VIIRS,n,2.0NRT,292.42,15.51,N,2026-07-24 18:07:13,2026-07-24 04:11:00,,
44.90343,-1.01891,314.74,0.39,0.36,2026-07-24,211,N,VIIRS,n,2.0NRT,294.28,12.59,N,2026-07-24 18:07:13,2026-07-24 04:11:00,,
44.90371,-1.04447,340.55,0.39,0.36,2026-07-24,211,N,VIIRS,n,2.0NRT,301.68,9.61,N,2026-07-24 18:07:13,2026-07-24 04:11:00,,
44.90442,-1.04939,367.0,0.39,0.36,2026-07-24,211,N,VIIRS,h,2.0NRT,315.55,9.61,N,2026-07-24 18:07:13,2026-07-24 04:11:00,,
44.90514,-1.05431,356.04,0.39,0.36,2026-07-24,211,N,VIIRS,n,2.0NRT,316.3,10.75,N,2026-07-24 18:07:13,2026-07-24 04:11:00,,
44.90586,-1.05923,327.04,0.39,0.36,2026-07-24,211,N,VIIRS,n,2.0NRT,293.53,10.75,N,2026-07-24 18:07:13,2026-07-24 04:11:00,,
44.90702,-1.04351,312.09,0.39,0.36,2026-07-24,211,N,VIIRS,n,2.0NRT,290.61,9.61,N,2026-07-24 18:07:13,2026-07-24 04:11:00,,
44.90774,-1.04843,356.67,0.39,0.36,2026-07-24,211,N,VIIRS,n,2.0NRT,308.45,9.61,N,2026-07-24 18:07:13,2026-07-24 04:11:00,,
44.90846,-1.05335,347.01,0.39,0.36,2026-07-24,211,N,VIIRS,n,2.0NRT,301.01,10.75,N,2026-07-24 18:07:13,2026-07-24 04:11:00,,
44.36713,-1.15713,337.29,0.6,0.7,2026-07-24,1153,N,VIIRS,n,2.0NRT,306.34,7.79,D,2026-07-24 18:07:13,2026-07-24 13:53:00,,
44.36955,-1.14994,345.31,0.6,0.7,2026-07-24,1153,N,VIIRS,n,2.0NRT,310.74,7.79,D,2026-07-24 18:07:13,2026-07-24 13:53:00,,
44.37073,-1.12468,353.86,0.6,0.7,2026-07-24,1153,N,VIIRS,n,2.0NRT,304.79,19.71,D,2026-07-24 18:07:13,2026-07-24 13:53:00,,
44.37314,-1.11751,367.0,0.6,0.7,2026-07-24,1153,N,VIIRS,h,2.0NRT,301.56,19.71,D,2026-07-24 18:07:13,2026-07-24 13:53:00,,
44.37318,-1.16095,342.23,0.6,0.7,2026-07-24,1153,N,VIIRS,n,2.0NRT,306.24,7.79,D,2026-07-24 18:07:13,2026-07-24 13:53:00,,
44.37558,-1.15379,336.93,0.6,0.7,2026-07-24,1153,N,VIIRS,n,2.0NRT,303.37,7.79,D,2026-07-24 18:07:13,2026-07-24 13:53:00,,
44.37676,-1.1285,350.92,0.6,0.7,2026-07-24,1153,N,VIIRS,n,2.0NRT,303.09,16.73,D,2026-07-24 18:07:13,2026-07-24 13:53:00,,
44.37917,-1.12136,346.26,0.6,0.7,2026-07-24,1153,N,VIIRS,n,2.0NRT,305.36,16.73,D,2026-07-24 18:07:13,2026-07-24 13:53:00,,
44.3792,-1.16486,330.95,0.6,0.7,2026-07-24,1153,N,VIIRS,n,2.0NRT,300.75,11.35,D,2026-07-24 18:07:13,2026-07-24 13:53:00,,
44.38155,-1.11424,367.0,0.6,0.7,2026-07-24,1153,N,VIIRS,h,2.0NRT,311.98,16.41,D,2026-07-24 18:07:13,2026-07-24 13:53:00,,
44.38396,-1.1071,333.07,0.6,0.7,2026-07-24,1153,N,VIIRS,n,2.0NRT,304.29,16.41,D,2026-07-24 18:07:13,2026-07-24 13:53:00,,
44.38401,-1.15053,331.88,0.6,0.7,2026-07-24,1153,N,VIIRS,l,2.0NRT,302.45,14.2,D,2026-07-24 18:07:13,2026-07-24 13:53:00,,
44.3912,-1.1291,335.47,0.6,0.7,2026-07-24,1153,N,VIIRS,l,2.0NRT,310.32,19.76,D,2026-07-24 18:07:13,2026-07-24 13:53:00,,
44.40671,-1.10463,337.62,0.59,0.7,2026-07-24,1153,N,VIIRS,l,2.0NRT,309.0,14.47,D,2026-07-24 18:07:13,2026-07-24 13:53:00,,
44.40907,-1.0976,353.19,0.59,0.7,2026-07-24,1153,N,VIIRS,n,2.0NRT,309.27,13.04,D,2026-07-24 18:07:13,2026-07-24 13:53:00,,
44.40997,-1.13451,334.76,0.6,0.7,2026-07-24,1153,N,VIIRS,l,2.0NRT,308.3,23.23,D,2026-07-24 18:07:13,2026-07-24 13:53:00,,
44.41118,-1.10942,333.76,0.59,0.7,2026-07-24,1153,N,VIIRS,l,2.0NRT,307.66,11.51,D,2026-07-24 18:07:13,2026-07-24 13:53:00,,
44.41159,-1.13372,337.08,0.6,0.7,2026-07-24,1153,N,VIIRS,l,2.0NRT,309.03,22.28,D,2026-07-24 18:07:13,2026-07-24 13:53:00,,
44.41272,-1.10848,334.56,0.59,0.7,2026-07-24,1153,N,VIIRS,l,2.0NRT,307.14,17.67,D,2026-07-24 18:07:13,2026-07-24 13:53:00,,
44.4128,-1.15196,349.72,0.6,0.7,2026-07-24,1153,N,VIIRS,n,2.0NRT,301.58,12.5,D,2026-07-24 18:07:13,2026-07-24 13:53:00,,
44.41356,-1.10241,351.67,0.59,0.7,2026-07-24,1153,N,VIIRS,n,2.0NRT,307.31,11.51,D,2026-07-24 18:07:13,2026-07-24 13:53:00,,
44.41507,-1.10145,332.34,0.59,0.7,2026-07-24,1153,N,VIIRS,l,2.0NRT,304.02,10.84,D,2026-07-24 18:07:13,2026-07-24 13:53:00,,
44.41715,-1.15652,341.68,0.6,0.7,2026-07-24,1153,N,VIIRS,n,2.0NRT,298.59,13.79,D,2026-07-24 18:07:13,2026-07-24 13:53:00,,
44.41954,-1.14947,339.33,0.6,0.7,2026-07-24,1153,N,VIIRS,n,2.0NRT,302.28,13.91,D,2026-07-24 18:07:13,2026-07-24 13:53:00,,
44.42117,-1.1488,338.58,0.6,0.7,2026-07-24,1153,N,VIIRS,n,2.0NRT,302.87,12.5,D,2026-07-24 18:07:13,2026-07-24 13:53:00,,
44.42194,-1.1424,341.29,0.6,0.7,2026-07-24,1153,N,VIIRS,n,2.0NRT,304.66,13.91,D,2026-07-24 18:07:13,2026-07-24 13:53:00,,
44.42355,-1.14168,346.29,0.6,0.7,2026-07-24,1153,N,VIIRS,n,2.0NRT,307.05,13.6,D,2026-07-24 18:07:13,2026-07-24 13:53:00,,
44.42435,-1.13532,330.02,0.59,0.7,2026-07-24,1153,N,VIIRS,n,2.0NRT,302.04,19.88,D,2026-07-24 18:07:13,2026-07-24 13:53:00,,
44.42555,-1.15337,367.0,0.6,0.7,2026-07-24,1153,N,VIIRS,h,2.0NRT,308.61,17.49,D,2026-07-24 18:07:13,2026-07-24 13:53:00,,
44.42557,-1.11017,335.14,0.59,0.7,2026-07-24,1153,N,VIIRS,l,2.0NRT,305.65,17.43,D,2026-07-24 18:07:13,2026-07-24 13:53:00,,
44.42592,-1.13456,330.26,0.6,0.7,2026-07-24,1153,N,VIIRS,n,2.0NRT,302.52,13.6,D,2026-07-24 18:07:13,2026-07-24 13:53:00,,
44.42717,-1.15273,367.0,0.6,0.7,2026-07-24,1153,N,VIIRS,h,2.0NRT,307.93,23.3,D,2026-07-24 18:07:13,2026-07-24 13:53:00,,
44.42796,-1.14629,367.0,0.6,0.7,2026-07-24,1153,N,VIIRS,h,2.0NRT,312.66,17.49,D,2026-07-24 18:07:13,2026-07-24 13:53:00,,
44.42829,-1.12746,330.48,0.59,0.7,2026-07-24,1153,N,VIIRS,n,2.0NRT,305.34,20.85,D,2026-07-24 18:07:13,2026-07-24 13:53:00,,
44.42955,-1.1456,367.0,0.6,0.7,2026-07-24,1153,N,VIIRS,h,2.0NRT,310.6,29.19,D,2026-07-24 18:07:13,2026-07-24 13:53:00,,
44.43036,-1.13921,367.0,0.59,0.7,2026-07-24,1153,N,VIIRS,h,2.0NRT,311.31,23.17,D,2026-07-24 18:07:13,2026-07-24 13:53:00,,
44.43192,-1.1385,367.0,0.6,0.7,2026-07-24,1153,N,VIIRS,h,2.0NRT,311.52,29.19,D,2026-07-24 18:07:13,2026-07-24 13:53:00,,
44.43274,-1.13216,331.53,0.59,0.7,2026-07-24,1153,N,VIIRS,n,2.0NRT,301.68,23.17,D,2026-07-24 18:07:13,2026-07-24 13:53:00,,
44.43396,-1.15019,330.77,0.6,0.7,2026-07-24,1153,N,VIIRS,n,2.0NRT,297.55,17.49,D,2026-07-24 18:07:13,2026-07-24 13:53:00,,
44.43635,-1.14312,354.55,0.59,0.7,2026-07-24,1153,N,VIIRS,n,2.0NRT,304.87,23.17,D,2026-07-24 18:07:13,2026-07-24 13:53:00,,
44.43791,-1.14243,356.22,0.6,0.7,2026-07-24,1153,N,VIIRS,n,2.0NRT,303.31,29.19,D,2026-07-24 18:07:13,2026-07-24 13:53:00,,
44.43876,-1.13603,367.0,0.59,0.7,2026-07-24,1153,N,VIIRS,h,2.0NRT,298.79,23.17,D,2026-07-24 18:07:13,2026-07-24 13:53:00,,
44.44028,-1.1353,342.39,0.59,0.7,2026-07-24,1153,N,VIIRS,n,2.0NRT,297.76,46.66,D,2026-07-24 18:07:13,2026-07-24 13:53:00,,
44.78164,-1.22136,339.2,0.58,0.7,2026-07-24,1153,N,VIIRS,n,2.0NRT,297.08,11.25,D,2026-07-24 18:07:13,2026-07-24 13:53:00,,
44.78508,-1.18959,349.75,0.58,0.7,2026-07-24,1153,N,VIIRS,n,2.0NRT,302.1,11.02,D,2026-07-24 18:07:13,2026-07-24 13:53:00,,
44.78577,-1.18535,336.12,0.58,0.7,2026-07-24,1153,N,VIIRS,n,2.0NRT,300.02,4.29,D,2026-07-24 18:07:13,2026-07-24 13:53:00,,
44.78588,-1.12272,343.3,0.58,0.7,2026-07-24,1153,N,VIIRS,n,2.0NRT,308.26,16.15,D,2026-07-24 18:07:13,2026-07-24 13:53:00,,
44.78633,-1.11822,367.0,0.58,0.7,2026-07-24,1153,N,VIIRS,h,2.0NRT,309.08,12.8,D,2026-07-24 18:07:13,2026-07-24 13:53:00,,
44.78822,-1.1158,367.0,0.58,0.7,2026-07-24,1153,N,VIIRS,h,2.0NRT,312.12,16.15,D,2026-07-24 18:07:13,2026-07-24 13:53:00,,
44.78863,-1.11128,351.55,0.58,0.7,2026-07-24,1153,N,VIIRS,n,2.0NRT,302.99,12.8,D,2026-07-24 18:07:13,2026-07-24 13:53:00,,
44.78996,-1.12904,336.85,0.58,0.7,2026-07-24,1153,N,VIIRS,n,2.0NRT,307.93,14.15,D,2026-07-24 18:07:13,2026-07-24 13:53:00,,
44.79102,-1.19353,335.84,0.58,0.7,2026-07-24,1153,N,VIIRS,n,2.0NRT,299.44,11.06,D,2026-07-24 18:07:13,2026-07-24 13:53:00,,
44.79227,-1.12208,341.82,0.58,0.7,2026-07-24,1153,N,VIIRS,n,2.0NRT,306.1,12.8,D,2026-07-24 18:07:13,2026-07-24 13:53:00,,
44.79417,-1.11963,337.61,0.58,0.7,2026-07-24,1153,N,VIIRS,n,2.0NRT,307.61,16.15,D,2026-07-24 18:07:13,2026-07-24 13:53:00,,
44.79457,-1.11513,350.65,0.58,0.7,2026-07-24,1153,N,VIIRS,n,2.0NRT,308.21,12.8,D,2026-07-24 18:07:13,2026-07-24 13:53:00,,
44.80051,-1.11902,335.4,0.58,0.7,2026-07-24,1153,N,VIIRS,l,2.0NRT,309.89,12.67,D,2026-07-24 18:07:13,2026-07-24 13:53:00,,
44.80066,-1.20805,337.14,0.58,0.7,2026-07-24,1153,N,VIIRS,n,2.0NRT,304.04,11.41,D,2026-07-24 18:07:13,2026-07-24 13:53:00,,
44.80423,-1.21904,344.94,0.58,0.7,2026-07-24,1153,N,VIIRS,n,2.0NRT,297.41,11.41,D,2026-07-24 18:07:13,2026-07-24 13:53:00,,
44.80661,-1.21193,350.34,0.58,0.7,2026-07-24,1153,N,VIIRS,n,2.0NRT,299.4,11.41,D,2026-07-24 18:07:13,2026-07-24 13:53:00,,
44.80895,-1.20497,367.0,0.58,0.7,2026-07-24,1153,N,VIIRS,h,2.0NRT,303.31,26.6,D,2026-07-24 18:07:13,2026-07-24 13:53:00,,
44.80967,-1.0913,344.89,0.58,0.69,2026-07-24,1153,N,VIIRS,n,2.0NRT,305.41,19.5,D,2026-07-24 18:07:13,2026-07-24 13:53:00,,
44.81129,-1.19802,367.0,0.58,0.7,2026-07-24,1153,N,VIIRS,h,2.0NRT,301.98,26.6,D,2026-07-24 18:07:13,2026-07-24 13:53:00,,
44.81174,-1.08893,367.0,0.58,0.69,2026-07-24,1153,N,VIIRS,h,2.0NRT,306.93,27.02,D,2026-07-24 18:07:13,2026-07-24 13:53:00,,
44.81196,-1.08438,367.0,0.58,0.69,2026-07-24,1153,N,VIIRS,h,2.0NRT,307.3,23.51,D,2026-07-24 18:07:13,2026-07-24 13:53:00,,
44.81361,-1.19109,367.0,0.58,0.7,2026-07-24,1153,N,VIIRS,h,2.0NRT,303.54,34.1,D,2026-07-24 18:07:13,2026-07-24 13:53:00,,
44.81406,-1.08206,350.27,0.57,0.69,2026-07-24,1153,N,VIIRS,n,2.0NRT,308.01,27.02,D,2026-07-24 18:07:13,2026-07-24 13:53:00,,
44.81425,-1.07746,367.0,0.57,0.69,2026-07-24,1153,N,VIIRS,h,2.0NRT,312.59,23.51,D,2026-07-24 18:07:13,2026-07-24 13:53:00,,
44.81637,-1.07517,367.0,0.57,0.69,2026-07-24,1153,N,VIIRS,h,2.0NRT,308.13,37.47,D,2026-07-24 18:07:13,2026-07-24 13:53:00,,
44.81868,-1.06832,367.0,0.57,0.69,2026-07-24,1153,N,VIIRS,h,2.0NRT,304.35,37.47,D,2026-07-24 18:07:13,2026-07-24 13:53:00,,
44.82017,-1.08132,342.34,0.57,0.69,2026-07-24,1153,N,VIIRS,n,2.0NRT,303.7,23.51,D,2026-07-24 18:07:13,2026-07-24 13:53:00,,
44.82244,-1.07443,353.15,0.57,0.69,2026-07-24,1153,N,VIIRS,n,2.0NRT,303.64,32.63,D,2026-07-24 18:07:13,2026-07-24 13:53:00,,
44.82284,-1.16361,352.07,0.58,0.7,2026-07-24,1153,N,VIIRS,n,2.0NRT,302.44,11.36,D,2026-07-24 18:07:13,2026-07-24 13:53:00,,
44.82473,-1.06752,367.0,0.57,0.69,2026-07-24,1153,N,VIIRS,h,2.0NRT,306.67,32.63,D,2026-07-24 18:07:13,2026-07-24 13:53:00,,
44.82516,-1.15669,348.05,0.58,0.7,2026-07-24,1153,N,VIIRS,n,2.0NRT,301.52,11.36,D,2026-07-24 18:07:13,2026-07-24 13:53:00,,
44.82692,-1.06526,355.7,0.57,0.69,2026-07-24,1153,N,VIIRS,n,2.0NRT,310.75,31.54,D,2026-07-24 18:07:13,2026-07-24 13:53:00,,
44.82701,-1.06059,367.0,0.57,0.69,2026-07-24,1153,N,VIIRS,h,2.0NRT,309.02,33.67,D,2026-07-24 18:07:13,2026-07-24 13:53:00,,
44.82748,-1.14976,339.99,0.58,0.7,2026-07-24,1153,N,VIIRS,n,2.0NRT,301.29,12.6,D,2026-07-24 18:07:13,2026-07-24 13:53:00,,
44.82923,-1.05838,367.0,0.57,0.69,2026-07-24,1153,N,VIIRS,h,2.0NRT,307.81,31.54,D,2026-07-24 18:07:13,2026-07-24 13:53:00,,
44.82979,-1.14287,367.0,0.58,0.7,2026-07-24,1153,N,VIIRS,h,2.0NRT,306.24,12.6,D,2026-07-24 18:07:13,2026-07-24 13:53:00,,
44.8321,-1.13597,367.0,0.58,0.7,2026-07-24,1153,N,VIIRS,h,2.0NRT,311.98,22.75,D,2026-07-24 18:07:13,2026-07-24 13:53:00,,
44.83343,-1.15362,351.71,0.58,0.7,2026-07-24,1153,N,VIIRS,n,2.0NRT,301.82,87.18,D,2026-07-24 18:07:13,2026-07-24 13:53:00,,
44.83442,-1.12905,367.0,0.58,0.69,2026-07-24,1153,N,VIIRS,h,2.0NRT,304.82,22.75,D,2026-07-24 18:07:13,2026-07-24 13:53:00,,
44.83743,-1.05545,367.0,0.57,0.69,2026-07-24,1153,N,VIIRS,h,2.0NRT,314.06,54.35,D,2026-07-24 18:07:13,2026-07-24 13:53:00,,
44.83803,-1.13988,367.0,0.58,0.7,2026-07-24,1153,N,VIIRS,l,2.0NRT,344.87,139.69,D,2026-07-24 18:07:13,2026-07-24 13:53:00,,
44.83943,-1.1573,367.0,0.58,0.7,2026-07-24,1153,N,VIIRS,h,2.0NRT,298.11,87.18,D,2026-07-24 18:07:13,2026-07-24 13:53:00,,
44.83973,-1.0486,367.0,0.57,0.69,2026-07-24,1153,N,VIIRS,h,2.0NRT,311.02,54.35,D,2026-07-24 18:07:13,2026-07-24 13:53:00,,
44.84035,-1.13293,367.0,0.58,0.69,2026-07-24,1153,N,VIIRS,h,2.0NRT,303.92,139.69,D,2026-07-24 18:07:13,2026-07-24 13:53:00,,
44.84167,-1.15059,353.27,0.58,0.7,2026-07-24,1153,N,VIIRS,n,2.0NRT,305.45,87.18,D,2026-07-24 18:07:13,2026-07-24 13:53:00,,
44.84203,-1.04173,349.22,0.57,0.69,2026-07-24,1153,N,VIIRS,n,2.0NRT,305.88,13.59,D,2026-07-24 18:07:13,2026-07-24 13:53:00,,
44.84399,-1.14368,367.0,0.58,0.7,2026-07-24,1153,N,VIIRS,h,2.0NRT,298.69,139.69,D,2026-07-24 18:07:13,2026-07-24 13:53:00,,
44.84565,-1.05243,337.07,0.57,0.69,2026-07-24,1153,N,VIIRS,n,2.0NRT,303.74,54.35,D,2026-07-24 18:07:13,2026-07-24 13:53:00,,
44.84795,-1.04553,347.75,0.57,0.69,2026-07-24,1153,N,VIIRS,n,2.0NRT,309.66,13.59,D,2026-07-24 18:07:13,2026-07-24 13:53:00,,
44.85022,-1.03875,367.0,0.57,0.69,2026-07-24,1153,N,VIIRS,h,2.0NRT,304.69,13.59,D,2026-07-24 18:07:13,2026-07-24 13:53:00,,
44.85454,-1.13372,356.87,0.58,0.69,2026-07-24,1153,N,VIIRS,n,2.0NRT,303.9,25.73,D,2026-07-24 18:07:13,2026-07-24 13:53:00,,
44.85685,-1.1268,367.0,0.58,0.69,2026-07-24,1153,N,VIIRS,h,2.0NRT,306.77,25.73,D,2026-07-24 18:07:13,2026-07-24 13:53:00,,
44.85704,-1.1702,367.0,0.58,0.7,2026-07-24,1153,N,VIIRS,h,2.0NRT,302.49,74.8,D,2026-07-24 18:07:13,2026-07-24 13:53:00,,
44.85727,-1.16886,357.02,0.58,0.7,2026-07-24,1153,N,VIIRS,n,2.0NRT,303.19,166.21,D,2026-07-24 18:07:13,2026-07-24 13:53:00,,
44.85915,-1.11991,367.0,0.58,0.69,2026-07-24,1153,N,VIIRS,h,2.0NRT,310.03,24.11,D,2026-07-24 18:07:13,2026-07-24 13:53:00,,
44.85935,-1.16339,367.0,0.58,0.7,2026-07-24,1153,N,VIIRS,h,2.0NRT,314.11,176.56,D,2026-07-24 18:07:13,2026-07-24 13:53:00,,
44.85955,-1.16205,357.19,0.58,0.7,2026-07-24,1153,N,VIIRS,n,2.0NRT,311.91,166.21,D,2026-07-24 18:07:13,2026-07-24 13:53:00,,
44.86145,-1.11301,367.0,0.57,0.69,2026-07-24,1153,N,VIIRS,h,2.0NRT,308.31,24.11,D,2026-07-24 18:07:13,2026-07-24 13:53:00,,
44.86162,-1.1567,367.0,0.58,0.69,2026-07-24,1153,N,VIIRS,h,2.0NRT,311.4,176.56,D,2026-07-24 18:07:13,2026-07-24 13:53:00,,
44.8618,-1.15529,367.0,0.58,0.7,2026-07-24,1153,N,VIIRS,h,2.0NRT,308.46,144.7,D,2026-07-24 18:07:13,2026-07-24 13:53:00,,
44.86243,-1.08848,367.0,0.57,0.69,2026-07-24,1153,N,VIIRS,h,2.0NRT,305.69,12.68,D,2026-07-24 18:07:13,2026-07-24 13:53:00,,
44.863,-1.17401,345.69,0.58,0.7,2026-07-24,1153,N,VIIRS,n,2.0NRT,302.54,74.8,D,2026-07-24 18:07:13,2026-07-24 13:53:00,,
44.86375,-1.1061,351.86,0.57,0.69,2026-07-24,1153,N,VIIRS,n,2.0NRT,318.62,44.28,D,2026-07-24 18:07:13,2026-07-24 13:53:00,,
44.86394,-1.14986,352.62,0.58,0.69,2026-07-24,1153,N,VIIRS,n,2.0NRT,319.14,114.64,D,2026-07-24 18:07:13,2026-07-24 13:53:00,,
44.86409,-1.14841,367.0,0.58,0.69,2026-07-24,1153,N,VIIRS,h,2.0NRT,316.34,144.7,D,2026-07-24 18:07:13,2026-07-24 13:53:00,,
44.86605,-1.09922,367.0,0.57,0.69,2026-07-24,1153,N,VIIRS,h,2.0NRT,316.88,44.28,D,2026-07-24 18:07:13,2026-07-24 13:53:00,,
44.86627,-1.14299,342.75,0.58,0.69,2026-07-24,1153,N,VIIRS,n,2.0NRT,300.96,114.64,D,2026-07-24 18:07:13,2026-07-24 13:53:00,,
44.86737,-1.11691,349.92,0.57,0.69,2026-07-24,1153,N,VIIRS,n,2.0NRT,306.91,24.11,D,2026-07-24 18:07:13,2026-07-24 13:53:00,,
44.86761,-1.1604,367.0,0.58,0.69,2026-07-24,1153,N,VIIRS,l,2.0NRT,328.53,176.56,D,2026-07-24 18:07:13,2026-07-24 13:53:00,,
44.86777,-1.15904,367.0,0.58,0.7,2026-07-24,1153,N,VIIRS,l,2.0NRT,332.64,144.7,D,2026-07-24 18:07:13,2026-07-24 13:53:00,,
44.86832,-1.09239,367.0,0.57,0.69,2026-07-24,1153,N,VIIRS,h,2.0NRT,304.99,28.75,D,2026-07-24 18:07:13,2026-07-24 13:53:00,,
44.86967,-1.10999,367.0,0.57,0.69,2026-07-24,1153,N,VIIRS,h,2.0NRT,317.43,44.28,D,2026-07-24 18:07:13,2026-07-24 13:53:00,,
44.86993,-1.15356,367.0,0.58,0.69,2026-07-24,1153,N,VIIRS,l,2.0NRT,332.03,114.64,D,2026-07-24 18:07:13,2026-07-24 13:53:00,,
44.87006,-1.15216,353.22,0.58,0.69,2026-07-24,1153,N,VIIRS,l,2.0NRT,329.41,144.7,D,2026-07-24 18:07:13,2026-07-24 13:53:00,,
44.87092,-1.12928,349.22,0.57,0.69,2026-07-24,1153,N,VIIRS,n,2.0NRT,306.68,21.6,D,2026-07-24 18:07:13,2026-07-24 13:53:00,,
44.87097,-1.12774,350.14,0.58,0.69,2026-07-24,1153,N,VIIRS,n,2.0NRT,307.41,15.86,D,2026-07-24 18:07:13,2026-07-24 13:53:00,,
44.87123,-1.17111,347.79,0.58,0.7,2026-07-24,1153,N,VIIRS,n,2.0NRT,295.27,19.96,D,2026-07-24 18:07:13,2026-07-24 13:53:00,,
44.87142,-1.16979,367.0,0.58,0.7,2026-07-24,1153,N,VIIRS,h,2.0NRT,296.31,34.51,D,2026-07-24 18:07:13,2026-07-24 13:53:00,,
44.87196,-1.10311,367.0,0.57,0.69,2026-07-24,1153,N,VIIRS,h,2.0NRT,312.83,44.28,D,2026-07-24 18:07:13,2026-07-24 13:53:00,,
44.87223,-1.14678,367.0,0.58,0.69,2026-07-24,1153,N,VIIRS,h,2.0NRT,299.19,114.64,D,2026-07-24 18:07:13,2026-07-24 13:53:00,,
44.87233,-1.14534,352.85,0.58,0.69,2026-07-24,1153,N,VIIRS,n,2.0NRT,299.45,92.67,D,2026-07-24 18:07:13,2026-07-24 13:53:00,,
44.87355,-1.16428,367.0,0.58,0.69,2026-07-24,1153,N,VIIRS,h,2.0NRT,296.65,19.96,D,2026-07-24 18:07:13,2026-07-24 13:53:00,,
44.8737,-1.16293,356.76,0.58,0.7,2026-07-24,1153,N,VIIRS,n,2.0NRT,298.03,32.15,D,2026-07-24 18:07:13,2026-07-24 13:53:00,,
44.87425,-1.09626,357.04,0.57,0.69,2026-07-24,1153,N,VIIRS,n,2.0NRT,308.23,28.75,D,2026-07-24 18:07:13,2026-07-24 13:53:00,,
44.87452,-1.14001,367.0,0.58,0.69,2026-07-24,1153,N,VIIRS,h,2.0NRT,304.53,21.6,D,2026-07-24 18:07:13,2026-07-24 13:53:00,,
44.87459,-1.13856,367.0,0.58,0.69,2026-07-24,1153,N,VIIRS,h,2.0NRT,305.0,92.67,D,2026-07-24 18:07:13,2026-07-24 13:53:00,,
44.87558,-1.11392,367.0,0.57,0.69,2026-07-24,1153,N,VIIRS,h,2.0NRT,308.78,19.83,D,2026-07-24 18:07:13,2026-07-24 13:53:00,,
44.87559,-1.1155,350.6,0.57,0.69,2026-07-24,1153,N,VIIRS,n,2.0NRT,307.44,21.59,D,2026-07-24 18:07:13,2026-07-24 13:53:00,,
44.87585,-1.15746,367.0,0.58,0.69,2026-07-24,1153,N,VIIRS,h,2.0NRT,297.34,40.12,D,2026-07-24 18:07:13,2026-07-24 13:53:00,,
44.87598,-1.15609,367.0,0.58,0.69,2026-07-24,1153,N,VIIRS,h,2.0NRT,298.07,32.15,D,2026-07-24 18:07:13,2026-07-24 13:53:00,,
44.87683,-1.13318,367.0,0.57,0.69,2026-07-24,1153,N,VIIRS,h,2.0NRT,305.91,21.6,D,2026-07-24 18:07:13,2026-07-24 13:53:00,,
44.87688,-1.13168,367.0,0.58,0.69,2026-07-24,1153,N,VIIRS,h,2.0NRT,304.99,15.86,D,2026-07-24 18:07:13,2026-07-24 13:53:00,,
44.87787,-1.10701,367.0,0.57,0.69,2026-07-24,1153,N,VIIRS,h,2.0NRT,313.77,19.83,D,2026-07-24 18:07:13,2026-07-24 13:53:00,,
44.87792,-1.10861,367.0,0.57,0.69,2026-07-24,1153,N,VIIRS,h,2.0NRT,312.67,36.55,D,2026-07-24 18:07:13,2026-07-24 13:53:00,,
44.87916,-1.12629,350.76,0.57,0.69,2026-07-24,1153,N,VIIRS,n,2.0NRT,308.13,21.59,D,2026-07-24 18:07:13,2026-07-24 13:53:00,,
44.87918,-1.12475,349.91,0.57,0.69,2026-07-24,1153,N,VIIRS,n,2.0NRT,307.91,15.86,D,2026-07-24 18:07:13,2026-07-24 13:53:00,,
44.88016,-1.10013,350.42,0.57,0.69,2026-07-24,1153,N,VIIRS,n,2.0NRT,311.69,24.69,D,2026-07-24 18:07:13,2026-07-24 13:53:00,,
44.88025,-1.10173,348.93,0.57,0.69,2026-07-24,1153,N,VIIRS,n,2.0NRT,310.85,36.55,D,2026-07-24 18:07:13,2026-07-24 13:53:00,,
44.8811,-1.07566,347.36,0.57,0.69,2026-07-24,1153,N,VIIRS,n,2.0NRT,311.04,12.91,D,2026-07-24 18:07:13,2026-07-24 13:53:00,,
44.88148,-1.11782,367.0,0.57,0.69,2026-07-24,1153,N,VIIRS,h,2.0NRT,306.59,19.83,D,2026-07-24 18:07:13,2026-07-24 13:53:00,,
44.88151,-1.11936,367.0,0.57,0.69,2026-07-24,1153,N,VIIRS,h,2.0NRT,307.11,21.59,D,2026-07-24 18:07:13,2026-07-24 13:53:00,,
44.88243,-1.09328,353.23,0.57,0.69,2026-07-24,1153,N,VIIRS,n,2.0NRT,312.62,24.69,D,2026-07-24 18:07:13,2026-07-24 13:53:00,,
44.88256,-1.09489,367.0,0.57,0.69,2026-07-24,1153,N,VIIRS,h,2.0NRT,313.75,37.41,D,2026-07-24 18:07:13,2026-07-24 13:53:00,,
44.88276,-1.13703,367.0,0.57,0.69,2026-07-24,1153,N,VIIRS,h,2.0NRT,301.02,45.97,D,2026-07-24 18:07:13,2026-07-24 13:53:00,,
44.88279,-1.13558,367.0,0.58,0.69,2026-07-24,1153,N,VIIRS,h,2.0NRT,302.72,134.06,D,2026-07-24 18:07:13,2026-07-24 13:53:00,,
44.88338,-1.0688,336.54,0.57,0.69,2026-07-24,1153,N,VIIRS,l,2.0NRT,309.81,12.04,D,2026-07-24 18:07:13,2026-07-24 13:53:00,,
44.88377,-1.11093,367.0,0.57,0.69,2026-07-24,1153,N,VIIRS,h,2.0NRT,310.97,19.83,D,2026-07-24 18:07:13,2026-07-24 13:53:00,,
44.88383,-1.1125,367.0,0.57,0.69,2026-07-24,1153,N,VIIRS,h,2.0NRT,309.32,36.55,D,2026-07-24 18:07:13,2026-07-24 13:53:00,,
44.88472,-1.08644,341.86,0.57,0.69,2026-07-24,1153,N,VIIRS,n,2.0NRT,308.19,24.51,D,2026-07-24 18:07:13,2026-07-24 13:53:00,,
44.88486,-1.08808,340.38,0.57,0.69,2026-07-24,1153,N,VIIRS,n,2.0NRT,307.58,37.41,D,2026-07-24 18:07:13,2026-07-24 13:53:00,,
44.88508,-1.13018,347.06,0.57,0.69,2026-07-24,1153,N,VIIRS,n,2.0NRT,316.41,59.96,D,2026-07-24 18:07:13,2026-07-24 13:53:00,,
44.88607,-1.10403,367.0,0.57,0.69,2026-07-24,1153,N,VIIRS,h,2.0NRT,321.93,24.69,D,2026-07-24 18:07:13,2026-07-24 13:53:00,,
44.88615,-1.10562,367.0,0.57,0.69,2026-07-24,1153,N,VIIRS,h,2.0NRT,321.99,36.55,D,2026-07-24 18:07:13,2026-07-24 13:53:00,,
44.88702,-1.07949,355.27,0.57,0.69,2026-07-24,1153,N,VIIRS,n,2.0NRT,314.99,24.51,D,2026-07-24 18:07:13,2026-07-24 13:53:00,,
44.88721,-1.08115,355.35,0.57,0.69,2026-07-24,1153,N,VIIRS,n,2.0NRT,314.69,26.32,D,2026-07-24 18:07:13,2026-07-24 13:53:00,,
44.8874,-1.12172,367.0,0.57,0.69,2026-07-24,1153,N,VIIRS,h,2.0NRT,302.4,71.66,D,2026-07-24 18:07:13,2026-07-24 13:53:00,,
44.88742,-1.12326,367.0,0.57,0.69,2026-07-24,1153,N,VIIRS,h,2.0NRT,303.36,59.96,D,2026-07-24 18:07:13,2026-07-24 13:53:00,,
44.88834,-1.09717,367.0,0.57,0.69,2026-07-24,1153,N,VIIRS,h,2.0NRT,313.07,24.69,D,2026-07-24 18:07:13,2026-07-24 13:53:00,,
44.88848,-1.09876,367.0,0.57,0.69,2026-07-24,1153,N,VIIRS,h,2.0NRT,313.4,37.41,D,2026-07-24 18:07:13,2026-07-24 13:53:00,,
44.88931,-1.07262,345.78,0.57,0.69,2026-07-24,1153,N,VIIRS,n,2.0NRT,313.32,13.8,D,2026-07-24 18:07:13,2026-07-24 13:53:00,,
44.88953,-1.07429,348.33,0.57,0.69,2026-07-24,1153,N,VIIRS,n,2.0NRT,313.72,26.32,D,2026-07-24 18:07:13,2026-07-24 13:53:00,,
44.88967,-1.11487,342.41,0.57,0.69,2026-07-24,1153,N,VIIRS,n,2.0NRT,303.72,71.66,D,2026-07-24 18:07:13,2026-07-24 13:53:00,,
44.88974,-1.1164,349.46,0.57,0.69,2026-07-24,1153,N,VIIRS,n,2.0NRT,302.65,163.66,D,2026-07-24 18:07:13,2026-07-24 13:53:00,,
44.89061,-1.09035,367.0,0.57,0.69,2026-07-24,1153,N,VIIRS,h,2.0NRT,323.28,24.51,D,2026-07-24 18:07:13,2026-07-24 13:53:00,,
44.89078,-1.09194,367.0,0.57,0.69,2026-07-24,1153,N,VIIRS,h,2.0NRT,323.15,37.41,D,2026-07-24 18:07:13,2026-07-24 13:53:00,,
44.89157,-1.06582,347.26,0.57,0.69,2026-07-24,1153,N,VIIRS,n,2.0NRT,310.34,13.8,D,2026-07-24 18:07:13,2026-07-24 13:53:00,,
44.89183,-1.0675,348.66,0.57,0.69,2026-07-24,1153,N,VIIRS,n,2.0NRT,310.94,15.04,D,2026-07-24 18:07:13,2026-07-24 13:53:00,,
44.89196,-1.10798,367.0,0.57,0.69,2026-07-24,1153,N,VIIRS,l,2.0NRT,342.66,306.14,D,2026-07-24 18:07:13,2026-07-24 13:53:00,,
44.89206,-1.10953,367.0,0.57,0.69,2026-07-24,1153,N,VIIRS,l,2.0NRT,342.31,163.66,D,2026-07-24 18:07:13,2026-07-24 13:53:00,,
44.8929,-1.08347,367.0,0.57,0.69,2026-07-24,1153,N,VIIRS,h,2.0NRT,321.06,24.51,D,2026-07-24 18:07:13,2026-07-24 13:53:00,,
44.8931,-1.0851,367.0,0.57,0.69,2026-07-24,1153,N,VIIRS,h,2.0NRT,321.44,26.32,D,2026-07-24 18:07:13,2026-07-24 13:53:00,,
44.89328,-1.12573,343.95,0.57,0.69,2026-07-24,1153,N,VIIRS,n,2.0NRT,299.13,71.66,D,2026-07-24 18:07:13,2026-07-24 13:53:00,,
44.89331,-1.12721,340.75,0.57,0.69,2026-07-24,1153,N,VIIRS,n,2.0NRT,298.72,59.96,D,2026-07-24 18:07:13,2026-07-24 13:53:00,,
44.89425,-1.10109,367.0,0.57,0.69,2026-07-24,1153,N,VIIRS,h,2.0NRT,346.43,306.14,D,2026-07-24 18:07:13,2026-07-24 13:53:00,,
44.89438,-1.10266,367.0,0.57,0.69,2026-07-24,1153,N,VIIRS,l,2.0NRT,353.76,380.5,D,2026-07-24 18:07:13,2026-07-24 13:53:00,,
44.8952,-1.07655,367.0,0.57,0.69,2026-07-24,1153,N,VIIRS,h,2.0NRT,315.45,13.8,D,2026-07-24 18:07:13,2026-07-24 13:53:00,,
44.89542,-1.07822,367.0,0.57,0.69,2026-07-24,1153,N,VIIRS,h,2.0NRT,317.95,26.32,D,2026-07-24 18:07:13,2026-07-24 13:53:00,,
44.89556,-1.11884,346.14,0.57,0.69,2026-07-24,1153,N,VIIRS,n,2.0NRT,303.59,71.66,D,2026-07-24 18:07:13,2026-07-24 13:53:00,,
44.89564,-1.12034,357.48,0.57,0.69,2026-07-24,1153,N,VIIRS,n,2.0NRT,302.17,163.66,D,2026-07-24 18:07:13,2026-07-24 13:53:00,,
44.89651,-1.09425,367.0,0.57,0.69,2026-07-24,1153,N,VIIRS,l,2.0NRT,331.91,267.18,D,2026-07-24 18:07:13,2026-07-24 13:53:00,,
44.89669,-1.09582,367.0,0.57,0.69,2026-07-24,1153,N,VIIRS,l,2.0NRT,335.42,380.5,D,2026-07-24 18:07:13,2026-07-24 13:53:00,,
44.8975,-1.06963,343.72,0.57,0.69,2026-07-24,1153,N,VIIRS,n,2.0NRT,308.12,13.8,D,2026-07-24 18:07:13,2026-07-24 13:53:00,,
44.89775,-1.07132,347.19,0.57,0.69,2026-07-24,1153,N,VIIRS,n,2.0NRT,308.97,15.04,D,2026-07-24 18:07:13,2026-07-24 13:53:00,,
44.89785,-1.11193,367.0,0.57,0.69,2026-07-24,1153,N,VIIRS,l,2.0NRT,330.09,306.14,D,2026-07-24 18:07:13,2026-07-24 13:53:00,,
44.89788,-1.00357,367.0,0.57,0.69,2026-07-24,1153,N,VIIRS,h,2.0NRT,308.13,18.95,D,2026-07-24 18:07:13,2026-07-24 13:53:00,,
44.89796,-1.11344,208.0,0.57,0.69,2026-07-24,1153,N,VIIRS,l,2.0NRT,321.6,163.66,D,2026-07-24 18:07:13,2026-07-24 13:53:00,,
44.89879,-1.0874,367.0,0.57,0.69,2026-07-24,1153,N,VIIRS,h,2.0NRT,338.48,267.18,D,2026-07-24 18:07:13,2026-07-24 13:53:00,,
44.899,-1.08899,367.0,0.57,0.69,2026-07-24,1153,N,VIIRS,h,2.0NRT,337.72,302.47,D,2026-07-24 18:07:13,2026-07-24 13:53:00,,
44.89919,-1.12965,344.95,0.57,0.69,2026-07-24,1153,N,VIIRS,n,2.0NRT,296.42,20.87,D,2026-07-24 18:07:13,2026-07-24 13:53:00,,
44.89923,-1.13108,343.8,0.57,0.69,2026-07-24,1153,N,VIIRS,n,2.0NRT,296.07,26.21,D,2026-07-24 18:07:13,2026-07-24 13:53:00,,
44.90003,-1.06456,336.34,0.57,0.69,2026-07-24,1153,N,VIIRS,n,2.0NRT,305.81,15.04,D,2026-07-24 18:07:13,2026-07-24 13:53:00,,
44.90014,-1.10505,367.0,0.57,0.69,2026-07-24,1153,N,VIIRS,l,2.0NRT,356.6,306.14,D,2026-07-24 18:07:13,2026-07-24 13:53:00,,
44.90015,-0.99674,332.19,0.57,0.69,2026-07-24,1153,N,VIIRS,n,2.0NRT,300.94,11.58,D,2026-07-24 18:07:13,2026-07-24 13:53:00,,
44.90028,-1.10657,367.0,0.57,0.69,2026-07-24,1153,N,VIIRS,l,2.0NRT,354.84,380.5,D,2026-07-24 18:07:13,2026-07-24 13:53:00,,
44.90108,-1.08047,367.0,0.57,0.69,2026-07-24,1153,N,VIIRS,h,2.0NRT,348.33,217.51,D,2026-07-24 18:07:13,2026-07-24 13:53:00,,
44.90132,-1.08209,367.0,0.57,0.69,2026-07-24,1153,N,VIIRS,h,2.0NRT,354.96,302.47,D,2026-07-24 18:07:13,2026-07-24 13:53:00,,
44.90146,-1.12277,367.0,0.57,0.69,2026-07-24,1153,N,VIIRS,h,2.0NRT,297.66,20.87,D,2026-07-24 18:07:13,2026-07-24 13:53:00,,
44.90152,-1.01422,367.0,0.57,0.69,2026-07-24,1153,N,VIIRS,h,2.0NRT,307.71,18.95,D,2026-07-24 18:07:13,2026-07-24 13:53:00,,
44.90154,-1.12424,367.0,0.57,0.69,2026-07-24,1153,N,VIIRS,h,2.0NRT,297.54,44.98,D,2026-07-24 18:07:13,2026-07-24 13:53:00,,
44.90232,-1.0578,331.88,0.57,0.69,2026-07-24,1153,N,VIIRS,n,2.0NRT,305.53,10.26,D,2026-07-24 18:07:13,2026-07-24 13:53:00,,
44.90242,-1.09817,367.0,0.57,0.69,2026-07-24,1153,N,VIIRS,h,2.0NRT,349.26,267.18,D,2026-07-24 18:07:13,2026-07-24 13:53:00,,
44.90259,-1.09971,367.0,0.57,0.69,2026-07-24,1153,N,VIIRS,l,2.0NRT,352.86,380.5,D,2026-07-24 18:07:13,2026-07-24 13:53:00,,
44.90337,-1.07358,367.0,0.57,0.69,2026-07-24,1153,N,VIIRS,h,2.0NRT,312.37,217.51,D,2026-07-24 18:07:13,2026-07-24 13:53:00,,
44.90364,-1.07523,367.0,0.57,0.69,2026-07-24,1153,N,VIIRS,h,2.0NRT,315.24,175.35,D,2026-07-24 18:07:13,2026-07-24 13:53:00,,
44.90375,-1.11587,349.55,0.57,0.69,2026-07-24,1153,N,VIIRS,n,2.0NRT,300.2,197.86,D,2026-07-24 18:07:13,2026-07-24 13:53:00,,
44.90386,-1.11736,355.55,0.57,0.69,2026-07-24,1153,N,VIIRS,n,2.0NRT,299.15,44.98,D,2026-07-24 18:07:13,2026-07-24 13:53:00,,
44.90459,-1.05104,332.08,0.57,0.69,2026-07-24,1153,N,VIIRS,n,2.0NRT,304.64,10.26,D,2026-07-24 18:07:13,2026-07-24 13:53:00,,
44.90469,-1.0913,367.0,0.57,0.69,2026-07-24,1153,N,VIIRS,l,2.0NRT,341.03,267.18,D,2026-07-24 18:07:13,2026-07-24 13:53:00,,
44.9049,-1.09286,367.0,0.57,0.69,2026-07-24,1153,N,VIIRS,l,2.0NRT,342.9,302.47,D,2026-07-24 18:07:13,2026-07-24 13:53:00,,
44.90563,-1.06677,354.04,0.57,0.69,2026-07-24,1153,N,VIIRS,n,2.0NRT,321.55,86.15,D,2026-07-24 18:07:13,2026-07-24 13:53:00,,
44.90593,-1.06845,367.0,0.57,0.69,2026-07-24,1153,N,VIIRS,l,2.0NRT,327.65,175.35,D,2026-07-24 18:07:13,2026-07-24 13:53:00,,
44.90603,-1.10898,208.0,0.57,0.69,2026-07-24,1153,N,VIIRS,l,2.0NRT,312.24,197.86,D,2026-07-24 18:07:13,2026-07-24 13:53:00,,
44.90618,-1.11047,208.0,0.57,0.69,2026-07-24,1153,N,VIIRS,l,2.0NRT,306.14,507.06,D,2026-07-24 18:07:13,2026-07-24 13:53:00,,
44.90688,-1.04427,337.48,0.57,0.69,2026-07-24,1153,N,VIIRS,n,2.0NRT,301.63,8.84,D,2026-07-24 18:07:13,2026-07-24 13:53:00,,
44.90697,-1.08442,367.0,0.57,0.69,2026-07-24,1153,N,VIIRS,l,2.0NRT,357.87,217.51,D,2026-07-24 18:07:13,2026-07-24 13:53:00,,
44.90722,-1.08601,367.0,0.57,0.69,2026-07-24,1153,N,VIIRS,l,2.0NRT,358.01,302.47,D,2026-07-24 18:07:13,2026-07-24 13:53:00,,
44.90788,-1.05998,367.0,0.57,0.69,2026-07-24,1153,N,VIIRS,h,2.0NRT,315.27,86.15,D,2026-07-24 18:07:13,2026-07-24 13:53:00,,
44.90821,-1.06168,367.0,0.57,0.69,2026-07-24,1153,N,VIIRS,h,2.0NRT,315.69,62.37,D,2026-07-24 18:07:13,2026-07-24 13:53:00,,
44.90831,-1.1021,287.91,0.57,0.69,2026-07-24,1153,N,VIIRS,l,2.0NRT,322.72,403.52,D,2026-07-24 18:07:13,2026-07-24 13:53:00,,
44.90923,-1.07758,367.0,0.57,0.69,2026-07-24,1153,N,VIIRS,h,2.0NRT,340.03,217.51,D,2026-07-24 18:07:13,2026-07-24 13:53:00,,
44.90951,-1.0792,367.0,0.57,0.69,2026-07-24,1153,N,VIIRS,h,2.0NRT,342.36,175.35,D,2026-07-24 18:07:13,2026-07-24 13:53:00,,
44.91012,-1.05321,367.0,0.57,0.69,2026-07-24,1153,N,VIIRS,h,2.0NRT,300.94,18.94,D,2026-07-24 18:07:13,2026-07-24 13:53:00,,
44.91048,-1.05494,349.6,0.57,0.69,2026-07-24,1153,N,VIIRS,n,2.0NRT,300.22,62.37,D,2026-07-24 18:07:13,2026-07-24 13:53:00,,
44.91057,-1.09525,208.0,0.57,0.69,2026-07-24,1153,N,VIIRS,l,2.0NRT,320.98,403.52,D,2026-07-24 18:07:13,2026-07-24 13:53:00,,
44.91148,-1.07079,354.04,0.57,0.69,2026-07-24,1153,N,VIIRS,n,2.0NRT,314.53,86.15,D,2026-07-24 18:07:13,2026-07-24 13:53:00,,
44.91179,-1.07244,367.0,0.57,0.69,2026-07-24,1153,N,VIIRS,h,2.0NRT,308.55,175.35,D,2026-07-24 18:07:13,2026-07-24 13:53:00,,
44.91238,-1.04639,335.77,0.57,0.69,2026-07-24,1153,N,VIIRS,n,2.0NRT,299.28,18.94,D,2026-07-24 18:07:13,2026-07-24 13:53:00,,
44.91277,-1.04815,338.35,0.57,0.69,2026-07-24,1153,N,VIIRS,n,2.0NRT,298.96,10.24,D,2026-07-24 18:07:13,2026-07-24 13:53:00,,
44.91284,-1.0884,367.0,0.57,0.69,2026-07-24,1153,N,VIIRS,l,2.0NRT,329.11,285.01,D,2026-07-24 18:07:13,2026-07-24 13:53:00,,
44.9131,-1.08995,291.08,0.57,0.69,2026-07-24,1153,N,VIIRS,l,2.0NRT,320.24,629.84,D,2026-07-24 18:07:13,2026-07-24 13:53:00,,
44.91374,-1.06397,344.46,0.57,0.69,2026-07-24,1153,N,VIIRS,n,2.0NRT,299.59,86.15,D,2026-07-24 18:07:13,2026-07-24 13:53:00,,
44.91408,-1.06564,338.04,0.57,0.69,2026-07-24,1153,N,VIIRS,n,2.0NRT,299.47,62.37,D,2026-07-24 18:07:13,2026-07-24 13:53:00,,
44.91511,-1.08155,367.0,0.57,0.69,2026-07-24,1153,N,VIIRS,h,2.0NRT,301.06,285.01,D,2026-07-24 18:07:13,2026-07-24 13:53:00,,
44.91539,-1.08313,367.0,0.57,0.69,2026-07-24,1153,N,VIIRS,h,2.0NRT,299.63,204.17,D,2026-07-24 18:07:13,2026-07-24 13:53:00,,
44.36623,-1.1536,357.57,0.4,0.44,2026-07-24,1333,N,VIIRS,n,2.0NRT,320.86,41.45,D,2026-07-24 18:07:13,2026-07-24 15:33:00,,
44.36668,-1.14849,367.0,0.4,0.44,2026-07-24,1333,N,VIIRS,h,2.0NRT,339.22,41.45,D,2026-07-24 18:07:13,2026-07-24 15:33:00,,
44.36713,-1.14336,351.57,0.4,0.44,2026-07-24,1333,N,VIIRS,n,2.0NRT,319.53,60.48,D,2026-07-24 18:07:13,2026-07-24 15:33:00,,
44.36989,-1.15944,367.0,0.4,0.44,2026-07-24,1333,N,VIIRS,h,2.0NRT,316.35,19.69,D,2026-07-24 18:07:13,2026-07-24 15:33:00,,
44.37034,-1.15434,356.74,0.4,0.44,2026-07-24,1333,N,VIIRS,n,2.0NRT,312.18,14.13,D,2026-07-24 18:07:13,2026-07-24 15:33:00,,
44.3708,-1.14922,346.43,0.4,0.44,2026-07-24,1333,N,VIIRS,n,2.0NRT,309.08,14.13,D,2026-07-24 18:07:13,2026-07-24 15:33:00,,
44.37306,-1.12361,367.0,0.4,0.45,2026-07-24,1333,N,VIIRS,h,2.0NRT,319.57,36.0,D,2026-07-24 18:07:13,2026-07-24 15:33:00,,
44.37352,-1.11847,367.0,0.4,0.45,2026-07-24,1333,N,VIIRS,l,2.0NRT,327.0,36.0,D,2026-07-24 18:07:13,2026-07-24 15:33:00,,
44.37397,-1.11335,367.0,0.4,0.45,2026-07-24,1333,N,VIIRS,l,2.0NRT,329.73,73.11,D,2026-07-24 18:07:13,2026-07-24 15:33:00,,
44.37401,-1.16017,367.0,0.4,0.44,2026-07-24,1333,N,VIIRS,h,2.0NRT,318.09,19.69,D,2026-07-24 18:07:13,2026-07-24 15:33:00,,
44.37442,-1.10822,352.57,0.4,0.45,2026-07-24,1333,N,VIIRS,n,2.0NRT,312.65,73.11,D,2026-07-24 18:07:13,2026-07-24 15:33:00,,
44.37719,-1.12433,367.0,0.4,0.45,2026-07-24,1333,N,VIIRS,h,2.0NRT,312.57,36.0,D,2026-07-24 18:07:13,2026-07-24 15:33:00,,
44.37722,-1.17109,342.71,0.4,0.44,2026-07-24,1333,N,VIIRS,n,2.0NRT,307.8,8.22,D,2026-07-24 18:07:13,2026-07-24 15:33:00,,
44.37764,-1.1192,352.4,0.4,0.45,2026-07-24,1333,N,VIIRS,n,2.0NRT,320.99,36.0,D,2026-07-24 18:07:13,2026-07-24 15:33:00,,
44.37767,-1.16599,367.0,0.4,0.44,2026-07-24,1333,N,VIIRS,h,2.0NRT,313.24,22.11,D,2026-07-24 18:07:13,2026-07-24 15:33:00,,
44.37809,-1.11407,354.37,0.4,0.45,2026-07-24,1333,N,VIIRS,n,2.0NRT,315.79,73.11,D,2026-07-24 18:07:13,2026-07-24 15:33:00,,
44.37855,-1.10894,345.72,0.4,0.45,2026-07-24,1333,N,VIIRS,n,2.0NRT,297.79,73.11,D,2026-07-24 18:07:13,2026-07-24 15:33:00,,
44.38223,-1.11478,367.0,0.4,0.45,2026-07-24,1333,N,VIIRS,h,2.0NRT,314.45,12.57,D,2026-07-24 18:07:13,2026-07-24 15:33:00,,
44.38268,-1.10964,351.34,0.4,0.45,2026-07-24,1333,N,VIIRS,n,2.0NRT,307.61,12.57,D,2026-07-24 18:07:13,2026-07-24 15:33:00,,
44.38316,-1.15139,351.86,0.4,0.44,2026-07-24,1333,N,VIIRS,n,2.0NRT,307.39,19.73,D,2026-07-24 18:07:13,2026-07-24 15:33:00,,
44.38681,-1.11036,352.89,0.4,0.45,2026-07-24,1333,N,VIIRS,n,2.0NRT,305.05,12.57,D,2026-07-24 18:07:13,2026-07-24 15:33:00,,
44.38726,-1.10523,340.55,0.41,0.45,2026-07-24,1333,N,VIIRS,n,2.0NRT,299.58,5.9,D,2026-07-24 18:07:13,2026-07-24 15:33:00,,
44.38957,-1.12649,348.04,0.4,0.45,2026-07-24,1333,N,VIIRS,n,2.0NRT,312.49,10.57,D,2026-07-24 18:07:13,2026-07-24 15:33:00,,
44.39369,-1.12721,345.82,0.4,0.45,2026-07-24,1333,N,VIIRS,n,2.0NRT,309.85,10.57,D,2026-07-24 18:07:13,2026-07-24 15:33:00,,
44.40057,-1.14401,347.53,0.4,0.44,2026-07-24,1333,N,VIIRS,n,2.0NRT,313.07,13.35,D,2026-07-24 18:07:13,2026-07-24 15:33:00,,
44.40379,-1.10806,343.45,0.41,0.45,2026-07-24,1333,N,VIIRS,n,2.0NRT,310.86,9.56,D,2026-07-24 18:07:13,2026-07-24 15:33:00,,
44.40561,-1.13447,347.5,0.4,0.45,2026-07-24,1333,N,VIIRS,n,2.0NRT,312.79,11.1,D,2026-07-24 18:07:13,2026-07-24 15:33:00,,
44.40839,-1.1036,348.94,0.41,0.45,2026-07-24,1333,N,VIIRS,n,2.0NRT,316.52,10.86,D,2026-07-24 18:07:13,2026-07-24 15:33:00,,
44.40885,-1.09844,342.92,0.41,0.45,2026-07-24,1333,N,VIIRS,n,2.0NRT,314.64,21.04,D,2026-07-24 18:07:13,2026-07-24 15:33:00,,
44.40974,-1.13517,348.53,0.4,0.45,2026-07-24,1333,N,VIIRS,n,2.0NRT,312.66,11.1,D,2026-07-24 18:07:13,2026-07-24 15:33:00,,
44.41206,-1.10948,344.72,0.41,0.45,2026-07-24,1333,N,VIIRS,n,2.0NRT,310.24,10.86,D,2026-07-24 18:07:13,2026-07-24 15:33:00,,
44.41248,-1.15123,347.25,0.4,0.44,2026-07-24,1333,N,VIIRS,n,2.0NRT,307.68,36.5,D,2026-07-24 18:07:13,2026-07-24 15:33:00,,
44.41252,-1.10432,358.1,0.41,0.45,2026-07-24,1333,N,VIIRS,n,2.0NRT,314.73,10.86,D,2026-07-24 18:07:13,2026-07-24 15:33:00,,
44.41298,-1.09915,367.0,0.41,0.45,2026-07-24,1333,N,VIIRS,h,2.0NRT,311.13,21.04,D,2026-07-24 18:07:13,2026-07-24 15:33:00,,
44.41387,-1.13586,346.05,0.4,0.45,2026-07-24,1333,N,VIIRS,n,2.0NRT,309.19,16.26,D,2026-07-24 18:07:13,2026-07-24 15:33:00,,
44.41433,-1.13074,350.38,0.4,0.45,2026-07-24,1333,N,VIIRS,n,2.0NRT,312.58,17.6,D,2026-07-24 18:07:13,2026-07-24 15:33:00,,
44.4166,-1.15193,354.25,0.4,0.44,2026-07-24,1333,N,VIIRS,l,2.0NRT,324.42,36.5,D,2026-07-24 18:07:13,2026-07-24 15:33:00,,
44.42032,-1.1109,340.88,0.41,0.45,2026-07-24,1333,N,VIIRS,n,2.0NRT,307.53,12.55,D,2026-07-24 18:07:13,2026-07-24 15:33:00,,
44.42073,-1.15263,355.99,0.4,0.44,2026-07-24,1333,N,VIIRS,n,2.0NRT,307.03,18.64,D,2026-07-24 18:07:13,2026-07-24 15:33:00,,
44.42119,-1.14749,343.68,0.4,0.44,2026-07-24,1333,N,VIIRS,n,2.0NRT,305.67,18.64,D,2026-07-24 18:07:13,2026-07-24 15:33:00,,
44.42166,-1.14237,347.12,0.4,0.45,2026-07-24,1333,N,VIIRS,n,2.0NRT,306.8,16.0,D,2026-07-24 18:07:13,2026-07-24 15:33:00,,
44.42445,-1.11158,367.0,0.41,0.45,2026-07-24,1333,N,VIIRS,h,2.0NRT,315.19,8.64,D,2026-07-24 18:07:13,2026-07-24 15:33:00,,
44.42485,-1.15333,367.0,0.4,0.44,2026-07-24,1333,N,VIIRS,h,2.0NRT,326.8,18.64,D,2026-07-24 18:07:13,2026-07-24 15:33:00,,
44.42532,-1.1482,367.0,0.4,0.44,2026-07-24,1333,N,VIIRS,h,2.0NRT,321.37,18.64,D,2026-07-24 18:07:13,2026-07-24 15:33:00,,
44.42579,-1.14308,367.0,0.4,0.45,2026-07-24,1333,N,VIIRS,h,2.0NRT,323.21,16.0,D,2026-07-24 18:07:13,2026-07-24 15:33:00,,
44.42625,-1.13795,348.06,0.4,0.45,2026-07-24,1333,N,VIIRS,n,2.0NRT,306.86,16.0,D,2026-07-24 18:07:13,2026-07-24 15:33:00,,
44.42719,-1.12768,346.19,0.4,0.45,2026-07-24,1333,N,VIIRS,n,2.0NRT,309.24,18.79,D,2026-07-24 18:07:13,2026-07-24 15:33:00,,
44.42859,-1.11225,338.11,0.41,0.45,2026-07-24,1333,N,VIIRS,n,2.0NRT,305.69,8.64,D,2026-07-24 18:07:13,2026-07-24 15:33:00,,
44.42898,-1.15403,353.13,0.4,0.44,2026-07-24,1333,N,VIIRS,n,2.0NRT,311.35,18.66,D,2026-07-24 18:07:13,2026-07-24 15:33:00,,
44.42944,-1.14891,355.07,0.4,0.44,2026-07-24,1333,N,VIIRS,n,2.0NRT,321.04,18.66,D,2026-07-24 18:07:13,2026-07-24 15:33:00,,
44.42991,-1.14378,357.07,0.4,0.45,2026-07-24,1333,N,VIIRS,n,2.0NRT,327.0,35.09,D,2026-07-24 18:07:13,2026-07-24 15:33:00,,
44.43038,-1.13865,356.08,0.4,0.45,2026-07-24,1333,N,VIIRS,n,2.0NRT,322.0,35.09,D,2026-07-24 18:07:13,2026-07-24 15:33:00,,
44.43085,-1.13351,367.0,0.4,0.45,2026-07-24,1333,N,VIIRS,h,2.0NRT,310.23,18.18,D,2026-07-24 18:07:13,2026-07-24 15:33:00,,
44.43132,-1.12837,353.35,0.4,0.45,2026-07-24,1333,N,VIIRS,n,2.0NRT,308.32,18.18,D,2026-07-24 18:07:13,2026-07-24 15:33:00,,
44.43179,-1.12324,344.14,0.4,0.45,2026-07-24,1333,N,VIIRS,n,2.0NRT,309.55,16.18,D,2026-07-24 18:07:13,2026-07-24 15:33:00,,
44.43357,-1.14961,341.79,0.4,0.44,2026-07-24,1333,N,VIIRS,n,2.0NRT,301.14,18.66,D,2026-07-24 18:07:13,2026-07-24 15:33:00,,
44.43404,-1.14448,367.0,0.4,0.45,2026-07-24,1333,N,VIIRS,h,2.0NRT,318.64,35.09,D,2026-07-24 18:07:13,2026-07-24 15:33:00,,
44.43451,-1.13935,350.67,0.4,0.45,2026-07-24,1333,N,VIIRS,l,2.0NRT,331.81,35.09,D,2026-07-24 18:07:13,2026-07-24 15:33:00,,
44.43498,-1.13422,367.0,0.4,0.45,2026-07-24,1333,N,VIIRS,h,2.0NRT,312.15,18.18,D,2026-07-24 18:07:13,2026-07-24 15:33:00,,
44.43545,-1.12907,342.63,0.4,0.45,2026-07-24,1333,N,VIIRS,n,2.0NRT,300.64,18.18,D,2026-07-24 18:07:13,2026-07-24 15:33:00,,
44.43816,-1.14518,344.17,0.4,0.45,2026-07-24,1333,N,VIIRS,n,2.0NRT,302.12,22.95,D,2026-07-24 18:07:13,2026-07-24 15:33:00,,
44.43863,-1.14006,354.88,0.4,0.45,2026-07-24,1333,N,VIIRS,n,2.0NRT,309.9,22.95,D,2026-07-24 18:07:13,2026-07-24 15:33:00,,
44.43911,-1.13493,350.54,0.4,0.45,2026-07-24,1333,N,VIIRS,n,2.0NRT,304.6,26.8,D,2026-07-24 18:07:13,2026-07-24 15:33:00,,
44.44052,-1.1195,343.34,0.4,0.45,2026-07-24,1333,N,VIIRS,n,2.0NRT,305.73,6.74,D,2026-07-24 18:07:13,2026-07-24 15:33:00,,
44.7811,-1.22515,340.76,0.4,0.45,2026-07-24,1333,N,VIIRS,n,2.0NRT,304.79,9.12,D,2026-07-24 18:07:13,2026-07-24 15:33:00,,
44.7813,-1.11151,338.76,0.41,0.45,2026-07-24,1333,N,VIIRS,n,2.0NRT,301.96,2.73,D,2026-07-24 18:07:13,2026-07-24 15:33:00,,
44.78155,-1.21999,341.23,0.4,0.45,2026-07-24,1333,N,VIIRS,n,2.0NRT,302.66,9.12,D,2026-07-24 18:07:13,2026-07-24 15:33:00,,
44.78177,-1.10628,330.65,0.41,0.45,2026-07-24,1333,N,VIIRS,l,2.0NRT,303.22,2.73,D,2026-07-24 18:07:13,2026-07-24 15:33:00,,
44.78232,-1.11434,342.96,0.41,0.45,2026-07-24,1333,N,VIIRS,n,2.0NRT,303.43,166.46,D,2026-07-24 18:07:13,2026-07-24 15:33:00,,
44.78277,-1.10912,351.9,0.41,0.45,2026-07-24,1333,N,VIIRS,n,2.0NRT,304.36,185.17,D,2026-07-24 18:07:13,2026-07-24 15:33:00,,
44.78321,-1.10388,334.51,0.41,0.45,2026-07-24,1333,N,VIIRS,n,2.0NRT,302.39,185.17,D,2026-07-24 18:07:13,2026-07-24 15:33:00,,
44.78336,-1.19928,352.12,0.41,0.45,2026-07-24,1333,N,VIIRS,n,2.0NRT,311.38,29.32,D,2026-07-24 18:07:13,2026-07-24 15:33:00,,
44.78382,-1.19407,367.0,0.41,0.45,2026-07-24,1333,N,VIIRS,h,2.0NRT,307.72,34.38,D,2026-07-24 18:07:13,2026-07-24 15:33:00,,
44.78478,-1.23099,341.53,0.4,0.45,2026-07-24,1333,N,VIIRS,n,2.0NRT,305.35,5.48,D,2026-07-24 18:07:13,2026-07-24 15:33:00,,
44.78523,-1.22586,349.85,0.4,0.45,2026-07-24,1333,N,VIIRS,n,2.0NRT,306.95,9.12,D,2026-07-24 18:07:13,2026-07-24 15:33:00,,
44.78556,-1.12551,344.81,0.41,0.45,2026-07-24,1333,N,VIIRS,n,2.0NRT,310.28,8.11,D,2026-07-24 18:07:13,2026-07-24 15:33:00,,
44.78563,-1.1732,336.64,0.41,0.45,2026-07-24,1333,N,VIIRS,n,2.0NRT,301.91,59.26,D,2026-07-24 18:07:13,2026-07-24 15:33:00,,
44.78568,-1.22071,367.0,0.4,0.45,2026-07-24,1333,N,VIIRS,h,2.0NRT,308.59,9.12,D,2026-07-24 18:07:13,2026-07-24 15:33:00,,
44.78601,-1.12028,367.0,0.41,0.45,2026-07-24,1333,N,VIIRS,l,2.0NRT,332.31,166.46,D,2026-07-24 18:07:13,2026-07-24 15:33:00,,
44.78613,-1.21557,350.19,0.4,0.45,2026-07-24,1333,N,VIIRS,n,2.0NRT,315.11,30.42,D,2026-07-24 18:07:13,2026-07-24 15:33:00,,
44.78646,-1.11505,367.0,0.41,0.45,2026-07-24,1333,N,VIIRS,l,2.0NRT,380.69,166.46,D,2026-07-24 18:07:13,2026-07-24 15:33:00,,
44.78658,-1.21041,346.33,0.4,0.45,2026-07-24,1333,N,VIIRS,n,2.0NRT,306.08,30.42,D,2026-07-24 18:07:13,2026-07-24 15:33:00,,
44.78691,-1.10982,367.0,0.41,0.45,2026-07-24,1333,N,VIIRS,l,2.0NRT,380.69,185.17,D,2026-07-24 18:07:13,2026-07-24 15:33:00,,
44.78704,-1.20521,340.86,0.41,0.45,2026-07-24,1333,N,VIIRS,n,2.0NRT,304.84,29.32,D,2026-07-24 18:07:13,2026-07-24 15:33:00,,
44.78737,-1.1046,367.0,0.41,0.45,2026-07-24,1333,N,VIIRS,h,2.0NRT,304.97,185.17,D,2026-07-24 18:07:13,2026-07-24 15:33:00,,
44.78749,-1.2,344.32,0.41,0.45,2026-07-24,1333,N,VIIRS,n,2.0NRT,317.0,29.32,D,2026-07-24 18:07:13,2026-07-24 15:33:00,,
44.78782,-1.09935,344.97,0.41,0.45,2026-07-24,1333,N,VIIRS,n,2.0NRT,299.19,10.22,D,2026-07-24 18:07:13,2026-07-24 15:33:00,,
44.78795,-1.19479,355.33,0.41,0.45,2026-07-24,1333,N,VIIRS,n,2.0NRT,314.25,34.38,D,2026-07-24 18:07:13,2026-07-24 15:33:00,,
44.7884,-1.1896,356.26,0.41,0.45,2026-07-24,1333,N,VIIRS,n,2.0NRT,315.84,34.38,D,2026-07-24 18:07:13,2026-07-24 15:33:00,,
44.78886,-1.18439,367.0,0.41,0.45,2026-07-24,1333,N,VIIRS,h,2.0NRT,312.46,50.61,D,2026-07-24 18:07:13,2026-07-24 15:33:00,,
44.78926,-1.13145,349.53,0.41,0.45,2026-07-24,1333,N,VIIRS,n,2.0NRT,311.1,8.92,D,2026-07-24 18:07:13,2026-07-24 15:33:00,,
44.78931,-1.17915,367.0,0.41,0.45,2026-07-24,1333,N,VIIRS,l,2.0NRT,330.22,50.61,D,2026-07-24 18:07:13,2026-07-24 15:33:00,,
44.78971,-1.12623,345.05,0.41,0.45,2026-07-24,1333,N,VIIRS,n,2.0NRT,310.35,8.92,D,2026-07-24 18:07:13,2026-07-24 15:33:00,,
44.78977,-1.17393,367.0,0.41,0.45,2026-07-24,1333,N,VIIRS,h,2.0NRT,345.65,59.26,D,2026-07-24 18:07:13,2026-07-24 15:33:00,,
44.79016,-1.121,356.72,0.41,0.45,2026-07-24,1333,N,VIIRS,n,2.0NRT,317.14,45.95,D,2026-07-24 18:07:13,2026-07-24 15:33:00,,
44.79023,-1.16871,344.09,0.41,0.45,2026-07-24,1333,N,VIIRS,n,2.0NRT,303.07,59.26,D,2026-07-24 18:07:13,2026-07-24 15:33:00,,
44.79062,-1.11578,367.0,0.41,0.45,2026-07-24,1333,N,VIIRS,h,2.0NRT,348.67,45.95,D,2026-07-24 18:07:13,2026-07-24 15:33:00,,
44.79107,-1.11054,367.0,0.41,0.45,2026-07-24,1333,N,VIIRS,l,2.0NRT,376.38,249.54,D,2026-07-24 18:07:13,2026-07-24 15:33:00,,
44.79152,-1.10531,367.0,0.41,0.45,2026-07-24,1333,N,VIIRS,h,2.0NRT,351.4,249.54,D,2026-07-24 18:07:13,2026-07-24 15:33:00,,
44.79197,-1.10007,352.28,0.41,0.45,2026-07-24,1333,N,VIIRS,n,2.0NRT,298.71,9.22,D,2026-07-24 18:07:13,2026-07-24 15:33:00,,
44.79242,-1.09483,335.68,0.41,0.45,2026-07-24,1333,N,VIIRS,n,2.0NRT,295.84,9.22,D,2026-07-24 18:07:13,2026-07-24 15:33:00,,
44.79345,-1.17989,338.12,0.41,0.45,2026-07-24,1333,N,VIIRS,n,2.0NRT,303.37,6.69,D,2026-07-24 18:07:13,2026-07-24 15:33:00,,
44.79431,-1.12173,340.67,0.41,0.45,2026-07-24,1333,N,VIIRS,n,2.0NRT,309.0,45.95,D,2026-07-24 18:07:13,2026-07-24 15:33:00,,
44.79436,-1.16945,355.44,0.41,0.45,2026-07-24,1333,N,VIIRS,n,2.0NRT,303.03,114.06,D,2026-07-24 18:07:13,2026-07-24 15:33:00,,
44.79476,-1.1165,353.53,0.41,0.45,2026-07-24,1333,N,VIIRS,n,2.0NRT,311.76,45.95,D,2026-07-24 18:07:13,2026-07-24 15:33:00,,
44.79522,-1.11126,367.0,0.41,0.45,2026-07-24,1333,N,VIIRS,l,2.0NRT,344.21,249.54,D,2026-07-24 18:07:13,2026-07-24 15:33:00,,
44.79567,-1.10602,356.26,0.41,0.45,2026-07-24,1333,N,VIIRS,n,2.0NRT,306.0,249.54,D,2026-07-24 18:07:13,2026-07-24 15:33:00,,
44.79613,-1.10079,341.57,0.41,0.45,2026-07-24,1333,N,VIIRS,n,2.0NRT,297.31,9.22,D,2026-07-24 18:07:13,2026-07-24 15:33:00,,
44.80265,-1.21844,367.0,0.4,0.45,2026-07-24,1333,N,VIIRS,h,2.0NRT,307.52,10.32,D,2026-07-24 18:07:13,2026-07-24 15:33:00,,
44.8031,-1.21329,338.16,0.4,0.45,2026-07-24,1333,N,VIIRS,n,2.0NRT,306.18,10.32,D,2026-07-24 18:07:13,2026-07-24 15:33:00,,
44.80356,-1.20811,352.8,0.41,0.45,2026-07-24,1333,N,VIIRS,n,2.0NRT,313.42,14.55,D,2026-07-24 18:07:13,2026-07-24 15:33:00,,
44.80677,-1.21915,345.86,0.4,0.45,2026-07-24,1333,N,VIIRS,n,2.0NRT,298.89,6.35,D,2026-07-24 18:07:13,2026-07-24 15:33:00,,
44.80723,-1.21401,345.89,0.4,0.45,2026-07-24,1333,N,VIIRS,n,2.0NRT,301.06,6.35,D,2026-07-24 18:07:13,2026-07-24 15:33:00,,
44.80769,-1.20883,353.12,0.41,0.45,2026-07-24,1333,N,VIIRS,n,2.0NRT,308.45,10.65,D,2026-07-24 18:07:13,2026-07-24 15:33:00,,
44.80815,-1.20364,356.28,0.41,0.45,2026-07-24,1333,N,VIIRS,n,2.0NRT,310.6,10.65,D,2026-07-24 18:07:13,2026-07-24 15:33:00,,
44.80861,-1.19844,345.73,0.41,0.45,2026-07-24,1333,N,VIIRS,n,2.0NRT,307.74,12.25,D,2026-07-24 18:07:13,2026-07-24 15:33:00,,
44.80907,-1.19323,340.28,0.41,0.45,2026-07-24,1333,N,VIIRS,n,2.0NRT,306.49,12.25,D,2026-07-24 18:07:13,2026-07-24 15:33:00,,
44.8095,-1.09245,344.18,0.41,0.45,2026-07-24,1333,N,VIIRS,n,2.0NRT,300.23,78.29,D,2026-07-24 18:07:13,2026-07-24 15:33:00,,
44.80953,-1.18802,340.26,0.41,0.45,2026-07-24,1333,N,VIIRS,n,2.0NRT,305.1,7.79,D,2026-07-24 18:07:13,2026-07-24 15:33:00,,
44.80996,-1.0872,367.0,0.41,0.45,2026-07-24,1333,N,VIIRS,h,2.0NRT,352.47,78.29,D,2026-07-24 18:07:13,2026-07-24 15:33:00,,
44.80999,-1.18281,348.86,0.41,0.45,2026-07-24,1333,N,VIIRS,n,2.0NRT,306.68,7.79,D,2026-07-24 18:07:13,2026-07-24 15:33:00,,
44.81041,-1.08194,351.44,0.41,0.45,2026-07-24,1333,N,VIIRS,l,2.0NRT,327.01,171.07,D,2026-07-24 18:07:13,2026-07-24 15:33:00,,
44.81087,-1.07669,367.0,0.41,0.45,2026-07-24,1333,N,VIIRS,h,2.0NRT,312.21,171.07,D,2026-07-24 18:07:13,2026-07-24 15:33:00,,
44.81133,-1.07143,347.48,0.41,0.45,2026-07-24,1333,N,VIIRS,n,2.0NRT,300.13,104.38,D,2026-07-24 18:07:13,2026-07-24 15:33:00,,
44.81178,-1.06618,331.96,0.41,0.45,2026-07-24,1333,N,VIIRS,n,2.0NRT,301.42,104.38,D,2026-07-24 18:07:13,2026-07-24 15:33:00,,
44.81228,-1.20435,353.44,0.41,0.45,2026-07-24,1333,N,VIIRS,n,2.0NRT,303.39,10.65,D,2026-07-24 18:07:13,2026-07-24 15:33:00,,
44.81274,-1.19916,355.0,0.41,0.45,2026-07-24,1333,N,VIIRS,n,2.0NRT,304.55,12.25,D,2026-07-24 18:07:13,2026-07-24 15:33:00,,
44.81321,-1.19396,367.0,0.41,0.45,2026-07-24,1333,N,VIIRS,h,2.0NRT,315.68,12.25,D,2026-07-24 18:07:13,2026-07-24 15:33:00,,
44.81367,-1.18875,351.59,0.41,0.45,2026-07-24,1333,N,VIIRS,n,2.0NRT,302.17,7.79,D,2026-07-24 18:07:13,2026-07-24 15:33:00,,
44.81411,-1.08793,340.93,0.41,0.45,2026-07-24,1333,N,VIIRS,n,2.0NRT,306.27,78.29,D,2026-07-24 18:07:13,2026-07-24 15:33:00,,
44.81413,-1.18353,345.46,0.41,0.45,2026-07-24,1333,N,VIIRS,n,2.0NRT,300.7,7.79,D,2026-07-24 18:07:13,2026-07-24 15:33:00,,
44.81503,-1.07741,367.0,0.41,0.45,2026-07-24,1333,N,VIIRS,h,2.0NRT,354.05,171.07,D,2026-07-24 18:07:13,2026-07-24 15:33:00,,
44.81549,-1.07215,367.0,0.41,0.45,2026-07-24,1333,N,VIIRS,l,2.0NRT,349.35,104.38,D,2026-07-24 18:07:13,2026-07-24 15:33:00,,
44.81594,-1.06688,343.01,0.41,0.45,2026-07-24,1333,N,VIIRS,n,2.0NRT,316.61,104.38,D,2026-07-24 18:07:13,2026-07-24 15:33:00,,
44.8164,-1.06162,341.05,0.41,0.45,2026-07-24,1333,N,VIIRS,n,2.0NRT,302.66,11.13,D,2026-07-24 18:07:13,2026-07-24 15:33:00,,
44.81919,-1.17376,347.69,0.41,0.45,2026-07-24,1333,N,VIIRS,n,2.0NRT,302.69,8.71,D,2026-07-24 18:07:13,2026-07-24 15:33:00,,
44.81919,-1.07813,339.61,0.41,0.45,2026-07-24,1333,N,VIIRS,n,2.0NRT,312.47,47.64,D,2026-07-24 18:07:13,2026-07-24 15:33:00,,
44.81964,-1.07286,310.22,0.41,0.45,2026-07-24,1333,N,VIIRS,l,2.0NRT,319.04,146.88,D,2026-07-24 18:07:13,2026-07-24 15:33:00,,
44.8201,-1.06759,367.0,0.41,0.45,2026-07-24,1333,N,VIIRS,l,2.0NRT,360.72,146.88,D,2026-07-24 18:07:13,2026-07-24 15:33:00,,
44.82056,-1.06233,367.0,0.41,0.45,2026-07-24,1333,N,VIIRS,h,2.0NRT,310.94,103.23,D,2026-07-24 18:07:13,2026-07-24 15:33:00,,
44.82102,-1.05707,340.82,0.41,0.45,2026-07-24,1333,N,VIIRS,n,2.0NRT,299.46,103.23,D,2026-07-24 18:07:13,2026-07-24 15:33:00,,
44.82427,-1.06831,342.97,0.41,0.45,2026-07-24,1333,N,VIIRS,n,2.0NRT,307.54,146.88,D,2026-07-24 18:07:13,2026-07-24 15:33:00,,
44.82473,-1.1588,344.14,0.41,0.45,2026-07-24,1333,N,VIIRS,n,2.0NRT,303.29,7.16,D,2026-07-24 18:07:13,2026-07-24 15:33:00,,
44.82473,-1.06305,367.0,0.41,0.45,2026-07-24,1333,N,VIIRS,h,2.0NRT,344.95,103.23,D,2026-07-24 18:07:13,2026-07-24 15:33:00,,
44.82519,-1.05779,356.61,0.41,0.45,2026-07-24,1333,N,VIIRS,n,2.0NRT,319.37,103.23,D,2026-07-24 18:07:13,2026-07-24 15:33:00,,
44.82565,-1.05251,336.61,0.41,0.45,2026-07-24,1333,N,VIIRS,n,2.0NRT,297.28,6.99,D,2026-07-24 18:07:13,2026-07-24 15:33:00,,
44.82843,-1.06903,340.23,0.41,0.45,2026-07-24,1333,N,VIIRS,n,2.0NRT,304.49,10.72,D,2026-07-24 18:07:13,2026-07-24 15:33:00,,
44.82889,-1.06378,367.0,0.41,0.45,2026-07-24,1333,N,VIIRS,l,2.0NRT,327.22,108.69,D,2026-07-24 18:07:13,2026-07-24 15:33:00,,
44.82935,-1.05851,367.0,0.41,0.45,2026-07-24,1333,N,VIIRS,h,2.0NRT,348.85,108.69,D,2026-07-24 18:07:13,2026-07-24 15:33:00,,
44.8298,-1.14908,367.0,0.41,0.45,2026-07-24,1333,N,VIIRS,h,2.0NRT,315.27,28.81,D,2026-07-24 18:07:13,2026-07-24 15:33:00,,
44.82981,-1.05323,342.79,0.41,0.45,2026-07-24,1333,N,VIIRS,n,2.0NRT,297.67,29.05,D,2026-07-24 18:07:13,2026-07-24 15:33:00,,
44.83026,-1.14384,356.62,0.41,0.45,2026-07-24,1333,N,VIIRS,n,2.0NRT,320.95,28.81,D,2026-07-24 18:07:13,2026-07-24 15:33:00,,
44.83073,-1.13861,353.34,0.41,0.45,2026-07-24,1333,N,VIIRS,n,2.0NRT,309.79,19.28,D,2026-07-24 18:07:13,2026-07-24 15:33:00,,
44.83119,-1.13338,356.3,0.41,0.45,2026-07-24,1333,N,VIIRS,n,2.0NRT,315.77,19.28,D,2026-07-24 18:07:13,2026-07-24 15:33:00,,
44.83305,-1.06449,347.37,0.41,0.45,2026-07-24,1333,N,VIIRS,n,2.0NRT,304.58,108.69,D,2026-07-24 18:07:13,2026-07-24 15:33:00,,
44.83351,-1.05921,367.0,0.41,0.45,2026-07-24,1333,N,VIIRS,h,2.0NRT,333.41,108.69,D,2026-07-24 18:07:13,2026-07-24 15:33:00,,
44.83394,-1.14978,367.0,0.41,0.45,2026-07-24,1333,N,VIIRS,h,2.0NRT,311.82,28.81,D,2026-07-24 18:07:13,2026-07-24 15:33:00,,
44.83398,-1.05392,350.43,0.41,0.45,2026-07-24,1333,N,VIIRS,n,2.0NRT,302.23,29.05,D,2026-07-24 18:07:13,2026-07-24 15:33:00,,
44.83487,-1.13931,357.84,0.41,0.45,2026-07-24,1333,N,VIIRS,n,2.0NRT,315.58,19.28,D,2026-07-24 18:07:13,2026-07-24 15:33:00,,
44.83533,-1.13409,367.0,0.41,0.45,2026-07-24,1333,N,VIIRS,h,2.0NRT,324.74,19.28,D,2026-07-24 18:07:13,2026-07-24 15:33:00,,
44.83721,-1.06519,350.11,0.41,0.45,2026-07-24,1333,N,VIIRS,n,2.0NRT,309.27,98.6,D,2026-07-24 18:07:13,2026-07-24 15:33:00,,
44.83761,-1.15578,346.18,0.41,0.45,2026-07-24,1333,N,VIIRS,n,2.0NRT,305.77,18.68,D,2026-07-24 18:07:13,2026-07-24 15:33:00,,
44.83809,-1.1505,357.19,0.41,0.45,2026-07-24,1333,N,VIIRS,n,2.0NRT,328.65,68.48,D,2026-07-24 18:07:13,2026-07-24 15:33:00,,
44.83814,-1.05462,367.0,0.41,0.45,2026-07-24,1333,N,VIIRS,h,2.0NRT,336.92,52.96,D,2026-07-24 18:07:13,2026-07-24 15:33:00,,
44.83855,-1.14524,367.0,0.41,0.45,2026-07-24,1333,N,VIIRS,h,2.0NRT,316.08,68.48,D,2026-07-24 18:07:13,2026-07-24 15:33:00,,
44.8386,-1.04935,355.62,0.41,0.45,2026-07-24,1333,N,VIIRS,n,2.0NRT,318.68,52.96,D,2026-07-24 18:07:13,2026-07-24 15:33:00,,
44.83902,-1.14002,350.84,0.41,0.45,2026-07-24,1333,N,VIIRS,l,2.0NRT,326.69,69.16,D,2026-07-24 18:07:13,2026-07-24 15:33:00,,
44.83907,-1.04407,342.88,0.41,0.45,2026-07-24,1333,N,VIIRS,n,2.0NRT,304.95,11.2,D,2026-07-24 18:07:13,2026-07-24 15:33:00,,
44.83949,-1.1348,367.0,0.41,0.45,2026-07-24,1333,N,VIIRS,l,2.0NRT,327.99,69.16,D,2026-07-24 18:07:13,2026-07-24 15:33:00,,
44.84176,-1.1565,345.88,0.41,0.45,2026-07-24,1333,N,VIIRS,n,2.0NRT,301.69,18.68,D,2026-07-24 18:07:13,2026-07-24 15:33:00,,
44.8423,-1.05534,350.76,0.41,0.45,2026-07-24,1333,N,VIIRS,n,2.0NRT,308.77,52.96,D,2026-07-24 18:07:13,2026-07-24 15:33:00,,
44.84277,-1.05007,357.3,0.41,0.45,2026-07-24,1333,N,VIIRS,n,2.0NRT,312.34,52.96,D,2026-07-24 18:07:13,2026-07-24 15:33:00,,
44.84324,-1.0448,345.46,0.41,0.45,2026-07-24,1333,N,VIIRS,n,2.0NRT,308.77,11.2,D,2026-07-24 18:07:13,2026-07-24 15:33:00,,
44.84693,-1.05079,336.93,0.41,0.45,2026-07-24,1333,N,VIIRS,n,2.0NRT,306.35,6.12,D,2026-07-24 18:07:13,2026-07-24 15:33:00,,
44.8474,-1.04552,345.29,0.41,0.45,2026-07-24,1333,N,VIIRS,n,2.0NRT,312.04,19.03,D,2026-07-24 18:07:13,2026-07-24 15:33:00,,
44.84787,-1.04021,346.25,0.41,0.45,2026-07-24,1333,N,VIIRS,n,2.0NRT,309.06,19.03,D,2026-07-24 18:07:13,2026-07-24 15:33:00,,
44.85204,-1.04092,351.63,0.41,0.45,2026-07-24,1333,N,VIIRS,l,2.0NRT,326.12,19.03,D,2026-07-24 18:07:13,2026-07-24 15:33:00,,
44.85239,-1.13174,367.0,0.41,0.45,2026-07-24,1333,N,VIIRS,l,2.0NRT,325.67,72.86,D,2026-07-24 18:07:13,2026-07-24 15:33:00,,
44.8525,-1.03562,339.46,0.41,0.45,2026-07-24,1333,N,VIIRS,n,2.0NRT,308.3,15.75,D,2026-07-24 18:07:13,2026-07-24 15:33:00,,
44.85286,-1.1265,367.0,0.41,0.45,2026-07-24,1333,N,VIIRS,l,2.0NRT,326.32,72.86,D,2026-07-24 18:07:13,2026-07-24 15:33:00,,
44.85324,-1.16915,354.79,0.41,0.45,2026-07-24,1333,N,VIIRS,n,2.0NRT,311.31,21.37,D,2026-07-24 18:07:13,2026-07-24 15:33:00,,
44.85333,-1.12126,367.0,0.41,0.45,2026-07-24,1333,N,VIIRS,l,2.0NRT,357.94,218.44,D,2026-07-24 18:07:13,2026-07-24 15:33:00,,
44.85371,-1.1639,367.0,0.41,0.45,2026-07-24,1333,N,VIIRS,h,2.0NRT,307.36,44.82,D,2026-07-24 18:07:13,2026-07-24 15:33:00,,
44.8538,-1.11602,367.0,0.41,0.45,2026-07-24,1333,N,VIIRS,l,2.0NRT,346.35,218.44,D,2026-07-24 18:07:13,2026-07-24 15:33:00,,
44.85474,-1.10551,350.57,0.41,0.45,2026-07-24,1333,N,VIIRS,n,2.0NRT,298.03,129.39,D,2026-07-24 18:07:13,2026-07-24 15:33:00,,
44.85701,-1.12722,353.87,0.41,0.45,2026-07-24,1333,N,VIIRS,n,2.0NRT,307.83,24.33,D,2026-07-24 18:07:13,2026-07-24 15:33:00,,
44.85738,-1.16986,346.98,0.41,0.45,2026-07-24,1333,N,VIIRS,n,2.0NRT,303.0,21.37,D,2026-07-24 18:07:13,2026-07-24 15:33:00,,
44.85749,-1.12198,367.0,0.41,0.45,2026-07-24,1333,N,VIIRS,h,2.0NRT,318.21,70.46,D,2026-07-24 18:07:13,2026-07-24 15:33:00,,
44.85796,-1.11673,367.0,0.41,0.45,2026-07-24,1333,N,VIIRS,l,2.0NRT,359.3,70.46,D,2026-07-24 18:07:13,2026-07-24 15:33:00,,
44.85842,-1.11149,367.0,0.41,0.45,2026-07-24,1333,N,VIIRS,h,2.0NRT,350.72,129.44,D,2026-07-24 18:07:13,2026-07-24 15:33:00,,
44.85889,-1.10624,352.77,0.41,0.45,2026-07-24,1333,N,VIIRS,n,2.0NRT,306.72,129.44,D,2026-07-24 18:07:13,2026-07-24 15:33:00,,
44.85936,-1.10099,356.1,0.41,0.45,2026-07-24,1333,N,VIIRS,n,2.0NRT,301.36,92.05,D,2026-07-24 18:07:13,2026-07-24 15:33:00,,
44.86105,-1.17582,367.0,0.41,0.45,2026-07-24,1333,N,VIIRS,h,2.0NRT,304.29,21.29,D,2026-07-24 18:07:13,2026-07-24 15:33:00,,
44.86152,-1.17059,367.0,0.41,0.45,2026-07-24,1333,N,VIIRS,h,2.0NRT,310.58,21.29,D,2026-07-24 18:07:13,2026-07-24 15:33:00,,
44.86163,-1.12269,367.0,0.41,0.45,2026-07-24,1333,N,VIIRS,h,2.0NRT,311.43,70.46,D,2026-07-24 18:07:13,2026-07-24 15:33:00,,
44.862,-1.16534,367.0,0.41,0.45,2026-07-24,1333,N,VIIRS,h,2.0NRT,312.1,19.44,D,2026-07-24 18:07:13,2026-07-24 15:33:00,,
44.86211,-1.11745,352.35,0.41,0.45,2026-07-24,1333,N,VIIRS,n,2.0NRT,317.37,70.46,D,2026-07-24 18:07:13,2026-07-24 15:33:00,,
44.86248,-1.16006,367.0,0.41,0.45,2026-07-24,1333,N,VIIRS,h,2.0NRT,312.01,19.44,D,2026-07-24 18:07:13,2026-07-24 15:33:00,,
44.86258,-1.1122,367.0,0.41,0.45,2026-07-24,1333,N,VIIRS,l,2.0NRT,328.22,129.44,D,2026-07-24 18:07:13,2026-07-24 15:33:00,,
44.86305,-1.10696,367.0,0.41,0.45,2026-07-24,1333,N,VIIRS,h,2.0NRT,333.28,129.44,D,2026-07-24 18:07:13,2026-07-24 15:33:00,,
44.86352,-1.10172,367.0,0.41,0.45,2026-07-24,1333,N,VIIRS,l,2.0NRT,327.77,92.05,D,2026-07-24 18:07:13,2026-07-24 15:33:00,,
44.86399,-1.09646,367.0,0.41,0.45,2026-07-24,1333,N,VIIRS,h,2.0NRT,330.68,92.05,D,2026-07-24 18:07:13,2026-07-24 15:33:00,,
44.86446,-1.09119,350.87,0.41,0.45,2026-07-24,1333,N,VIIRS,n,2.0NRT,318.45,92.39,D,2026-07-24 18:07:13,2026-07-24 15:33:00,,
44.86567,-1.17129,352.75,0.41,0.45,2026-07-24,1333,N,VIIRS,n,2.0NRT,311.37,21.29,D,2026-07-24 18:07:13,2026-07-24 15:33:00,,
44.86614,-1.16605,356.35,0.41,0.45,2026-07-24,1333,N,VIIRS,n,2.0NRT,310.96,19.44,D,2026-07-24 18:07:13,2026-07-24 15:33:00,,
44.86662,-1.1608,367.0,0.41,0.45,2026-07-24,1333,N,VIIRS,h,2.0NRT,316.8,19.44,D,2026-07-24 18:07:13,2026-07-24 15:33:00,,
44.86673,-1.11292,355.9,0.41,0.45,2026-07-24,1333,N,VIIRS,n,2.0NRT,306.96,23.9,D,2026-07-24 18:07:13,2026-07-24 15:33:00,,
44.86709,-1.15554,367.0,0.41,0.45,2026-07-24,1333,N,VIIRS,h,2.0NRT,324.9,36.1,D,2026-07-24 18:07:13,2026-07-24 15:33:00,,
44.86721,-1.10767,367.0,0.41,0.45,2026-07-24,1333,N,VIIRS,h,2.0NRT,312.28,23.9,D,2026-07-24 18:07:13,2026-07-24 15:33:00,,
44.86757,-1.15029,367.0,0.41,0.45,2026-07-24,1333,N,VIIRS,h,2.0NRT,312.66,36.1,D,2026-07-24 18:07:13,2026-07-24 15:33:00,,
44.86767,-1.10242,355.31,0.41,0.45,2026-07-24,1333,N,VIIRS,n,2.0NRT,320.37,109.98,D,2026-07-24 18:07:13,2026-07-24 15:33:00,,
44.86862,-1.09189,353.22,0.41,0.45,2026-07-24,1333,N,VIIRS,n,2.0NRT,298.66,36.92,D,2026-07-24 18:07:13,2026-07-24 15:33:00,,
44.87029,-1.16675,357.53,0.41,0.45,2026-07-24,1333,N,VIIRS,n,2.0NRT,307.83,29.77,D,2026-07-24 18:07:13,2026-07-24 15:33:00,,
44.87076,-1.16151,367.0,0.41,0.45,2026-07-24,1333,N,VIIRS,h,2.0NRT,318.19,29.77,D,2026-07-24 18:07:13,2026-07-24 15:33:00,,
44.87089,-1.11362,367.0,0.41,0.45,2026-07-24,1333,N,VIIRS,h,2.0NRT,315.9,23.9,D,2026-07-24 18:07:13,2026-07-24 15:33:00,,
44.87123,-1.15628,357.55,0.41,0.45,2026-07-24,1333,N,VIIRS,n,2.0NRT,320.34,40.19,D,2026-07-24 18:07:13,2026-07-24 15:33:00,,
44.87136,-1.10838,356.54,0.41,0.45,2026-07-24,1333,N,VIIRS,n,2.0NRT,313.03,23.9,D,2026-07-24 18:07:13,2026-07-24 15:33:00,,
44.87171,-1.15103,353.87,0.41,0.45,2026-07-24,1333,N,VIIRS,n,2.0NRT,305.55,40.19,D,2026-07-24 18:07:13,2026-07-24 15:33:00,,
44.8723,-1.09786,356.65,0.41,0.45,2026-07-24,1333,N,VIIRS,n,2.0NRT,303.08,109.98,D,2026-07-24 18:07:13,2026-07-24 15:33:00,,
44.87267,-1.1405,353.06,0.41,0.45,2026-07-24,1333,N,VIIRS,n,2.0NRT,305.15,27.92,D,2026-07-24 18:07:13,2026-07-24 15:33:00,,
44.87395,-1.17268,338.49,0.41,0.45,2026-07-24,1333,N,VIIRS,n,2.0NRT,303.48,17.56,D,2026-07-24 18:07:13,2026-07-24 15:33:00,,
44.87443,-1.16745,353.66,0.41,0.45,2026-07-24,1333,N,VIIRS,n,2.0NRT,307.48,29.77,D,2026-07-24 18:07:13,2026-07-24 15:33:00,,
44.8749,-1.1622,355.2,0.41,0.45,2026-07-24,1333,N,VIIRS,n,2.0NRT,302.1,29.77,D,2026-07-24 18:07:13,2026-07-24 15:33:00,,
44.87515,-1.17088,344.81,0.41,0.45,2026-07-24,1333,N,VIIRS,n,2.0NRT,308.94,50.39,D,2026-07-24 18:07:13,2026-07-24 15:33:00,,
44.87551,-1.10908,367.0,0.41,0.45,2026-07-24,1333,N,VIIRS,h,2.0NRT,308.06,23.33,D,2026-07-24 18:07:13,2026-07-24 15:33:00,,
44.8756,-1.16563,367.0,0.41,0.45,2026-07-24,1333,N,VIIRS,h,2.0NRT,298.26,23.67,D,2026-07-24 18:07:13,2026-07-24 15:33:00,,
44.87695,-1.14985,356.25,0.41,0.45,2026-07-24,1333,N,VIIRS,n,2.0NRT,303.71,19.91,D,2026-07-24 18:07:13,2026-07-24 15:33:00,,
44.8773,-1.13596,354.48,0.41,0.45,2026-07-24,1333,N,VIIRS,n,2.0NRT,303.53,23.78,D,2026-07-24 18:07:13,2026-07-24 15:33:00,,
44.8781,-1.17338,341.73,0.41,0.45,2026-07-24,1333,N,VIIRS,n,2.0NRT,299.49,15.2,D,2026-07-24 18:07:13,2026-07-24 15:33:00,,
44.87857,-1.16815,339.73,0.41,0.45,2026-07-24,1333,N,VIIRS,n,2.0NRT,296.45,12.15,D,2026-07-24 18:07:13,2026-07-24 15:33:00,,
44.87967,-1.10978,367.0,0.41,0.45,2026-07-24,1333,N,VIIRS,h,2.0NRT,309.69,23.33,D,2026-07-24 18:07:13,2026-07-24 15:33:00,,
44.88001,-1.15242,351.03,0.41,0.45,2026-07-24,1333,N,VIIRS,n,2.0NRT,302.73,11.81,D,2026-07-24 18:07:13,2026-07-24 15:33:00,,
44.88049,-1.14718,353.99,0.41,0.45,2026-07-24,1333,N,VIIRS,n,2.0NRT,300.61,17.13,D,2026-07-24 18:07:13,2026-07-24 15:33:00,,
44.88062,-1.09928,354.9,0.41,0.45,2026-07-24,1333,N,VIIRS,n,2.0NRT,312.3,31.43,D,2026-07-24 18:07:13,2026-07-24 15:33:00,,
44.8811,-1.15057,367.0,0.41,0.45,2026-07-24,1333,N,VIIRS,h,2.0NRT,304.0,19.91,D,2026-07-24 18:07:13,2026-07-24 15:33:00,,
44.8811,-1.09402,354.49,0.41,0.45,2026-07-24,1333,N,VIIRS,n,2.0NRT,313.43,24.63,D,2026-07-24 18:07:13,2026-07-24 15:33:00,,
44.88144,-1.09732,367.0,0.41,0.45,2026-07-24,1333,N,VIIRS,h,2.0NRT,316.5,23.76,D,2026-07-24 18:07:13,2026-07-24 15:33:00,,
44.88252,-1.07823,351.77,0.41,0.45,2026-07-24,1333,N,VIIRS,n,2.0NRT,315.19,18.17,D,2026-07-24 18:07:13,2026-07-24 15:33:00,,
44.883,-1.07297,347.57,0.41,0.45,2026-07-24,1333,N,VIIRS,n,2.0NRT,316.03,12.93,D,2026-07-24 18:07:13,2026-07-24 15:33:00,,
44.88383,-1.11049,367.0,0.41,0.45,2026-07-24,1333,N,VIIRS,h,2.0NRT,311.38,27.87,D,2026-07-24 18:07:13,2026-07-24 15:33:00,,
44.8843,-1.10524,367.0,0.41,0.45,2026-07-24,1333,N,VIIRS,h,2.0NRT,320.36,34.81,D,2026-07-24 18:07:13,2026-07-24 15:33:00,,
44.8847,-1.10855,367.0,0.41,0.45,2026-07-24,1333,N,VIIRS,h,2.0NRT,320.06,59.4,D,2026-07-24 18:07:13,2026-07-24 15:33:00,,
44.88478,-1.09999,367.0,0.41,0.45,2026-07-24,1333,N,VIIRS,h,2.0NRT,315.29,34.81,D,2026-07-24 18:07:13,2026-07-24 15:33:00,,
44.88515,-1.1033,367.0,0.41,0.45,2026-07-24,1333,N,VIIRS,h,2.0NRT,319.97,23.76,D,2026-07-24 18:07:13,2026-07-24 15:33:00,,
44.8856,-1.09803,367.0,0.41,0.45,2026-07-24,1333,N,VIIRS,h,2.0NRT,313.46,23.76,D,2026-07-24 18:07:13,2026-07-24 15:33:00,,
44.88607,-1.13213,354.02,0.41,0.45,2026-07-24,1333,N,VIIRS,n,2.0NRT,307.41,20.39,D,2026-07-24 18:07:13,2026-07-24 15:33:00,,
44.88655,-1.1269,367.0,0.41,0.45,2026-07-24,1333,N,VIIRS,h,2.0NRT,310.1,32.3,D,2026-07-24 18:07:13,2026-07-24 15:33:00,,
44.88661,-1.13548,355.7,0.41,0.45,2026-07-24,1333,N,VIIRS,n,2.0NRT,301.77,15.3,D,2026-07-24 18:07:13,2026-07-24 15:33:00,,
44.88668,-1.07896,353.42,0.41,0.45,2026-07-24,1333,N,VIIRS,n,2.0NRT,317.58,11.15,D,2026-07-24 18:07:13,2026-07-24 15:33:00,,
44.88702,-1.12168,355.38,0.41,0.45,2026-07-24,1333,N,VIIRS,n,2.0NRT,314.93,32.3,D,2026-07-24 18:07:13,2026-07-24 15:33:00,,
44.88706,-1.13024,367.0,0.41,0.45,2026-07-24,1333,N,VIIRS,h,2.0NRT,315.32,15.3,D,2026-07-24 18:07:13,2026-07-24 15:33:00,,
44.88764,-1.0684,350.14,0.41,0.45,2026-07-24,1333,N,VIIRS,n,2.0NRT,318.85,9.17,D,2026-07-24 18:07:13,2026-07-24 15:33:00,,
44.88798,-1.11118,355.51,0.41,0.45,2026-07-24,1333,N,VIIRS,n,2.0NRT,312.86,27.87,D,2026-07-24 18:07:13,2026-07-24 15:33:00,,
44.88846,-1.10594,367.0,0.41,0.45,2026-07-24,1333,N,VIIRS,l,2.0NRT,325.97,34.81,D,2026-07-24 18:07:13,2026-07-24 15:33:00,,
44.88886,-1.10926,355.39,0.41,0.45,2026-07-24,1333,N,VIIRS,l,2.0NRT,320.94,43.12,D,2026-07-24 18:07:13,2026-07-24 15:33:00,,
44.88894,-1.10068,367.0,0.41,0.45,2026-07-24,1333,N,VIIRS,h,2.0NRT,319.04,34.81,D,2026-07-24 18:07:13,2026-07-24 15:33:00,,
44.88931,-1.104,367.0,0.41,0.45,2026-07-24,1333,N,VIIRS,l,2.0NRT,330.36,81.42,D,2026-07-24 18:07:13,2026-07-24 15:33:00,,
44.88941,-1.09542,367.0,0.41,0.45,2026-07-24,1333,N,VIIRS,h,2.0NRT,316.63,25.25,D,2026-07-24 18:07:13,2026-07-24 15:33:00,,
44.88976,-1.09874,367.0,0.41,0.45,2026-07-24,1333,N,VIIRS,h,2.0NRT,312.56,81.42,D,2026-07-24 18:07:13,2026-07-24 15:33:00,,
44.88989,-1.09014,367.0,0.41,0.45,2026-07-24,1333,N,VIIRS,h,2.0NRT,316.43,25.25,D,2026-07-24 18:07:13,2026-07-24 15:33:00,,
44.89021,-1.09346,367.0,0.41,0.45,2026-07-24,1333,N,VIIRS,h,2.0NRT,319.09,23.51,D,2026-07-24 18:07:13,2026-07-24 15:33:00,,
44.89037,-1.08489,356.59,0.41,0.45,2026-07-24,1333,N,VIIRS,n,2.0NRT,314.5,11.15,D,2026-07-24 18:07:13,2026-07-24 15:33:00,,
44.89066,-1.08817,367.0,0.41,0.45,2026-07-24,1333,N,VIIRS,h,2.0NRT,315.68,23.51,D,2026-07-24 18:07:13,2026-07-24 15:33:00,,
44.89085,-1.07965,354.16,0.41,0.45,2026-07-24,1333,N,VIIRS,n,2.0NRT,313.26,11.15,D,2026-07-24 18:07:13,2026-07-24 15:33:00,,
44.89111,-1.08291,367.0,0.41,0.45,2026-07-24,1333,N,VIIRS,h,2.0NRT,314.41,18.89,D,2026-07-24 18:07:13,2026-07-24 15:33:00,,
44.89121,-1.13095,349.91,0.41,0.45,2026-07-24,1333,N,VIIRS,n,2.0NRT,296.22,15.3,D,2026-07-24 18:07:13,2026-07-24 15:33:00,,
44.89132,-1.0744,349.51,0.41,0.45,2026-07-24,1333,N,VIIRS,n,2.0NRT,316.82,9.17,D,2026-07-24 18:07:13,2026-07-24 15:33:00,,
44.8918,-1.06912,351.55,0.41,0.45,2026-07-24,1333,N,VIIRS,n,2.0NRT,319.35,9.17,D,2026-07-24 18:07:13,2026-07-24 15:33:00,,
44.89256,-1.11521,355.41,0.41,0.45,2026-07-24,1333,N,VIIRS,l,2.0NRT,311.8,43.12,D,2026-07-24 18:07:13,2026-07-24 15:33:00,,
44.89301,-1.10995,367.0,0.41,0.45,2026-07-24,1333,N,VIIRS,l,2.0NRT,334.14,43.12,D,2026-07-24 18:07:13,2026-07-24 15:33:00,,
44.89325,-1.00798,340.68,0.41,0.45,2026-07-24,1333,N,VIIRS,n,2.0NRT,314.96,6.69,D,2026-07-24 18:07:13,2026-07-24 15:33:00,,
44.89338,-1.00481,354.3,0.41,0.45,2026-07-24,1333,N,VIIRS,n,2.0NRT,320.28,13.0,D,2026-07-24 18:07:13,2026-07-24 15:33:00,,
44.89347,-1.1047,367.0,0.41,0.45,2026-07-24,1333,N,VIIRS,h,2.0NRT,345.22,81.42,D,2026-07-24 18:07:13,2026-07-24 15:33:00,,
44.8937,-1.00266,367.0,0.42,0.45,2026-07-24,1333,N,VIIRS,h,2.0NRT,322.51,6.69,D,2026-07-24 18:07:13,2026-07-24 15:33:00,,
44.89385,-0.99951,343.2,0.41,0.45,2026-07-24,1333,N,VIIRS,n,2.0NRT,314.75,26.63,D,2026-07-24 18:07:13,2026-07-24 15:33:00,,
44.89437,-1.09416,367.0,0.41,0.45,2026-07-24,1333,N,VIIRS,h,2.0NRT,315.92,23.51,D,2026-07-24 18:07:13,2026-07-24 15:33:00,,
44.89482,-1.08888,367.0,0.41,0.45,2026-07-24,1333,N,VIIRS,h,2.0NRT,313.11,23.51,D,2026-07-24 18:07:13,2026-07-24 15:33:00,,
44.89528,-1.0836,367.0,0.41,0.45,2026-07-24,1333,N,VIIRS,h,2.0NRT,311.62,18.89,D,2026-07-24 18:07:13,2026-07-24 15:33:00,,
44.89573,-1.07835,355.95,0.41,0.45,2026-07-24,1333,N,VIIRS,l,2.0NRT,309.9,18.89,D,2026-07-24 18:07:13,2026-07-24 15:33:00,,
44.89627,-1.12115,367.0,0.41,0.45,2026-07-24,1333,N,VIIRS,l,2.0NRT,330.35,86.19,D,2026-07-24 18:07:13,2026-07-24 15:33:00,,
44.89672,-1.11591,367.0,0.41,0.45,2026-07-24,1333,N,VIIRS,h,2.0NRT,313.38,25.73,D,2026-07-24 18:07:13,2026-07-24 15:33:00,,
44.89698,-1.01403,345.62,0.41,0.45,2026-07-24,1333,N,VIIRS,n,2.0NRT,318.34,18.48,D,2026-07-24 18:07:13,2026-07-24 15:33:00,,
44.89707,-1.01084,342.87,0.41,0.45,2026-07-24,1333,N,VIIRS,l,2.0NRT,313.91,13.0,D,2026-07-24 18:07:13,2026-07-24 15:33:00,,
44.89717,-1.11066,367.0,0.41,0.45,2026-07-24,1333,N,VIIRS,h,2.0NRT,315.1,25.73,D,2026-07-24 18:07:13,2026-07-24 15:33:00,,
44.89743,-1.00869,339.02,0.41,0.45,2026-07-24,1333,N,VIIRS,n,2.0NRT,311.12,120.14,D,2026-07-24 18:07:13,2026-07-24 15:33:00,,
44.89755,-1.00552,348.19,0.41,0.45,2026-07-24,1333,N,VIIRS,n,2.0NRT,317.73,13.0,D,2026-07-24 18:07:13,2026-07-24 15:33:00,,
44.89762,-1.1054,367.0,0.41,0.45,2026-07-24,1333,N,VIIRS,l,2.0NRT,336.4,55.56,D,2026-07-24 18:07:13,2026-07-24 15:33:00,,
44.89788,-1.00337,367.0,0.42,0.45,2026-07-24,1333,N,VIIRS,l,2.0NRT,340.06,120.14,D,2026-07-24 18:07:13,2026-07-24 15:33:00,,
44.89803,-1.00021,353.5,0.41,0.45,2026-07-24,1333,N,VIIRS,l,2.0NRT,335.14,26.63,D,2026-07-24 18:07:13,2026-07-24 15:33:00,,
44.89808,-1.10014,367.0,0.41,0.45,2026-07-24,1333,N,VIIRS,h,2.0NRT,342.13,55.56,D,2026-07-24 18:07:13,2026-07-24 15:33:00,,
44.89833,-0.99805,342.84,0.42,0.45,2026-07-24,1333,N,VIIRS,n,2.0NRT,313.91,53.47,D,2026-07-24 18:07:13,2026-07-24 15:33:00,,
44.89853,-1.09487,357.01,0.41,0.45,2026-07-24,1333,N,VIIRS,l,2.0NRT,320.62,37.75,D,2026-07-24 18:07:13,2026-07-24 15:33:00,,
44.89898,-1.08959,367.0,0.41,0.45,2026-07-24,1333,N,VIIRS,h,2.0NRT,320.0,37.75,D,2026-07-24 18:07:13,2026-07-24 15:33:00,,
44.89944,-1.08433,355.99,0.41,0.45,2026-07-24,1333,N,VIIRS,l,2.0NRT,318.65,26.5,D,2026-07-24 18:07:13,2026-07-24 15:33:00,,
44.89989,-1.07907,367.0,0.41,0.45,2026-07-24,1333,N,VIIRS,h,2.0NRT,313.62,26.5,D,2026-07-24 18:07:13,2026-07-24 15:33:00,,
44.90042,-1.12186,356.15,0.41,0.45,2026-07-24,1333,N,VIIRS,n,2.0NRT,312.56,86.19,D,2026-07-24 18:07:13,2026-07-24 15:33:00,,
44.90088,-1.11661,367.0,0.41,0.45,2026-07-24,1333,N,VIIRS,h,2.0NRT,318.39,25.73,D,2026-07-24 18:07:13,2026-07-24 15:33:00,,
44.90115,-1.01473,348.74,0.41,0.45,2026-07-24,1333,N,VIIRS,n,2.0NRT,317.45,18.48,D,2026-07-24 18:07:13,2026-07-24 15:33:00,,
44.90133,-1.11136,367.0,0.41,0.45,2026-07-24,1333,N,VIIRS,h,2.0NRT,315.66,25.73,D,2026-07-24 18:07:13,2026-07-24 15:33:00,,
44.90178,-1.1061,357.04,0.41,0.45,2026-07-24,1333,N,VIIRS,l,2.0NRT,321.71,55.56,D,2026-07-24 18:07:13,2026-07-24 15:33:00,,
44.90206,-1.00408,367.0,0.42,0.45,2026-07-24,1333,N,VIIRS,l,2.0NRT,367.48,120.14,D,2026-07-24 18:07:13,2026-07-24 15:33:00,,
44.90224,-1.10084,356.45,0.41,0.45,2026-07-24,1333,N,VIIRS,l,2.0NRT,325.92,55.56,D,2026-07-24 18:07:13,2026-07-24 15:33:00,,
44.90251,-0.99877,344.35,0.42,0.45,2026-07-24,1333,N,VIIRS,n,2.0NRT,311.06,53.47,D,2026-07-24 18:07:13,2026-07-24 15:33:00,,
44.90269,-1.09557,367.0,0.41,0.45,2026-07-24,1333,N,VIIRS,h,2.0NRT,324.46,37.75,D,2026-07-24 18:07:13,2026-07-24 15:33:00,,
44.90314,-1.09031,367.0,0.41,0.45,2026-07-24,1333,N,VIIRS,h,2.0NRT,312.17,37.75,D,2026-07-24 18:07:13,2026-07-24 15:33:00,,
44.9036,-1.08505,357.42,0.41,0.45,2026-07-24,1333,N,VIIRS,l,2.0NRT,316.86,26.5,D,2026-07-24 18:07:13,2026-07-24 15:33:00,,
44.90405,-1.07978,355.91,0.41,0.45,2026-07-24,1333,N,VIIRS,l,2.0NRT,309.67,26.5,D,2026-07-24 18:07:13,2026-07-24 15:33:00,,
44.90451,-1.0745,367.0,0.41,0.45,2026-07-24,1333,N,VIIRS,h,2.0NRT,313.88,20.42,D,2026-07-24 18:07:13,2026-07-24 15:33:00,,
44.90458,-1.12256,344.11,0.41,0.45,2026-07-24,1333,N,VIIRS,n,2.0NRT,299.96,13.59,D,2026-07-24 18:07:13,2026-07-24 15:33:00,,
44.90496,-1.0692,367.0,0.41,0.45,2026-07-24,1333,N,VIIRS,h,2.0NRT,318.1,20.42,D,2026-07-24 18:07:13,2026-07-24 15:33:00,,
44.90503,-1.11732,348.32,0.41,0.45,2026-07-24,1333,N,VIIRS,n,2.0NRT,323.16,63.49,D,2026-07-24 18:07:13,2026-07-24 15:33:00,,
44.90533,-1.01544,346.62,0.41,0.45,2026-07-24,1333,N,VIIRS,n,2.0NRT,310.57,25.44,D,2026-07-24 18:07:13,2026-07-24 15:33:00,,
44.90542,-1.06391,355.62,0.41,0.45,2026-07-24,1333,N,VIIRS,l,2.0NRT,316.82,68.13,D,2026-07-24 18:07:13,2026-07-24 15:33:00,,
44.90549,-1.11206,354.01,0.41,0.45,2026-07-24,1333,N,VIIRS,l,2.0NRT,329.14,63.49,D,2026-07-24 18:07:13,2026-07-24 15:33:00,,
44.90578,-1.01012,348.0,0.41,0.45,2026-07-24,1333,N,VIIRS,n,2.0NRT,303.0,10.13,D,2026-07-24 18:07:13,2026-07-24 15:33:00,,
44.90594,-1.1068,356.64,0.41,0.45,2026-07-24,1333,N,VIIRS,n,2.0NRT,319.78,34.85,D,2026-07-24 18:07:13,2026-07-24 15:33:00,,
44.90624,-1.00479,342.34,0.42,0.45,2026-07-24,1333,N,VIIRS,n,2.0NRT,301.48,10.13,D,2026-07-24 18:07:13,2026-07-24 15:33:00,,
44.90633,-1.05328,367.0,0.41,0.45,2026-07-24,1333,N,VIIRS,l,2.0NRT,331.72,59.27,D,2026-07-24 18:07:13,2026-07-24 15:33:00,,
44.9064,-1.10154,355.99,0.41,0.45,2026-07-24,1333,N,VIIRS,l,2.0NRT,316.68,34.85,D,2026-07-24 18:07:13,2026-07-24 15:33:00,,
44.90678,-1.04798,356.93,0.41,0.45,2026-07-24,1333,N,VIIRS,n,2.0NRT,316.05,59.27,D,2026-07-24 18:07:13,2026-07-24 15:33:00,,
44.90685,-1.09628,352.7,0.41,0.45,2026-07-24,1333,N,VIIRS,l,2.0NRT,331.28,38.03,D,2026-07-24 18:07:13,2026-07-24 15:33:00,,
44.90731,-1.09101,367.0,0.41,0.45,2026-07-24,1333,N,VIIRS,h,2.0NRT,319.96,38.03,D,2026-07-24 18:07:13,2026-07-24 15:33:00,,
44.90776,-1.08574,356.95,0.41,0.45,2026-07-24,1333,N,VIIRS,l,2.0NRT,318.64,29.19,D,2026-07-24 18:07:13,2026-07-24 15:33:00,,
44.90822,-1.08046,367.0,0.41,0.45,2026-07-24,1333,N,VIIRS,h,2.0NRT,312.19,29.19,D,2026-07-24 18:07:13,2026-07-24 15:33:00,,
44.90868,-1.07517,356.53,0.41,0.45,2026-07-24,1333,N,VIIRS,n,2.0NRT,322.65,53.31,D,2026-07-24 18:07:13,2026-07-24 15:33:00,,
44.90905,-1.02146,347.18,0.41,0.45,2026-07-24,1333,N,VIIRS,n,2.0NRT,306.08,25.44,D,2026-07-24 18:07:13,2026-07-24 15:33:00,,
44.90913,-1.06988,354.29,0.41,0.45,2026-07-24,1333,N,VIIRS,l,2.0NRT,333.84,53.31,D,2026-07-24 18:07:13,2026-07-24 15:33:00,,
44.90959,-1.06457,355.81,0.41,0.45,2026-07-24,1333,N,VIIRS,l,2.0NRT,333.76,109.9,D,2026-07-24 18:07:13,2026-07-24 15:33:00,,
44.90964,-1.11278,352.03,0.41,0.45,2026-07-24,1333,N,VIIRS,l,2.0NRT,328.07,63.49,D,2026-07-24 18:07:13,2026-07-24 15:33:00,,
44.91005,-1.05927,367.0,0.41,0.45,2026-07-24,1333,N,VIIRS,l,2.0NRT,327.61,109.9,D,2026-07-24 18:07:13,2026-07-24 15:33:00,,
44.9101,-1.10752,367.0,0.41,0.45,2026-07-24,1333,N,VIIRS,h,2.0NRT,321.51,34.85,D,2026-07-24 18:07:13,2026-07-24 15:33:00,,
44.9105,-1.05397,367.0,0.41,0.45,2026-07-24,1333,N,VIIRS,h,2.0NRT,352.28,85.43,D,2026-07-24 18:07:13,2026-07-24 15:33:00,,
44.91056,-1.10225,367.0,0.41,0.45,2026-07-24,1333,N,VIIRS,h,2.0NRT,315.96,34.85,D,2026-07-24 18:07:13,2026-07-24 15:33:00,,
44.91096,-1.04867,353.64,0.41,0.45,2026-07-24,1333,N,VIIRS,n,2.0NRT,313.34,85.43,D,2026-07-24 18:07:13,2026-07-24 15:33:00,,
44.91101,-1.09697,367.0,0.41,0.45,2026-07-24,1333,N,VIIRS,h,2.0NRT,323.33,38.03,D,2026-07-24 18:07:13,2026-07-24 15:33:00,,
44.91147,-1.0917,367.0,0.41,0.45,2026-07-24,1333,N,VIIRS,h,2.0NRT,317.08,38.03,D,2026-07-24 18:07:13,2026-07-24 15:33:00,,
44.91193,-1.08642,367.0,0.41,0.45,2026-07-24,1333,N,VIIRS,h,2.0NRT,317.21,29.19,D,2026-07-24 18:07:13,2026-07-24 15:33:00,,
44.91238,-1.08114,355.69,0.41,0.45,2026-07-24,1333,N,VIIRS,n,2.0NRT,325.7,29.19,D,2026-07-24 18:07:13,2026-07-24 15:33:00,,
44.91284,-1.07585,352.08,0.41,0.45,2026-07-24,1333,N,VIIRS,l,2.0NRT,329.94,53.31,D,2026-07-24 18:07:13,2026-07-24 15:33:00,,
44.9133,-1.07056,367.0,0.41,0.45,2026-07-24,1333,N,VIIRS,h,2.0NRT,343.95,53.31,D,2026-07-24 18:07:13,2026-07-24 15:33:00,,
44.91375,-1.06526,367.0,0.41,0.45,2026-07-24,1333,N,VIIRS,h,2.0NRT,363.04,109.9,D,2026-07-24 18:07:13,2026-07-24 15:33:00,,
44.9138,-1.11348,367.0,0.41,0.45,2026-07-24,1333,N,VIIRS,h,2.0NRT,331.38,86.98,D,2026-07-24 18:07:13,2026-07-24 15:33:00,,
44.91421,-1.05997,367.0,0.41,0.45,2026-07-24,1333,N,VIIRS,h,2.0NRT,349.32,109.9,D,2026-07-24 18:07:13,2026-07-24 15:33:00,,
44.91425,-1.10822,350.59,0.41,0.45,2026-07-24,1333,N,VIIRS,l,2.0NRT,329.34,84.43,D,2026-07-24 18:07:13,2026-07-24 15:33:00,,
44.91467,-1.05468,356.44,0.41,0.45,2026-07-24,1333,N,VIIRS,n,2.0NRT,310.48,85.43,D,2026-07-24 18:07:13,2026-07-24 15:33:00,,
44.91471,-1.10296,354.46,0.41,0.45,2026-07-24,1333,N,VIIRS,n,2.0NRT,328.68,84.43,D,2026-07-24 18:07:13,2026-07-24 15:33:00,,
44.91517,-1.09769,367.0,0.41,0.45,2026-07-24,1333,N,VIIRS,l,2.0NRT,326.61,90.02,D,2026-07-24 18:07:13,2026-07-24 15:33:00,,
44.91563,-1.09241,367.0,0.41,0.45,2026-07-24,1333,N,VIIRS,l,2.0NRT,337.36,90.02,D,2026-07-24 18:07:13,2026-07-24 15:33:00,,
44.91609,-1.08713,354.77,0.41,0.45,2026-07-24,1333,N,VIIRS,n,2.0NRT,321.62,103.82,D,2026-07-24 18:07:13,2026-07-24 15:33:00,,
44.91654,-1.08184,367.0,0.41,0.45,2026-07-24,1333,N,VIIRS,l,2.0NRT,331.59,103.82,D,2026-07-24 18:07:13,2026-07-24 15:33:00,,
44.917,-1.07656,367.0,0.41,0.45,2026-07-24,1333,N,VIIRS,h,2.0NRT,342.92,188.5,D,2026-07-24 18:07:13,2026-07-24 15:33:00,,
44.91746,-1.07128,367.0,0.41,0.45,2026-07-24,1333,N,VIIRS,h,2.0NRT,343.0,188.5,D,2026-07-24 18:07:13,2026-07-24 15:33:00,,
44.91792,-1.06599,367.0,0.41,0.45,2026-07-24,1333,N,VIIRS,h,2.0NRT,341.74,110.36,D,2026-07-24 18:07:13,2026-07-24 15:33:00,,
44.91796,-1.11419,355.43,0.41,0.45,2026-07-24,1333,N,VIIRS,n,2.0NRT,298.77,86.98,D,2026-07-24 18:07:13,2026-07-24 15:33:00,,
44.91837,-1.0607,367.0,0.41,0.45,2026-07-24,1333,N,VIIRS,h,2.0NRT,301.32,110.36,D,2026-07-24 18:07:13,2026-07-24 15:33:00,,
44.91887,-1.10367,367.0,0.41,0.45,2026-07-24,1333,N,VIIRS,l,2.0NRT,328.48,84.43,D,2026-07-24 18:07:13,2026-07-24 15:33:00,,
44.91933,-1.0984,355.23,0.41,0.45,2026-07-24,1333,N,VIIRS,n,2.0NRT,319.85,90.02,D,2026-07-24 18:07:13,2026-07-24 15:33:00,,
44.91979,-1.09313,367.0,0.41,0.45,2026-07-24,1333,N,VIIRS,l,2.0NRT,370.46,90.02,D,2026-07-24 18:07:13,2026-07-24 15:33:00,,
44.92025,-1.08785,367.0,0.41,0.45,2026-07-24,1333,N,VIIRS,h,2.0NRT,348.06,103.82,D,2026-07-24 18:07:13,2026-07-24 15:33:00,,
44.92071,-1.08256,367.0,0.41,0.45,2026-07-24,1333,N,VIIRS,h,2.0NRT,334.09,103.82,D,2026-07-24 18:07:13,2026-07-24 15:33:00,,
44.92117,-1.07727,208.0,0.41,0.45,2026-07-24,1333,N,VIIRS,l,2.0NRT,321.45,188.5,D,2026-07-24 18:07:13,2026-07-24 15:33:00,,
44.92208,-1.06672,367.0,0.41,0.45,2026-07-24,1333,N,VIIRS,h,2.0NRT,298.24,110.36,D,2026-07-24 18:07:13,2026-07-24 15:33:00,,
44.92303,-1.10438,367.0,0.41,0.45,2026-07-24,1333,N,VIIRS,h,2.0NRT,337.87,212.72,D,2026-07-24 18:07:13,2026-07-24 15:33:00,,
44.92349,-1.09911,350.21,0.41,0.45,2026-07-24,1333,N,VIIRS,l,2.0NRT,327.82,82.65,D,2026-07-24 18:07:13,2026-07-24 15:33:00,,
44.92395,-1.09384,367.0,0.41,0.45,2026-07-24,1333,N,VIIRS,h,2.0NRT,342.55,82.65,D,2026-07-24 18:07:13,2026-07-24 15:33:00,,
44.92441,-1.08856,367.0,0.41,0.45,2026-07-24,1333,N,VIIRS,l,2.0NRT,342.21,99.01,D,2026-07-24 18:07:13,2026-07-24 15:33:00,,
44.92487,-1.08328,352.82,0.41,0.45,2026-07-24,1333,N,VIIRS,n,2.0NRT,306.87,99.01,D,2026-07-24 18:07:13,2026-07-24 15:33:00,,
44.92765,-1.09983,347.75,0.41,0.45,2026-07-24,1333,N,VIIRS,n,2.0NRT,307.74,82.65,D,2026-07-24 18:07:13,2026-07-24 15:33:00,,
44.92811,-1.09455,352.34,0.41,0.45,2026-07-24,1333,N,VIIRS,n,2.0NRT,303.78,82.65,D,2026-07-24 18:07:13,2026-07-24 15:33:00,,
44.92857,-1.08928,349.92,0.41,0.45,2026-07-24,1333,N,VIIRS,n,2.0NRT,297.75,99.01,D,2026-07-24 18:07:13,2026-07-24 15:33:00,,
